
===== anil preflight :: 2026-08-18 00:32:55 =====
[preflight] ok: 5 seeds, device cuda, arm=anil, surface=affine, target lag 12 origins, second_order=True, warm_start=True

===== anil timing probe :: 2026-08-18 00:32:58 =====
[preflight] ok: 1 seeds, device cuda, arm=anil, surface=affine, target lag 12 origins, second_order=True, warm_start=True
[anil] seed 42 arm=anil surface=affine: warm start from results\lodo\encoder_ldo__dengue2flu-cap__seed42__ckpt.pt
    anil(42,anil) upd    10 train=0.3694 (0.1 min, 23 skipped)
seed 42: training ended before the first validation check (updates=13, val_every=20). The trunk would be a last iterate, which is the defect this arm exists to avoid. Lower --val-every or raise --outer-steps.

===== anil preflight :: 2026-08-18 14:55:19 =====
[preflight] ok: 5 seeds, device cuda, arm=anil, surface=affine, target lag 12 origins, second_order=True, warm_start=True

===== anil timing probe :: 2026-08-18 14:55:22 =====
[preflight] ok: 1 seeds, device cuda, arm=anil, surface=affine, target lag 12 origins, second_order=True, warm_start=True
[anil] seed 42 arm=anil surface=affine: warm start from results\lodo\encoder_ldo__dengue2flu-cap__seed42__ckpt.pt
    anil(42,anil) upd    10 train=0.3693 (0.1 min, 23 skipped)
    anil(42,anil) upd    20 val=0.3531 best=0.3531 (0.1 min)
    anil(42,anil) upd    30 train=0.3303 (0.2 min, 89 skipped)

==============================================================================
episodes drawn  : 120  ->  30 usable updates (90 skipped, 75%)
outer update    : 0.398 s   (3.3x a trunk step)
NOTE --outer-steps counts EPISODES DRAWN, not updates. At the observed skip rate, N steps yields ~0.25N updates.
   2000 steps  :  0.06 h/seed     0.06 h for 1 seeds
   4000 steps  :  0.11 h/seed     0.11 h for 1 seeds
   8000 steps  :  0.22 h/seed     0.22 h for 1 seeds
arm=anil surface=affine second_order=True warm_start=True
==============================================================================

===== anil seed42 control :: 2026-08-18 14:55:40 =====
[preflight] ok: 1 seeds, device cuda, arm=control, surface=affine, target lag 12 origins, second_order=True, warm_start=True
[anil] seed 42 arm=control surface=affine: warm start from results\lodo\encoder_ldo__dengue2flu-cap__seed42__ckpt.pt
    anil(42,control) upd   100 train=0.3174 (0.6 min, 269 skipped)
    anil(42,control) upd   200 train=0.2453 (1.1 min, 564 skipped)
    anil(42,control) upd   250 val=0.2323 best=0.2323 (1.4 min)
    anil(42,control) upd   300 train=0.2110 (1.7 min, 799 skipped)
    anil(42,control) upd   400 train=0.1941 (2.3 min, 1108 skipped)
    anil(42,control) upd   500 val=0.2077 best=0.2077 (2.9 min)
    anil(42,control) upd   600 train=0.1858 (3.4 min, 1693 skipped)
    anil(42,control) upd   700 train=0.1916 (4.0 min, 2055 skipped)
    anil(42,control) upd   750 val=0.2031 best=0.2031 (4.2 min)
    anil(42,control) upd   800 train=0.1873 (4.5 min, 2276 skipped)
    anil(42,control) upd   900 train=0.1796 (5.1 min, 2550 skipped)
    anil(42,control) upd  1000 val=0.1986 best=0.1986 (5.7 min)
    anil(42,control) upd  1100 train=0.1858 (6.2 min, 3130 skipped)
    anil(42,control) upd  1200 train=0.1882 (6.8 min, 3422 skipped)
    anil(42,control) upd  1250 val=0.1945 best=0.1945 (7.1 min)
    anil(42,control) upd  1300 train=0.1789 (7.3 min, 3693 skipped)
    anil(42,control) upd  1400 train=0.1713 (7.9 min, 3945 skipped)
    anil(42,control) upd  1500 val=0.1925 best=0.1925 (8.4 min)
    anil(42,control) upd  1600 train=0.1764 (9.0 min, 4521 skipped)
    anil(42,control) upd  1700 train=0.1766 (9.5 min, 4778 skipped)
    anil(42,control) upd  1750 val=0.1889 best=0.1889 (9.8 min)
    anil(42,control) upd  1800 train=0.1763 (10.1 min, 5080 skipped)
    anil(42,control) upd  1900 train=0.1620 (10.6 min, 5338 skipped)
    anil(42,control) upd  2000 val=0.1880 best=0.1880 (11.2 min)
    anil(42,control) upd  2100 train=0.1805 (11.7 min, 5899 skipped)
    shared-adapter[japan+us-regions+us-states] ep00 val=0.1904 best=0.1904
    shared-adapter[japan+us-regions+us-states] ep01 val=0.1731 best=0.1731
    shared-adapter[japan+us-regions+us-states] ep02 val=0.1673 best=0.1673
    shared-adapter[japan+us-regions+us-states] ep03 val=0.1653 best=0.1653
    shared-adapter[japan+us-regions+us-states] ep04 val=0.1559 best=0.1559
    shared-adapter[japan+us-regions+us-states] ep05 val=0.1588 best=0.1559
    shared-adapter[japan+us-regions+us-states] ep06 val=0.1605 best=0.1559
    shared-adapter[japan+us-regions+us-states] ep07 val=0.1543 best=0.1543
    shared-adapter[japan+us-regions+us-states] ep08 val=0.1531 best=0.1531
    shared-adapter[japan+us-regions+us-states] ep09 val=0.1568 best=0.1531
    shared-adapter[japan+us-regions+us-states] ep10 val=0.1595 best=0.1531
    shared-adapter[japan+us-regions+us-states] ep11 val=0.1544 best=0.1531
    shared-adapter[japan+us-regions+us-states] ep12 val=0.1572 best=0.1531
    shared-adapter[japan+us-regions+us-states] ep13 val=0.1568 best=0.1531
    shared-adapter[japan+us-regions+us-states] ep14 val=0.1535 best=0.1531
    shared-adapter[japan+us-regions+us-states] ep15 val=0.1535 best=0.1531
    shared-adapter[japan+us-regions+us-states] ep16 val=0.1521 best=0.1521
    shared-adapter[japan+us-regions+us-states] ep17 val=0.1549 best=0.1521
    shared-adapter[japan+us-regions+us-states] ep18 val=0.1522 best=0.1521
    shared-adapter[japan+us-regions+us-states] ep19 val=0.1528 best=0.1521
    shared-adapter[japan+us-regions+us-states] ep20 val=0.1485 best=0.1485
    shared-adapter[japan+us-regions+us-states] ep21 val=0.1506 best=0.1485
    shared-adapter[japan+us-regions+us-states] ep22 val=0.1520 best=0.1485
    shared-adapter[japan+us-regions+us-states] ep23 val=0.1570 best=0.1485
    shared-adapter[japan+us-regions+us-states] ep24 val=0.1536 best=0.1485
    shared-adapter[japan+us-regions+us-states] ep25 val=0.1487 best=0.1485
    shared-adapter[japan+us-regions+us-states] ep26 val=0.1525 best=0.1485
    shared-adapter[japan+us-regions+us-states] ep27 val=0.1491 best=0.1485
    shared-adapter[japan+us-regions+us-states] ep28 val=0.1507 best=0.1485
    shared-adapter[japan+us-regions+us-states] ep29 val=0.1475 best=0.1475
    shared-adapter[japan+us-regions+us-states] ep30 val=0.1521 best=0.1475
    shared-adapter[japan+us-regions+us-states] ep31 val=0.1494 best=0.1475
    shared-adapter[japan+us-regions+us-states] ep32 val=0.1504 best=0.1475
    shared-adapter[japan+us-regions+us-states] ep33 val=0.1517 best=0.1475
    shared-adapter[japan+us-regions+us-states] ep34 val=0.1477 best=0.1475
    shared-adapter[japan+us-regions+us-states] ep35 val=0.1551 best=0.1475
    shared-adapter[japan+us-regions+us-states] ep36 val=0.1539 best=0.1475
    shared-adapter[japan+us-regions+us-states] ep37 val=0.1520 best=0.1475
    shared-adapter[japan+us-regions+us-states] ep38 val=0.1522 best=0.1475
    shared-adapter[japan+us-regions+us-states] ep39 val=0.1524 best=0.1475
    shared-adapter[japan+us-regions+us-states] ep40 val=0.1512 best=0.1475
    shared-adapter[japan+us-regions+us-states] ep41 val=0.1531 best=0.1475
    shared-adapter[japan+us-regions+us-states] ep42 val=0.1492 best=0.1475
    shared-adapter[japan+us-regions+us-states] ep43 val=0.1552 best=0.1475
    shared-adapter[japan+us-regions+us-states] ep44 val=0.1523 best=0.1475
[seed 42] scored; results\misc\anil_affine_control.json updated (1 seeds)

=== arm=control surface=affine, 1 seeds ===

reference: affine (current) (freeze-then-adapt, capacity probe, same surface/direction)
delta% = (reference_rmse - arm_rmse) / |reference_rmse| x 100; positive = arm better; units = per cent of reference RMSE (country-macro, count space)

cell                          n   mean d%      sd               95% CI   verdict
influenza_japan|h10           1      -0.3     nan          n too small   within noise
influenza_japan|h15           1      -0.3     nan          n too small   within noise
influenza_japan|h3            1     -12.0     nan          n too small   within noise
influenza_japan|h5            1      -4.4     nan          n too small   within noise
influenza_us-regions|h10      1      -2.6     nan          n too small   within noise
influenza_us-regions|h15      1      -3.0     nan          n too small   within noise
influenza_us-regions|h3       1     -11.3     nan          n too small   within noise
influenza_us-regions|h5       1      -5.4     nan          n too small   within noise
influenza_us-states|h10       1      +0.7     nan          n too small   within noise
influenza_us-states|h15       1      +0.7     nan          n too small   within noise
influenza_us-states|h3        1      +1.5     nan          n too small   within noise
influenza_us-states|h5        1      +1.5     nan          n too small   within noise

0 of 12 cells significantly better than affine (current), 0 significantly worse.

wrote results\misc\anil_affine_control_summary.json

wrote results\misc\anil_affine_control.json
ABLATION ONLY. This is an ablation of the adaptation procedure, not a headline, and that does not change if the sign is positive.
Report with ALL of: (1) D13's objection -- dengue-only episodes vary population and origin, not disease; (2) warm start, so this is meta-FINE-TUNING; (3) the meta-test fits a fresh adapter on FULL train folds, so nothing here measures few-shot; (4) the surface was selected on h15, where the Ebola primary arm has zero adaptation pairs.

===== anil seed42 anil :: 2026-08-18 15:11:23 =====
[preflight] ok: 1 seeds, device cuda, arm=anil, surface=affine, target lag 12 origins, second_order=True, warm_start=True
[anil] seed 42 arm=anil surface=affine: warm start from results\lodo\encoder_ldo__dengue2flu-cap__seed42__ckpt.pt
    anil(42,anil) upd   100 train=0.3158 (0.6 min, 269 skipped)
    anil(42,anil) upd   200 train=0.2521 (1.2 min, 564 skipped)
    anil(42,anil) upd   250 val=0.2399 best=0.2399 (1.5 min)
    anil(42,anil) upd   300 train=0.2096 (1.8 min, 799 skipped)
    anil(42,anil) upd   400 train=0.1986 (2.4 min, 1108 skipped)
    anil(42,anil) upd   500 val=0.2101 best=0.2101 (3.0 min)
    anil(42,anil) upd   600 train=0.1907 (3.6 min, 1693 skipped)
    anil(42,anil) upd   700 train=0.2004 (4.2 min, 2055 skipped)
    anil(42,anil) upd   750 val=0.2024 best=0.2024 (4.5 min)
    anil(42,anil) upd   800 train=0.1881 (4.8 min, 2276 skipped)
    anil(42,anil) upd   900 train=0.1821 (5.4 min, 2550 skipped)
    anil(42,anil) upd  1000 val=0.1996 best=0.1996 (6.0 min)
    anil(42,anil) upd  1100 train=0.1865 (6.6 min, 3130 skipped)
    anil(42,anil) upd  1200 train=0.1907 (7.2 min, 3422 skipped)
    anil(42,anil) upd  1250 val=0.1947 best=0.1947 (7.5 min)
    anil(42,anil) upd  1300 train=0.1783 (7.8 min, 3693 skipped)
    anil(42,anil) upd  1400 train=0.1699 (8.4 min, 3945 skipped)
    anil(42,anil) upd  1500 val=0.1947 best=0.1947 (9.0 min)
    anil(42,anil) upd  1600 train=0.1813 (9.6 min, 4521 skipped)
    anil(42,anil) upd  1700 train=0.1783 (10.2 min, 4778 skipped)
    anil(42,anil) upd  1750 val=0.1906 best=0.1906 (10.5 min)
    anil(42,anil) upd  1800 train=0.1809 (10.8 min, 5080 skipped)
    anil(42,anil) upd  1900 train=0.1616 (11.4 min, 5338 skipped)
    anil(42,anil) upd  2000 val=0.1895 best=0.1895 (12.0 min)
    anil(42,anil) upd  2100 train=0.1805 (12.6 min, 5899 skipped)
    shared-adapter[japan+us-regions+us-states] ep00 val=0.1922 best=0.1922
    shared-adapter[japan+us-regions+us-states] ep01 val=0.1752 best=0.1752
    shared-adapter[japan+us-regions+us-states] ep02 val=0.1687 best=0.1687
    shared-adapter[japan+us-regions+us-states] ep03 val=0.1664 best=0.1664
    shared-adapter[japan+us-regions+us-states] ep04 val=0.1575 best=0.1575
    shared-adapter[japan+us-regions+us-states] ep05 val=0.1603 best=0.1575
    shared-adapter[japan+us-regions+us-states] ep06 val=0.1623 best=0.1575
    shared-adapter[japan+us-regions+us-states] ep07 val=0.1554 best=0.1554
    shared-adapter[japan+us-regions+us-states] ep08 val=0.1541 best=0.1541
    shared-adapter[japan+us-regions+us-states] ep09 val=0.1573 best=0.1541
    shared-adapter[japan+us-regions+us-states] ep10 val=0.1606 best=0.1541
    shared-adapter[japan+us-regions+us-states] ep11 val=0.1551 best=0.1541
    shared-adapter[japan+us-regions+us-states] ep12 val=0.1573 best=0.1541
    shared-adapter[japan+us-regions+us-states] ep13 val=0.1570 best=0.1541
    shared-adapter[japan+us-regions+us-states] ep14 val=0.1535 best=0.1535
    shared-adapter[japan+us-regions+us-states] ep15 val=0.1538 best=0.1535
    shared-adapter[japan+us-regions+us-states] ep16 val=0.1525 best=0.1525
    shared-adapter[japan+us-regions+us-states] ep17 val=0.1551 best=0.1525
    shared-adapter[japan+us-regions+us-states] ep18 val=0.1521 best=0.1521
    shared-adapter[japan+us-regions+us-states] ep19 val=0.1530 best=0.1521
    shared-adapter[japan+us-regions+us-states] ep20 val=0.1484 best=0.1484
    shared-adapter[japan+us-regions+us-states] ep21 val=0.1507 best=0.1484
    shared-adapter[japan+us-regions+us-states] ep22 val=0.1520 best=0.1484
    shared-adapter[japan+us-regions+us-states] ep23 val=0.1578 best=0.1484
    shared-adapter[japan+us-regions+us-states] ep24 val=0.1541 best=0.1484
    shared-adapter[japan+us-regions+us-states] ep25 val=0.1490 best=0.1484
    shared-adapter[japan+us-regions+us-states] ep26 val=0.1527 best=0.1484
    shared-adapter[japan+us-regions+us-states] ep27 val=0.1495 best=0.1484
    shared-adapter[japan+us-regions+us-states] ep28 val=0.1510 best=0.1484
    shared-adapter[japan+us-regions+us-states] ep29 val=0.1477 best=0.1477
    shared-adapter[japan+us-regions+us-states] ep30 val=0.1527 best=0.1477
    shared-adapter[japan+us-regions+us-states] ep31 val=0.1495 best=0.1477
    shared-adapter[japan+us-regions+us-states] ep32 val=0.1507 best=0.1477
    shared-adapter[japan+us-regions+us-states] ep33 val=0.1523 best=0.1477
    shared-adapter[japan+us-regions+us-states] ep34 val=0.1482 best=0.1477
    shared-adapter[japan+us-regions+us-states] ep35 val=0.1552 best=0.1477
    shared-adapter[japan+us-regions+us-states] ep36 val=0.1541 best=0.1477
    shared-adapter[japan+us-regions+us-states] ep37 val=0.1514 best=0.1477
    shared-adapter[japan+us-regions+us-states] ep38 val=0.1520 best=0.1477
    shared-adapter[japan+us-regions+us-states] ep39 val=0.1523 best=0.1477
    shared-adapter[japan+us-regions+us-states] ep40 val=0.1512 best=0.1477
    shared-adapter[japan+us-regions+us-states] ep41 val=0.1534 best=0.1477
    shared-adapter[japan+us-regions+us-states] ep42 val=0.1491 best=0.1477
    shared-adapter[japan+us-regions+us-states] ep43 val=0.1551 best=0.1477
    shared-adapter[japan+us-regions+us-states] ep44 val=0.1521 best=0.1477
[seed 42] scored; results\misc\anil_affine_anil.json updated (1 seeds)

=== arm=anil surface=affine, 1 seeds ===

reference: affine (current) (freeze-then-adapt, capacity probe, same surface/direction)
delta% = (reference_rmse - arm_rmse) / |reference_rmse| x 100; positive = arm better; units = per cent of reference RMSE (country-macro, count space)

cell                          n   mean d%      sd               95% CI   verdict
influenza_japan|h10           1      -0.9     nan          n too small   within noise
influenza_japan|h15           1      -0.1     nan          n too small   within noise
influenza_japan|h3            1     -12.5     nan          n too small   within noise
influenza_japan|h5            1      -6.9     nan          n too small   within noise
influenza_us-regions|h10      1      -4.5     nan          n too small   within noise
influenza_us-regions|h15      1      -3.1     nan          n too small   within noise
influenza_us-regions|h3       1      -9.1     nan          n too small   within noise
influenza_us-regions|h5       1      -4.4     nan          n too small   within noise
influenza_us-states|h10       1      -0.7     nan          n too small   within noise
influenza_us-states|h15       1      -0.2     nan          n too small   within noise
influenza_us-states|h3        1      +1.1     nan          n too small   within noise
influenza_us-states|h5        1      +0.7     nan          n too small   within noise

0 of 12 cells significantly better than affine (current), 0 significantly worse.

wrote results\misc\anil_affine_anil_summary.json

wrote results\misc\anil_affine_anil.json
ABLATION ONLY. This is an ablation of the adaptation procedure, not a headline, and that does not change if the sign is positive.
Report with ALL of: (1) D13's objection -- dengue-only episodes vary population and origin, not disease; (2) warm start, so this is meta-FINE-TUNING; (3) the meta-test fits a fresh adapter on FULL train folds, so nothing here measures few-shot; (4) the surface was selected on h15, where the Ebola primary arm has zero adaptation pairs.

===== anil seed52 control :: 2026-08-18 15:28:07 =====
[preflight] ok: 1 seeds, device cuda, arm=control, surface=affine, target lag 12 origins, second_order=True, warm_start=True
[resume] already scored: [42]
[anil] seed 52 arm=control surface=affine: warm start from results\lodo\encoder_ldo__dengue2flu-cap__seed52__ckpt.pt
    anil(52,control) upd   100 train=0.3183 (0.6 min, 327 skipped)
    anil(52,control) upd   200 train=0.2423 (1.1 min, 646 skipped)
    anil(52,control) upd   250 val=0.3399 best=0.3399 (1.4 min)
    anil(52,control) upd   300 train=0.2072 (1.7 min, 989 skipped)
    anil(52,control) upd   400 train=0.1973 (2.3 min, 1273 skipped)
    anil(52,control) upd   500 val=0.3028 best=0.3028 (2.8 min)
    anil(52,control) upd   600 train=0.1904 (3.4 min, 1739 skipped)
    anil(52,control) upd   700 train=0.1771 (3.9 min, 2004 skipped)
    anil(52,control) upd   750 val=0.2905 best=0.2905 (4.2 min)
    anil(52,control) upd   800 train=0.1866 (4.5 min, 2247 skipped)
    anil(52,control) upd   900 train=0.1820 (5.1 min, 2561 skipped)
    anil(52,control) upd  1000 val=0.3062 best=0.2905 (5.6 min)
    anil(52,control) upd  1100 train=0.1775 (6.2 min, 3107 skipped)
    anil(52,control) upd  1200 train=0.1907 (6.7 min, 3380 skipped)
    anil(52,control) upd  1250 val=0.3043 best=0.2905 (7.0 min)
    anil(52,control) upd  1300 train=0.1675 (7.3 min, 3682 skipped)
    anil(52,control) upd  1400 train=0.1728 (7.9 min, 3951 skipped)
    anil(52,control) upd  1500 val=0.2998 best=0.2905 (8.4 min)
    anil(52,control) upd  1600 train=0.1783 (9.0 min, 4522 skipped)
    anil(52,control) upd  1700 train=0.1841 (9.6 min, 4823 skipped)
    anil(52,control) upd  1750 val=0.3081 best=0.2905 (9.9 min)
    anil(52,control) upd  1800 train=0.1914 (10.1 min, 5164 skipped)
    anil(52,control) upd  1900 train=0.1761 (10.7 min, 5435 skipped)
    anil(52,control) upd  2000 val=0.3116 best=0.2905 (11.3 min)
    anil(52,control) upd  2100 train=0.1777 (11.9 min, 5898 skipped)
    shared-adapter[japan+us-regions+us-states] ep00 val=0.1914 best=0.1914
    shared-adapter[japan+us-regions+us-states] ep01 val=0.1815 best=0.1815
    shared-adapter[japan+us-regions+us-states] ep02 val=0.1711 best=0.1711
    shared-adapter[japan+us-regions+us-states] ep03 val=0.1668 best=0.1668
    shared-adapter[japan+us-regions+us-states] ep04 val=0.1653 best=0.1653
    shared-adapter[japan+us-regions+us-states] ep05 val=0.1668 best=0.1653
    shared-adapter[japan+us-regions+us-states] ep06 val=0.1695 best=0.1653
    shared-adapter[japan+us-regions+us-states] ep07 val=0.1618 best=0.1618
    shared-adapter[japan+us-regions+us-states] ep08 val=0.1624 best=0.1618
    shared-adapter[japan+us-regions+us-states] ep09 val=0.1690 best=0.1618
    shared-adapter[japan+us-regions+us-states] ep10 val=0.1698 best=0.1618
    shared-adapter[japan+us-regions+us-states] ep11 val=0.1637 best=0.1618
    shared-adapter[japan+us-regions+us-states] ep12 val=0.1683 best=0.1618
    shared-adapter[japan+us-regions+us-states] ep13 val=0.1629 best=0.1618
    shared-adapter[japan+us-regions+us-states] ep14 val=0.1653 best=0.1618
    shared-adapter[japan+us-regions+us-states] ep15 val=0.1608 best=0.1608
    shared-adapter[japan+us-regions+us-states] ep16 val=0.1675 best=0.1608
    shared-adapter[japan+us-regions+us-states] ep17 val=0.1671 best=0.1608
    shared-adapter[japan+us-regions+us-states] ep18 val=0.1572 best=0.1572
    shared-adapter[japan+us-regions+us-states] ep19 val=0.1612 best=0.1572
    shared-adapter[japan+us-regions+us-states] ep20 val=0.1615 best=0.1572
    shared-adapter[japan+us-regions+us-states] ep21 val=0.1562 best=0.1562
    shared-adapter[japan+us-regions+us-states] ep22 val=0.1636 best=0.1562
    shared-adapter[japan+us-regions+us-states] ep23 val=0.1645 best=0.1562
    shared-adapter[japan+us-regions+us-states] ep24 val=0.1625 best=0.1562
    shared-adapter[japan+us-regions+us-states] ep25 val=0.1583 best=0.1562
    shared-adapter[japan+us-regions+us-states] ep26 val=0.1660 best=0.1562
    shared-adapter[japan+us-regions+us-states] ep27 val=0.1600 best=0.1562
    shared-adapter[japan+us-regions+us-states] ep28 val=0.1644 best=0.1562
    shared-adapter[japan+us-regions+us-states] ep29 val=0.1651 best=0.1562
    shared-adapter[japan+us-regions+us-states] ep30 val=0.1596 best=0.1562
    shared-adapter[japan+us-regions+us-states] ep31 val=0.1627 best=0.1562
    shared-adapter[japan+us-regions+us-states] ep32 val=0.1563 best=0.1562
    shared-adapter[japan+us-regions+us-states] ep33 val=0.1568 best=0.1562
    shared-adapter[japan+us-regions+us-states] ep34 val=0.1540 best=0.1540
    shared-adapter[japan+us-regions+us-states] ep35 val=0.1631 best=0.1540
    shared-adapter[japan+us-regions+us-states] ep36 val=0.1578 best=0.1540
    shared-adapter[japan+us-regions+us-states] ep37 val=0.1572 best=0.1540
    shared-adapter[japan+us-regions+us-states] ep38 val=0.1589 best=0.1540
    shared-adapter[japan+us-regions+us-states] ep39 val=0.1571 best=0.1540
    shared-adapter[japan+us-regions+us-states] ep40 val=0.1551 best=0.1540
    shared-adapter[japan+us-regions+us-states] ep41 val=0.1544 best=0.1540
    shared-adapter[japan+us-regions+us-states] ep42 val=0.1572 best=0.1540
    shared-adapter[japan+us-regions+us-states] ep43 val=0.1582 best=0.1540
    shared-adapter[japan+us-regions+us-states] ep44 val=0.1583 best=0.1540
    shared-adapter[japan+us-regions+us-states] ep45 val=0.1594 best=0.1540
    shared-adapter[japan+us-regions+us-states] ep46 val=0.1569 best=0.1540
    shared-adapter[japan+us-regions+us-states] ep47 val=0.1584 best=0.1540
    shared-adapter[japan+us-regions+us-states] ep48 val=0.1571 best=0.1540
    shared-adapter[japan+us-regions+us-states] ep49 val=0.1583 best=0.1540
[seed 52] scored; results\misc\anil_affine_control.json updated (2 seeds)

=== arm=control surface=affine, 2 seeds ===

reference: affine (current) (freeze-then-adapt, capacity probe, same surface/direction)
delta% = (reference_rmse - arm_rmse) / |reference_rmse| x 100; positive = arm better; units = per cent of reference RMSE (country-macro, count space)

cell                          n   mean d%      sd               95% CI   verdict
influenza_japan|h10           2      -0.1     0.2         [-2.3, +2.0]   within noise
influenza_japan|h15           2      -2.5     3.2       [-30.9, +25.9]   within noise
influenza_japan|h3            2     -10.0     2.8       [-35.6, +15.6]   within noise
influenza_japan|h5            2      -4.7     0.4         [-8.1, -1.2]   yes
influenza_us-regions|h10      2      -1.8     1.2        [-12.5, +8.9]   within noise
influenza_us-regions|h15      2      -2.6     0.6         [-7.8, +2.6]   within noise
influenza_us-regions|h3       2      -5.2     8.7       [-83.3, +72.9]   within noise
influenza_us-regions|h5       2      -3.4     2.8       [-28.6, +21.7]   within noise
influenza_us-states|h10       2      +0.1     0.9         [-8.2, +8.3]   within noise
influenza_us-states|h15       2      +0.2     0.8         [-6.8, +7.1]   within noise
influenza_us-states|h3        2      +2.5     1.4       [-10.0, +14.9]   within noise
influenza_us-states|h5        2      +0.3     1.6       [-14.4, +15.0]   within noise

0 of 12 cells significantly better than affine (current), 1 significantly worse.

wrote results\misc\anil_affine_control_summary.json

wrote results\misc\anil_affine_control.json
ABLATION ONLY. This is an ablation of the adaptation procedure, not a headline, and that does not change if the sign is positive.
Report with ALL of: (1) D13's objection -- dengue-only episodes vary population and origin, not disease; (2) warm start, so this is meta-FINE-TUNING; (3) the meta-test fits a fresh adapter on FULL train folds, so nothing here measures few-shot; (4) the surface was selected on h15, where the Ebola primary arm has zero adaptation pairs.

===== anil seed52 anil :: 2026-08-18 15:44:23 =====
[preflight] ok: 1 seeds, device cuda, arm=anil, surface=affine, target lag 12 origins, second_order=True, warm_start=True
[resume] already scored: [42]
[anil] seed 52 arm=anil surface=affine: warm start from results\lodo\encoder_ldo__dengue2flu-cap__seed52__ckpt.pt
    anil(52,anil) upd   100 train=0.3160 (0.6 min, 327 skipped)
    anil(52,anil) upd   200 train=0.2462 (1.2 min, 646 skipped)
    anil(52,anil) upd   250 val=0.3326 best=0.3326 (1.5 min)
    anil(52,anil) upd   300 train=0.2105 (1.8 min, 989 skipped)
    anil(52,anil) upd   400 train=0.1988 (2.4 min, 1273 skipped)
    anil(52,anil) upd   500 val=0.3044 best=0.3044 (3.0 min)
    anil(52,anil) upd   600 train=0.1908 (3.6 min, 1739 skipped)
    anil(52,anil) upd   700 train=0.1777 (4.2 min, 2004 skipped)
    anil(52,anil) upd   750 val=0.2876 best=0.2876 (4.5 min)
    anil(52,anil) upd   800 train=0.1871 (4.8 min, 2247 skipped)
    anil(52,anil) upd   900 train=0.1830 (5.4 min, 2561 skipped)
    anil(52,anil) upd  1000 val=0.2951 best=0.2876 (6.0 min)
    anil(52,anil) upd  1100 train=0.1773 (6.6 min, 3107 skipped)
    anil(52,anil) upd  1200 train=0.1887 (7.2 min, 3380 skipped)
    anil(52,anil) upd  1250 val=0.2988 best=0.2876 (7.5 min)
    anil(52,anil) upd  1300 train=0.1652 (7.8 min, 3682 skipped)
    anil(52,anil) upd  1400 train=0.1782 (8.4 min, 3951 skipped)
    anil(52,anil) upd  1500 val=0.2901 best=0.2876 (9.0 min)
    anil(52,anil) upd  1600 train=0.1737 (9.6 min, 4522 skipped)
    anil(52,anil) upd  1700 train=0.1831 (10.1 min, 4823 skipped)
    anil(52,anil) upd  1750 val=0.2994 best=0.2876 (10.4 min)
    anil(52,anil) upd  1800 train=0.1865 (10.7 min, 5164 skipped)
    anil(52,anil) upd  1900 train=0.1833 (11.3 min, 5435 skipped)
    anil(52,anil) upd  2000 val=0.3048 best=0.2876 (11.9 min)
    anil(52,anil) upd  2100 train=0.1761 (12.4 min, 5898 skipped)
    shared-adapter[japan+us-regions+us-states] ep00 val=0.1907 best=0.1907
    shared-adapter[japan+us-regions+us-states] ep01 val=0.1803 best=0.1803
    shared-adapter[japan+us-regions+us-states] ep02 val=0.1694 best=0.1694
    shared-adapter[japan+us-regions+us-states] ep03 val=0.1652 best=0.1652
    shared-adapter[japan+us-regions+us-states] ep04 val=0.1639 best=0.1639
    shared-adapter[japan+us-regions+us-states] ep05 val=0.1649 best=0.1639
    shared-adapter[japan+us-regions+us-states] ep06 val=0.1679 best=0.1639
    shared-adapter[japan+us-regions+us-states] ep07 val=0.1597 best=0.1597
    shared-adapter[japan+us-regions+us-states] ep08 val=0.1604 best=0.1597
    shared-adapter[japan+us-regions+us-states] ep09 val=0.1670 best=0.1597
    shared-adapter[japan+us-regions+us-states] ep10 val=0.1677 best=0.1597
    shared-adapter[japan+us-regions+us-states] ep11 val=0.1622 best=0.1597
    shared-adapter[japan+us-regions+us-states] ep12 val=0.1667 best=0.1597
    shared-adapter[japan+us-regions+us-states] ep13 val=0.1613 best=0.1597
    shared-adapter[japan+us-regions+us-states] ep14 val=0.1640 best=0.1597
    shared-adapter[japan+us-regions+us-states] ep15 val=0.1595 best=0.1595
    shared-adapter[japan+us-regions+us-states] ep16 val=0.1664 best=0.1595
    shared-adapter[japan+us-regions+us-states] ep17 val=0.1660 best=0.1595
    shared-adapter[japan+us-regions+us-states] ep18 val=0.1562 best=0.1562
    shared-adapter[japan+us-regions+us-states] ep19 val=0.1605 best=0.1562
    shared-adapter[japan+us-regions+us-states] ep20 val=0.1610 best=0.1562
    shared-adapter[japan+us-regions+us-states] ep21 val=0.1555 best=0.1555
    shared-adapter[japan+us-regions+us-states] ep22 val=0.1629 best=0.1555
    shared-adapter[japan+us-regions+us-states] ep23 val=0.1639 best=0.1555
    shared-adapter[japan+us-regions+us-states] ep24 val=0.1619 best=0.1555
    shared-adapter[japan+us-regions+us-states] ep25 val=0.1577 best=0.1555
    shared-adapter[japan+us-regions+us-states] ep26 val=0.1648 best=0.1555
    shared-adapter[japan+us-regions+us-states] ep27 val=0.1599 best=0.1555
    shared-adapter[japan+us-regions+us-states] ep28 val=0.1638 best=0.1555
    shared-adapter[japan+us-regions+us-states] ep29 val=0.1652 best=0.1555
    shared-adapter[japan+us-regions+us-states] ep30 val=0.1593 best=0.1555
    shared-adapter[japan+us-regions+us-states] ep31 val=0.1619 best=0.1555
    shared-adapter[japan+us-regions+us-states] ep32 val=0.1562 best=0.1555
    shared-adapter[japan+us-regions+us-states] ep33 val=0.1567 best=0.1555
    shared-adapter[japan+us-regions+us-states] ep34 val=0.1534 best=0.1534
    shared-adapter[japan+us-regions+us-states] ep35 val=0.1634 best=0.1534
    shared-adapter[japan+us-regions+us-states] ep36 val=0.1576 best=0.1534
    shared-adapter[japan+us-regions+us-states] ep37 val=0.1572 best=0.1534
    shared-adapter[japan+us-regions+us-states] ep38 val=0.1582 best=0.1534
    shared-adapter[japan+us-regions+us-states] ep39 val=0.1569 best=0.1534
    shared-adapter[japan+us-regions+us-states] ep40 val=0.1550 best=0.1534
    shared-adapter[japan+us-regions+us-states] ep41 val=0.1541 best=0.1534
    shared-adapter[japan+us-regions+us-states] ep42 val=0.1572 best=0.1534
    shared-adapter[japan+us-regions+us-states] ep43 val=0.1580 best=0.1534
    shared-adapter[japan+us-regions+us-states] ep44 val=0.1580 best=0.1534
    shared-adapter[japan+us-regions+us-states] ep45 val=0.1594 best=0.1534
    shared-adapter[japan+us-regions+us-states] ep46 val=0.1569 best=0.1534
    shared-adapter[japan+us-regions+us-states] ep47 val=0.1581 best=0.1534
    shared-adapter[japan+us-regions+us-states] ep48 val=0.1570 best=0.1534
    shared-adapter[japan+us-regions+us-states] ep49 val=0.1580 best=0.1534
[seed 52] scored; results\misc\anil_affine_anil.json updated (2 seeds)

=== arm=anil surface=affine, 2 seeds ===

reference: affine (current) (freeze-then-adapt, capacity probe, same surface/direction)
delta% = (reference_rmse - arm_rmse) / |reference_rmse| x 100; positive = arm better; units = per cent of reference RMSE (country-macro, count space)

cell                          n   mean d%      sd               95% CI   verdict
influenza_japan|h10           2      -0.4     0.8         [-7.5, +6.7]   within noise
influenza_japan|h15           2      -2.1     2.8       [-27.1, +22.9]   within noise
influenza_japan|h3            2      -9.9     3.7       [-43.0, +23.2]   within noise
influenza_japan|h5            2      -6.0     1.2        [-16.9, +4.8]   within noise
influenza_us-regions|h10      2      -3.0     2.1       [-21.8, +15.9]   within noise
influenza_us-regions|h15      2      -2.6     0.7         [-8.5, +3.2]   within noise
influenza_us-regions|h3       2      -4.9     6.0       [-58.4, +48.6]   within noise
influenza_us-regions|h5       2      -3.7     1.1        [-13.5, +6.1]   within noise
influenza_us-states|h10       2      -1.1     0.5         [-5.8, +3.6]   within noise
influenza_us-states|h15       2      -1.0     1.1        [-10.9, +8.9]   within noise
influenza_us-states|h3        2      +1.8     1.1        [-8.1, +11.8]   within noise
influenza_us-states|h5        2      -0.1     1.2       [-11.4, +11.1]   within noise

0 of 12 cells significantly better than affine (current), 0 significantly worse.

wrote results\misc\anil_affine_anil_summary.json

wrote results\misc\anil_affine_anil.json
ABLATION ONLY. This is an ablation of the adaptation procedure, not a headline, and that does not change if the sign is positive.
Report with ALL of: (1) D13's objection -- dengue-only episodes vary population and origin, not disease; (2) warm start, so this is meta-FINE-TUNING; (3) the meta-test fits a fresh adapter on FULL train folds, so nothing here measures few-shot; (4) the surface was selected on h15, where the Ebola primary arm has zero adaptation pairs.

===== anil seed62 control :: 2026-08-18 16:01:09 =====
[preflight] ok: 1 seeds, device cuda, arm=control, surface=affine, target lag 12 origins, second_order=True, warm_start=True
[resume] already scored: [42, 52]
[anil] seed 62 arm=control surface=affine: warm start from results\lodo\encoder_ldo__dengue2flu-cap__seed62__ckpt.pt
    anil(62,control) upd   100 train=0.2927 (0.6 min, 277 skipped)
    anil(62,control) upd   200 train=0.2287 (1.1 min, 553 skipped)
    anil(62,control) upd   250 val=0.3649 best=0.3649 (1.4 min)
    anil(62,control) upd   300 train=0.2129 (1.7 min, 860 skipped)
    anil(62,control) upd   400 train=0.2073 (2.2 min, 1196 skipped)
    anil(62,control) upd   500 val=0.2965 best=0.2965 (2.8 min)
    anil(62,control) upd   600 train=0.1744 (3.4 min, 1744 skipped)
    anil(62,control) upd   700 train=0.1884 (3.9 min, 2063 skipped)
    anil(62,control) upd   750 val=0.2864 best=0.2864 (4.2 min)
    anil(62,control) upd   800 train=0.1803 (4.5 min, 2326 skipped)
    anil(62,control) upd   900 train=0.1814 (5.0 min, 2551 skipped)
    anil(62,control) upd  1000 val=0.2705 best=0.2705 (5.6 min)
    anil(62,control) upd  1100 train=0.1895 (6.2 min, 3138 skipped)
    anil(62,control) upd  1200 train=0.1849 (6.7 min, 3434 skipped)
    anil(62,control) upd  1250 val=0.2623 best=0.2623 (7.0 min)
    anil(62,control) upd  1300 train=0.1840 (7.3 min, 3663 skipped)
    anil(62,control) upd  1400 train=0.1683 (7.8 min, 3925 skipped)
    anil(62,control) upd  1500 val=0.2649 best=0.2623 (8.4 min)
    anil(62,control) upd  1600 train=0.1725 (9.0 min, 4535 skipped)
    anil(62,control) upd  1700 train=0.1748 (9.5 min, 4800 skipped)
    anil(62,control) upd  1750 val=0.2572 best=0.2572 (9.8 min)
    anil(62,control) upd  1800 train=0.1796 (10.1 min, 5093 skipped)
    anil(62,control) upd  1900 train=0.1806 (10.6 min, 5390 skipped)
    anil(62,control) upd  2000 val=0.2522 best=0.2522 (11.2 min)
    shared-adapter[japan+us-regions+us-states] ep00 val=0.1900 best=0.1900
    shared-adapter[japan+us-regions+us-states] ep01 val=0.1737 best=0.1737
    shared-adapter[japan+us-regions+us-states] ep02 val=0.1683 best=0.1683
    shared-adapter[japan+us-regions+us-states] ep03 val=0.1602 best=0.1602
    shared-adapter[japan+us-regions+us-states] ep04 val=0.1589 best=0.1589
    shared-adapter[japan+us-regions+us-states] ep05 val=0.1607 best=0.1589
    shared-adapter[japan+us-regions+us-states] ep06 val=0.1542 best=0.1542
    shared-adapter[japan+us-regions+us-states] ep07 val=0.1572 best=0.1542
    shared-adapter[japan+us-regions+us-states] ep08 val=0.1540 best=0.1540
    shared-adapter[japan+us-regions+us-states] ep09 val=0.1541 best=0.1540
    shared-adapter[japan+us-regions+us-states] ep10 val=0.1532 best=0.1532
    shared-adapter[japan+us-regions+us-states] ep11 val=0.1514 best=0.1514
    shared-adapter[japan+us-regions+us-states] ep12 val=0.1513 best=0.1513
    shared-adapter[japan+us-regions+us-states] ep13 val=0.1509 best=0.1509
    shared-adapter[japan+us-regions+us-states] ep14 val=0.1517 best=0.1509
    shared-adapter[japan+us-regions+us-states] ep15 val=0.1528 best=0.1509
    shared-adapter[japan+us-regions+us-states] ep16 val=0.1536 best=0.1509
    shared-adapter[japan+us-regions+us-states] ep17 val=0.1526 best=0.1509
    shared-adapter[japan+us-regions+us-states] ep18 val=0.1528 best=0.1509
    shared-adapter[japan+us-regions+us-states] ep19 val=0.1495 best=0.1495
    shared-adapter[japan+us-regions+us-states] ep20 val=0.1501 best=0.1495
    shared-adapter[japan+us-regions+us-states] ep21 val=0.1545 best=0.1495
    shared-adapter[japan+us-regions+us-states] ep22 val=0.1499 best=0.1495
    shared-adapter[japan+us-regions+us-states] ep23 val=0.1528 best=0.1495
    shared-adapter[japan+us-regions+us-states] ep24 val=0.1534 best=0.1495
    shared-adapter[japan+us-regions+us-states] ep25 val=0.1490 best=0.1490
    shared-adapter[japan+us-regions+us-states] ep26 val=0.1528 best=0.1490
    shared-adapter[japan+us-regions+us-states] ep27 val=0.1487 best=0.1487
    shared-adapter[japan+us-regions+us-states] ep28 val=0.1502 best=0.1487
    shared-adapter[japan+us-regions+us-states] ep29 val=0.1516 best=0.1487
    shared-adapter[japan+us-regions+us-states] ep30 val=0.1512 best=0.1487
    shared-adapter[japan+us-regions+us-states] ep31 val=0.1495 best=0.1487
    shared-adapter[japan+us-regions+us-states] ep32 val=0.1474 best=0.1474
    shared-adapter[japan+us-regions+us-states] ep33 val=0.1515 best=0.1474
    shared-adapter[japan+us-regions+us-states] ep34 val=0.1514 best=0.1474
    shared-adapter[japan+us-regions+us-states] ep35 val=0.1497 best=0.1474
    shared-adapter[japan+us-regions+us-states] ep36 val=0.1509 best=0.1474
    shared-adapter[japan+us-regions+us-states] ep37 val=0.1498 best=0.1474
    shared-adapter[japan+us-regions+us-states] ep38 val=0.1542 best=0.1474
    shared-adapter[japan+us-regions+us-states] ep39 val=0.1488 best=0.1474
    shared-adapter[japan+us-regions+us-states] ep40 val=0.1486 best=0.1474
    shared-adapter[japan+us-regions+us-states] ep41 val=0.1507 best=0.1474
    shared-adapter[japan+us-regions+us-states] ep42 val=0.1477 best=0.1474
    shared-adapter[japan+us-regions+us-states] ep43 val=0.1499 best=0.1474
    shared-adapter[japan+us-regions+us-states] ep44 val=0.1508 best=0.1474
    shared-adapter[japan+us-regions+us-states] ep45 val=0.1470 best=0.1470
    shared-adapter[japan+us-regions+us-states] ep46 val=0.1488 best=0.1470
    shared-adapter[japan+us-regions+us-states] ep47 val=0.1502 best=0.1470
    shared-adapter[japan+us-regions+us-states] ep48 val=0.1508 best=0.1470
    shared-adapter[japan+us-regions+us-states] ep49 val=0.1496 best=0.1470
    shared-adapter[japan+us-regions+us-states] ep50 val=0.1494 best=0.1470
    shared-adapter[japan+us-regions+us-states] ep51 val=0.1477 best=0.1470
    shared-adapter[japan+us-regions+us-states] ep52 val=0.1484 best=0.1470
    shared-adapter[japan+us-regions+us-states] ep53 val=0.1500 best=0.1470
    shared-adapter[japan+us-regions+us-states] ep54 val=0.1480 best=0.1470
    shared-adapter[japan+us-regions+us-states] ep55 val=0.1495 best=0.1470
    shared-adapter[japan+us-regions+us-states] ep56 val=0.1484 best=0.1470
    shared-adapter[japan+us-regions+us-states] ep57 val=0.1484 best=0.1470
    shared-adapter[japan+us-regions+us-states] ep58 val=0.1490 best=0.1470
    shared-adapter[japan+us-regions+us-states] ep59 val=0.1475 best=0.1470
    shared-adapter[japan+us-regions+us-states] ep60 val=0.1491 best=0.1470
[seed 62] scored; results\misc\anil_affine_control.json updated (3 seeds)

=== arm=control surface=affine, 3 seeds ===

reference: affine (current) (freeze-then-adapt, capacity probe, same surface/direction)
delta% = (reference_rmse - arm_rmse) / |reference_rmse| x 100; positive = arm better; units = per cent of reference RMSE (country-macro, count space)

cell                          n   mean d%      sd               95% CI   verdict
influenza_japan|h10           3      -0.9     1.2         [-3.9, +2.2]   within noise
influenza_japan|h15           3      -4.1     3.5        [-12.8, +4.7]   within noise
influenza_japan|h3            3     -29.0    32.9      [-110.8, +52.8]   within noise
influenza_japan|h5            3      -1.9     4.7        [-13.7, +9.8]   within noise
influenza_us-regions|h10      3      -5.1     5.7        [-19.3, +9.2]   within noise
influenza_us-regions|h15      3      -4.1     2.6        [-10.7, +2.4]   within noise
influenza_us-regions|h3       3      -6.9     6.9       [-24.0, +10.1]   within noise
influenza_us-regions|h5       3      -4.4     2.6        [-10.8, +2.0]   within noise
influenza_us-states|h10       3      -2.2     4.1        [-12.3, +7.8]   within noise
influenza_us-states|h15       3      -0.9     1.9         [-5.6, +3.8]   within noise
influenza_us-states|h3        3      +3.3     1.8         [-1.1, +7.8]   within noise
influenza_us-states|h5        3      +0.9     1.5         [-2.9, +4.7]   within noise

0 of 12 cells significantly better than affine (current), 0 significantly worse.

wrote results\misc\anil_affine_control_summary.json

wrote results\misc\anil_affine_control.json
ABLATION ONLY. This is an ablation of the adaptation procedure, not a headline, and that does not change if the sign is positive.
Report with ALL of: (1) D13's objection -- dengue-only episodes vary population and origin, not disease; (2) warm start, so this is meta-FINE-TUNING; (3) the meta-test fits a fresh adapter on FULL train folds, so nothing here measures few-shot; (4) the surface was selected on h15, where the Ebola primary arm has zero adaptation pairs.

===== anil seed62 anil :: 2026-08-18 16:18:23 =====
[preflight] ok: 1 seeds, device cuda, arm=anil, surface=affine, target lag 12 origins, second_order=True, warm_start=True
[resume] already scored: [42, 52]
[anil] seed 62 arm=anil surface=affine: warm start from results\lodo\encoder_ldo__dengue2flu-cap__seed62__ckpt.pt
    anil(62,anil) upd   100 train=0.2918 (0.6 min, 277 skipped)
    anil(62,anil) upd   200 train=0.2236 (1.2 min, 553 skipped)
    anil(62,anil) upd   250 val=0.3559 best=0.3559 (1.5 min)
    anil(62,anil) upd   300 train=0.2092 (1.8 min, 860 skipped)
    anil(62,anil) upd   400 train=0.2134 (2.3 min, 1196 skipped)
    anil(62,anil) upd   500 val=0.2933 best=0.2933 (2.9 min)
    anil(62,anil) upd   600 train=0.1807 (3.5 min, 1744 skipped)
    anil(62,anil) upd   700 train=0.1945 (4.1 min, 2063 skipped)
    anil(62,anil) upd   750 val=0.2836 best=0.2836 (4.4 min)
    anil(62,anil) upd   800 train=0.1859 (4.7 min, 2326 skipped)
    anil(62,anil) upd   900 train=0.1762 (5.2 min, 2551 skipped)
    anil(62,anil) upd  1000 val=0.2777 best=0.2777 (5.8 min)
    anil(62,anil) upd  1100 train=0.1887 (6.4 min, 3138 skipped)
    anil(62,anil) upd  1200 train=0.1912 (7.0 min, 3434 skipped)
    anil(62,anil) upd  1250 val=0.2591 best=0.2591 (7.3 min)
    anil(62,anil) upd  1300 train=0.1852 (7.6 min, 3663 skipped)
    anil(62,anil) upd  1400 train=0.1699 (8.2 min, 3925 skipped)
    anil(62,anil) upd  1500 val=0.2640 best=0.2591 (8.8 min)
    anil(62,anil) upd  1600 train=0.1761 (9.3 min, 4535 skipped)
    anil(62,anil) upd  1700 train=0.1737 (9.9 min, 4800 skipped)
    anil(62,anil) upd  1750 val=0.2568 best=0.2568 (10.2 min)
    anil(62,anil) upd  1800 train=0.1767 (10.5 min, 5093 skipped)
    anil(62,anil) upd  1900 train=0.1823 (11.1 min, 5390 skipped)
    anil(62,anil) upd  2000 val=0.2605 best=0.2568 (11.7 min)
    shared-adapter[japan+us-regions+us-states] ep00 val=0.1901 best=0.1901
    shared-adapter[japan+us-regions+us-states] ep01 val=0.1743 best=0.1743
    shared-adapter[japan+us-regions+us-states] ep02 val=0.1688 best=0.1688
    shared-adapter[japan+us-regions+us-states] ep03 val=0.1605 best=0.1605
    shared-adapter[japan+us-regions+us-states] ep04 val=0.1591 best=0.1591
    shared-adapter[japan+us-regions+us-states] ep05 val=0.1605 best=0.1591
    shared-adapter[japan+us-regions+us-states] ep06 val=0.1543 best=0.1543
    shared-adapter[japan+us-regions+us-states] ep07 val=0.1572 best=0.1543
    shared-adapter[japan+us-regions+us-states] ep08 val=0.1544 best=0.1543
    shared-adapter[japan+us-regions+us-states] ep09 val=0.1543 best=0.1543
    shared-adapter[japan+us-regions+us-states] ep10 val=0.1534 best=0.1534
    shared-adapter[japan+us-regions+us-states] ep11 val=0.1516 best=0.1516
    shared-adapter[japan+us-regions+us-states] ep12 val=0.1515 best=0.1515
    shared-adapter[japan+us-regions+us-states] ep13 val=0.1511 best=0.1511
    shared-adapter[japan+us-regions+us-states] ep14 val=0.1521 best=0.1511
    shared-adapter[japan+us-regions+us-states] ep15 val=0.1530 best=0.1511
    shared-adapter[japan+us-regions+us-states] ep16 val=0.1538 best=0.1511
    shared-adapter[japan+us-regions+us-states] ep17 val=0.1526 best=0.1511
    shared-adapter[japan+us-regions+us-states] ep18 val=0.1531 best=0.1511
    shared-adapter[japan+us-regions+us-states] ep19 val=0.1499 best=0.1499
    shared-adapter[japan+us-regions+us-states] ep20 val=0.1502 best=0.1499
    shared-adapter[japan+us-regions+us-states] ep21 val=0.1549 best=0.1499
    shared-adapter[japan+us-regions+us-states] ep22 val=0.1503 best=0.1499
    shared-adapter[japan+us-regions+us-states] ep23 val=0.1528 best=0.1499
    shared-adapter[japan+us-regions+us-states] ep24 val=0.1530 best=0.1499
    shared-adapter[japan+us-regions+us-states] ep25 val=0.1494 best=0.1494
    shared-adapter[japan+us-regions+us-states] ep26 val=0.1529 best=0.1494
    shared-adapter[japan+us-regions+us-states] ep27 val=0.1489 best=0.1489
    shared-adapter[japan+us-regions+us-states] ep28 val=0.1508 best=0.1489
    shared-adapter[japan+us-regions+us-states] ep29 val=0.1519 best=0.1489
    shared-adapter[japan+us-regions+us-states] ep30 val=0.1513 best=0.1489
    shared-adapter[japan+us-regions+us-states] ep31 val=0.1498 best=0.1489
    shared-adapter[japan+us-regions+us-states] ep32 val=0.1476 best=0.1476
    shared-adapter[japan+us-regions+us-states] ep33 val=0.1517 best=0.1476
    shared-adapter[japan+us-regions+us-states] ep34 val=0.1519 best=0.1476
    shared-adapter[japan+us-regions+us-states] ep35 val=0.1497 best=0.1476
    shared-adapter[japan+us-regions+us-states] ep36 val=0.1512 best=0.1476
    shared-adapter[japan+us-regions+us-states] ep37 val=0.1500 best=0.1476
    shared-adapter[japan+us-regions+us-states] ep38 val=0.1543 best=0.1476
    shared-adapter[japan+us-regions+us-states] ep39 val=0.1488 best=0.1476
    shared-adapter[japan+us-regions+us-states] ep40 val=0.1486 best=0.1476
    shared-adapter[japan+us-regions+us-states] ep41 val=0.1503 best=0.1476
    shared-adapter[japan+us-regions+us-states] ep42 val=0.1476 best=0.1476
    shared-adapter[japan+us-regions+us-states] ep43 val=0.1501 best=0.1476
    shared-adapter[japan+us-regions+us-states] ep44 val=0.1512 best=0.1476
    shared-adapter[japan+us-regions+us-states] ep45 val=0.1470 best=0.1470
    shared-adapter[japan+us-regions+us-states] ep46 val=0.1486 best=0.1470
    shared-adapter[japan+us-regions+us-states] ep47 val=0.1501 best=0.1470
    shared-adapter[japan+us-regions+us-states] ep48 val=0.1507 best=0.1470
    shared-adapter[japan+us-regions+us-states] ep49 val=0.1496 best=0.1470
    shared-adapter[japan+us-regions+us-states] ep50 val=0.1492 best=0.1470
    shared-adapter[japan+us-regions+us-states] ep51 val=0.1479 best=0.1470
    shared-adapter[japan+us-regions+us-states] ep52 val=0.1486 best=0.1470
    shared-adapter[japan+us-regions+us-states] ep53 val=0.1500 best=0.1470
    shared-adapter[japan+us-regions+us-states] ep54 val=0.1481 best=0.1470
    shared-adapter[japan+us-regions+us-states] ep55 val=0.1495 best=0.1470
    shared-adapter[japan+us-regions+us-states] ep56 val=0.1483 best=0.1470
    shared-adapter[japan+us-regions+us-states] ep57 val=0.1484 best=0.1470
    shared-adapter[japan+us-regions+us-states] ep58 val=0.1490 best=0.1470
    shared-adapter[japan+us-regions+us-states] ep59 val=0.1475 best=0.1470
    shared-adapter[japan+us-regions+us-states] ep60 val=0.1491 best=0.1470
[seed 62] scored; results\misc\anil_affine_anil.json updated (3 seeds)

=== arm=anil surface=affine, 3 seeds ===

reference: affine (current) (freeze-then-adapt, capacity probe, same surface/direction)
delta% = (reference_rmse - arm_rmse) / |reference_rmse| x 100; positive = arm better; units = per cent of reference RMSE (country-macro, count space)

cell                          n   mean d%      sd               95% CI   verdict
influenza_japan|h10           3      -0.9     1.0         [-3.4, +1.7]   within noise
influenza_japan|h15           3      -3.8     3.7        [-12.9, +5.2]   within noise
influenza_japan|h3            3     -22.5    22.1       [-77.3, +32.3]   within noise
influenza_japan|h5            3      -3.2     4.9        [-15.5, +9.1]   within noise
influenza_us-regions|h10      3      -6.4     6.2        [-21.7, +8.9]   within noise
influenza_us-regions|h15      3      -4.7     3.5        [-13.4, +4.1]   within noise
influenza_us-regions|h3       3      -7.4     6.1        [-22.5, +7.6]   within noise
influenza_us-regions|h5       3      -3.9     0.9         [-6.1, -1.7]   yes
influenza_us-states|h10       3      -2.2     2.0         [-7.3, +2.8]   within noise
influenza_us-states|h15       3      -1.5     1.2         [-4.5, +1.5]   within noise
influenza_us-states|h3        3      +3.1     2.4         [-2.8, +9.1]   within noise
influenza_us-states|h5        3      +0.8     1.9         [-3.9, +5.6]   within noise

0 of 12 cells significantly better than affine (current), 1 significantly worse.

wrote results\misc\anil_affine_anil_summary.json

wrote results\misc\anil_affine_anil.json
ABLATION ONLY. This is an ablation of the adaptation procedure, not a headline, and that does not change if the sign is positive.
Report with ALL of: (1) D13's objection -- dengue-only episodes vary population and origin, not disease; (2) warm start, so this is meta-FINE-TUNING; (3) the meta-test fits a fresh adapter on FULL train folds, so nothing here measures few-shot; (4) the surface was selected on h15, where the Ebola primary arm has zero adaptation pairs.

===== anil seed72 control :: 2026-08-18 16:35:27 =====
[preflight] ok: 1 seeds, device cuda, arm=control, surface=affine, target lag 12 origins, second_order=True, warm_start=True
[resume] already scored: [42, 52, 62]
[anil] seed 72 arm=control surface=affine: warm start from results\lodo\encoder_ldo__dengue2flu-cap__seed72__ckpt.pt
    anil(72,control) upd   100 train=0.2591 (0.6 min, 270 skipped)
    anil(72,control) upd   200 train=0.2096 (1.1 min, 520 skipped)
    anil(72,control) upd   250 val=0.2435 best=0.2435 (1.4 min)
    anil(72,control) upd   300 train=0.1985 (1.7 min, 800 skipped)
    anil(72,control) upd   400 train=0.1823 (2.2 min, 1087 skipped)
    anil(72,control) upd   500 val=0.2205 best=0.2205 (2.8 min)
    anil(72,control) upd   600 train=0.1766 (3.4 min, 1615 skipped)
    anil(72,control) upd   700 train=0.1828 (3.9 min, 1868 skipped)
    anil(72,control) upd   750 val=0.2101 best=0.2101 (4.2 min)
    anil(72,control) upd   800 train=0.1585 (4.5 min, 2158 skipped)
    anil(72,control) upd   900 train=0.1899 (5.0 min, 2436 skipped)
    anil(72,control) upd  1000 val=0.2198 best=0.2101 (5.6 min)
    anil(72,control) upd  1100 train=0.1755 (6.2 min, 3091 skipped)
    anil(72,control) upd  1200 train=0.1830 (6.7 min, 3379 skipped)
    anil(72,control) upd  1250 val=0.2041 best=0.2041 (7.0 min)
    anil(72,control) upd  1300 train=0.1790 (7.3 min, 3646 skipped)
    anil(72,control) upd  1400 train=0.1701 (7.8 min, 3994 skipped)
    anil(72,control) upd  1500 val=0.2134 best=0.2041 (8.4 min)
    anil(72,control) upd  1600 train=0.1859 (9.0 min, 4546 skipped)
    anil(72,control) upd  1700 train=0.1743 (9.5 min, 4859 skipped)
    anil(72,control) upd  1750 val=0.2074 best=0.2041 (9.8 min)
    anil(72,control) upd  1800 train=0.1716 (10.1 min, 5147 skipped)
    anil(72,control) upd  1900 train=0.1729 (10.7 min, 5469 skipped)
    anil(72,control) upd  2000 val=0.2042 best=0.2041 (11.2 min)
    shared-adapter[japan+us-regions+us-states] ep00 val=0.1977 best=0.1977
    shared-adapter[japan+us-regions+us-states] ep01 val=0.1763 best=0.1763
    shared-adapter[japan+us-regions+us-states] ep02 val=0.1683 best=0.1683
    shared-adapter[japan+us-regions+us-states] ep03 val=0.1618 best=0.1618
    shared-adapter[japan+us-regions+us-states] ep04 val=0.1563 best=0.1563
    shared-adapter[japan+us-regions+us-states] ep05 val=0.1553 best=0.1553
    shared-adapter[japan+us-regions+us-states] ep06 val=0.1513 best=0.1513
    shared-adapter[japan+us-regions+us-states] ep07 val=0.1533 best=0.1513
    shared-adapter[japan+us-regions+us-states] ep08 val=0.1537 best=0.1513
    shared-adapter[japan+us-regions+us-states] ep09 val=0.1507 best=0.1507
    shared-adapter[japan+us-regions+us-states] ep10 val=0.1482 best=0.1482
    shared-adapter[japan+us-regions+us-states] ep11 val=0.1544 best=0.1482
    shared-adapter[japan+us-regions+us-states] ep12 val=0.1454 best=0.1454
    shared-adapter[japan+us-regions+us-states] ep13 val=0.1468 best=0.1454
    shared-adapter[japan+us-regions+us-states] ep14 val=0.1497 best=0.1454
    shared-adapter[japan+us-regions+us-states] ep15 val=0.1480 best=0.1454
    shared-adapter[japan+us-regions+us-states] ep16 val=0.1455 best=0.1454
    shared-adapter[japan+us-regions+us-states] ep17 val=0.1511 best=0.1454
    shared-adapter[japan+us-regions+us-states] ep18 val=0.1506 best=0.1454
    shared-adapter[japan+us-regions+us-states] ep19 val=0.1482 best=0.1454
    shared-adapter[japan+us-regions+us-states] ep20 val=0.1439 best=0.1439
    shared-adapter[japan+us-regions+us-states] ep21 val=0.1436 best=0.1436
    shared-adapter[japan+us-regions+us-states] ep22 val=0.1459 best=0.1436
    shared-adapter[japan+us-regions+us-states] ep23 val=0.1450 best=0.1436
    shared-adapter[japan+us-regions+us-states] ep24 val=0.1480 best=0.1436
    shared-adapter[japan+us-regions+us-states] ep25 val=0.1443 best=0.1436
    shared-adapter[japan+us-regions+us-states] ep26 val=0.1456 best=0.1436
    shared-adapter[japan+us-regions+us-states] ep27 val=0.1445 best=0.1436
    shared-adapter[japan+us-regions+us-states] ep28 val=0.1450 best=0.1436
    shared-adapter[japan+us-regions+us-states] ep29 val=0.1438 best=0.1436
    shared-adapter[japan+us-regions+us-states] ep30 val=0.1476 best=0.1436
    shared-adapter[japan+us-regions+us-states] ep31 val=0.1462 best=0.1436
    shared-adapter[japan+us-regions+us-states] ep32 val=0.1456 best=0.1436
    shared-adapter[japan+us-regions+us-states] ep33 val=0.1476 best=0.1436
    shared-adapter[japan+us-regions+us-states] ep34 val=0.1457 best=0.1436
    shared-adapter[japan+us-regions+us-states] ep35 val=0.1450 best=0.1436
    shared-adapter[japan+us-regions+us-states] ep36 val=0.1443 best=0.1436
[seed 72] scored; results\misc\anil_affine_control.json updated (4 seeds)

=== arm=control surface=affine, 4 seeds ===

reference: affine (current) (freeze-then-adapt, capacity probe, same surface/direction)
delta% = (reference_rmse - arm_rmse) / |reference_rmse| x 100; positive = arm better; units = per cent of reference RMSE (country-macro, count space)

cell                          n   mean d%      sd               95% CI   verdict
influenza_japan|h10           4      -0.4     1.4         [-2.6, +1.9]   within noise
influenza_japan|h15           4      -3.2     3.4         [-8.6, +2.2]   within noise
influenza_japan|h3            4     -24.4    28.4       [-69.6, +20.8]   within noise
influenza_japan|h5            4      -0.1     5.4         [-8.6, +8.4]   within noise
influenza_us-regions|h10      4      -2.7     6.6        [-13.3, +7.8]   within noise
influenza_us-regions|h15      4      -3.1     3.0         [-7.9, +1.7]   within noise
influenza_us-regions|h3       4      -5.6     6.2        [-15.5, +4.4]   within noise
influenza_us-regions|h5       4      -2.2     5.0        [-10.1, +5.8]   within noise
influenza_us-states|h10       4      -1.0     4.1         [-7.6, +5.6]   within noise
influenza_us-states|h15       4      -0.3     1.9         [-3.3, +2.6]   within noise
influenza_us-states|h3        4      +3.3     1.5         [+1.0, +5.7]   yes
influenza_us-states|h5        4      +2.0     2.5         [-1.9, +5.9]   within noise

1 of 12 cells significantly better than affine (current), 0 significantly worse.

wrote results\misc\anil_affine_control_summary.json

wrote results\misc\anil_affine_control.json
ABLATION ONLY. This is an ablation of the adaptation procedure, not a headline, and that does not change if the sign is positive.
Report with ALL of: (1) D13's objection -- dengue-only episodes vary population and origin, not disease; (2) warm start, so this is meta-FINE-TUNING; (3) the meta-test fits a fresh adapter on FULL train folds, so nothing here measures few-shot; (4) the surface was selected on h15, where the Ebola primary arm has zero adaptation pairs.

===== anil seed72 anil :: 2026-08-18 16:50:18 =====
[preflight] ok: 1 seeds, device cuda, arm=anil, surface=affine, target lag 12 origins, second_order=True, warm_start=True
[resume] already scored: [42, 52, 62]
[anil] seed 72 arm=anil surface=affine: warm start from results\lodo\encoder_ldo__dengue2flu-cap__seed72__ckpt.pt
    anil(72,anil) upd   100 train=0.2604 (0.6 min, 270 skipped)
    anil(72,anil) upd   200 train=0.2121 (1.2 min, 520 skipped)
    anil(72,anil) upd   250 val=0.2401 best=0.2401 (1.5 min)
    anil(72,anil) upd   300 train=0.2071 (1.8 min, 800 skipped)
    anil(72,anil) upd   400 train=0.1895 (2.4 min, 1087 skipped)
    anil(72,anil) upd   500 val=0.2177 best=0.2177 (3.0 min)
    anil(72,anil) upd   600 train=0.1799 (3.5 min, 1615 skipped)
    anil(72,anil) upd   700 train=0.1837 (4.1 min, 1868 skipped)
    anil(72,anil) upd   750 val=0.2041 best=0.2041 (4.4 min)
    anil(72,anil) upd   800 train=0.1608 (4.7 min, 2158 skipped)
    anil(72,anil) upd   900 train=0.1903 (5.3 min, 2436 skipped)
    anil(72,anil) upd  1000 val=0.2099 best=0.2041 (5.9 min)
    anil(72,anil) upd  1100 train=0.1772 (6.5 min, 3091 skipped)
    anil(72,anil) upd  1200 train=0.1777 (7.0 min, 3379 skipped)
    anil(72,anil) upd  1250 val=0.2030 best=0.2030 (7.3 min)
    anil(72,anil) upd  1300 train=0.1756 (7.6 min, 3646 skipped)
    anil(72,anil) upd  1400 train=0.1674 (8.2 min, 3994 skipped)
    anil(72,anil) upd  1500 val=0.2086 best=0.2030 (8.8 min)
    anil(72,anil) upd  1600 train=0.1824 (9.4 min, 4546 skipped)
    anil(72,anil) upd  1700 train=0.1701 (10.0 min, 4859 skipped)
    anil(72,anil) upd  1750 val=0.2027 best=0.2027 (10.3 min)
    anil(72,anil) upd  1800 train=0.1702 (10.6 min, 5147 skipped)
    anil(72,anil) upd  1900 train=0.1762 (11.2 min, 5469 skipped)
    anil(72,anil) upd  2000 val=0.2025 best=0.2025 (11.8 min)
    shared-adapter[japan+us-regions+us-states] ep00 val=0.1975 best=0.1975
    shared-adapter[japan+us-regions+us-states] ep01 val=0.1763 best=0.1763
    shared-adapter[japan+us-regions+us-states] ep02 val=0.1689 best=0.1689
    shared-adapter[japan+us-regions+us-states] ep03 val=0.1629 best=0.1629
    shared-adapter[japan+us-regions+us-states] ep04 val=0.1572 best=0.1572
    shared-adapter[japan+us-regions+us-states] ep05 val=0.1562 best=0.1562
    shared-adapter[japan+us-regions+us-states] ep06 val=0.1524 best=0.1524
    shared-adapter[japan+us-regions+us-states] ep07 val=0.1539 best=0.1524
    shared-adapter[japan+us-regions+us-states] ep08 val=0.1536 best=0.1524
    shared-adapter[japan+us-regions+us-states] ep09 val=0.1514 best=0.1514
    shared-adapter[japan+us-regions+us-states] ep10 val=0.1487 best=0.1487
    shared-adapter[japan+us-regions+us-states] ep11 val=0.1545 best=0.1487
    shared-adapter[japan+us-regions+us-states] ep12 val=0.1466 best=0.1466
    shared-adapter[japan+us-regions+us-states] ep13 val=0.1480 best=0.1466
    shared-adapter[japan+us-regions+us-states] ep14 val=0.1507 best=0.1466
    shared-adapter[japan+us-regions+us-states] ep15 val=0.1498 best=0.1466
    shared-adapter[japan+us-regions+us-states] ep16 val=0.1463 best=0.1463
    shared-adapter[japan+us-regions+us-states] ep17 val=0.1524 best=0.1463
    shared-adapter[japan+us-regions+us-states] ep18 val=0.1507 best=0.1463
    shared-adapter[japan+us-regions+us-states] ep19 val=0.1489 best=0.1463
    shared-adapter[japan+us-regions+us-states] ep20 val=0.1445 best=0.1445
    shared-adapter[japan+us-regions+us-states] ep21 val=0.1443 best=0.1443
    shared-adapter[japan+us-regions+us-states] ep22 val=0.1461 best=0.1443
    shared-adapter[japan+us-regions+us-states] ep23 val=0.1456 best=0.1443
    shared-adapter[japan+us-regions+us-states] ep24 val=0.1485 best=0.1443
    shared-adapter[japan+us-regions+us-states] ep25 val=0.1458 best=0.1443
    shared-adapter[japan+us-regions+us-states] ep26 val=0.1461 best=0.1443
    shared-adapter[japan+us-regions+us-states] ep27 val=0.1456 best=0.1443
    shared-adapter[japan+us-regions+us-states] ep28 val=0.1461 best=0.1443
    shared-adapter[japan+us-regions+us-states] ep29 val=0.1445 best=0.1443
    shared-adapter[japan+us-regions+us-states] ep30 val=0.1481 best=0.1443
    shared-adapter[japan+us-regions+us-states] ep31 val=0.1464 best=0.1443
    shared-adapter[japan+us-regions+us-states] ep32 val=0.1461 best=0.1443
    shared-adapter[japan+us-regions+us-states] ep33 val=0.1487 best=0.1443
    shared-adapter[japan+us-regions+us-states] ep34 val=0.1467 best=0.1443
    shared-adapter[japan+us-regions+us-states] ep35 val=0.1462 best=0.1443
    shared-adapter[japan+us-regions+us-states] ep36 val=0.1453 best=0.1443
[seed 72] scored; results\misc\anil_affine_anil.json updated (4 seeds)

=== arm=anil surface=affine, 4 seeds ===

reference: affine (current) (freeze-then-adapt, capacity probe, same surface/direction)
delta% = (reference_rmse - arm_rmse) / |reference_rmse| x 100; positive = arm better; units = per cent of reference RMSE (country-macro, count space)

cell                          n   mean d%      sd               95% CI   verdict
influenza_japan|h10           4      -0.6     1.0         [-2.2, +1.0]   within noise
influenza_japan|h15           4      -2.8     3.7         [-8.6, +3.1]   within noise
influenza_japan|h3            4     -27.6    20.7        [-60.5, +5.3]   within noise
influenza_japan|h5            4      -2.8     4.1         [-9.3, +3.8]   within noise
influenza_us-regions|h10      4      -4.4     6.5        [-14.7, +6.0]   within noise
influenza_us-regions|h15      4      -3.4     3.9         [-9.5, +2.8]   within noise
influenza_us-regions|h3       4      -6.5     5.3        [-14.9, +2.0]   within noise
influenza_us-regions|h5       4      -3.0     1.9         [-6.1, -0.0]   yes
influenza_us-states|h10       4      -1.5     2.2         [-5.0, +1.9]   within noise
influenza_us-states|h15       4      -1.0     1.4         [-3.2, +1.2]   within noise
influenza_us-states|h3        4      +3.0     2.0         [-0.1, +6.1]   within noise
influenza_us-states|h5        4      +1.6     2.1         [-1.8, +4.9]   within noise

0 of 12 cells significantly better than affine (current), 1 significantly worse.

wrote results\misc\anil_affine_anil_summary.json

wrote results\misc\anil_affine_anil.json
ABLATION ONLY. This is an ablation of the adaptation procedure, not a headline, and that does not change if the sign is positive.
Report with ALL of: (1) D13's objection -- dengue-only episodes vary population and origin, not disease; (2) warm start, so this is meta-FINE-TUNING; (3) the meta-test fits a fresh adapter on FULL train folds, so nothing here measures few-shot; (4) the surface was selected on h15, where the Ebola primary arm has zero adaptation pairs.

===== anil seed82 control :: 2026-08-18 17:05:47 =====
[preflight] ok: 1 seeds, device cuda, arm=control, surface=affine, target lag 12 origins, second_order=True, warm_start=True
[resume] already scored: [42, 52, 62, 72]
[anil] seed 82 arm=control surface=affine: warm start from results\lodo\encoder_ldo__dengue2flu-cap__seed82__ckpt.pt
    anil(82,control) upd   100 train=0.3035 (0.6 min, 255 skipped)
    anil(82,control) upd   200 train=0.2320 (1.1 min, 511 skipped)
    anil(82,control) upd   250 val=0.3094 best=0.3094 (1.4 min)
    anil(82,control) upd   300 train=0.2027 (1.7 min, 808 skipped)
    anil(82,control) upd   400 train=0.1976 (2.3 min, 1057 skipped)
    anil(82,control) upd   500 val=0.2723 best=0.2723 (2.9 min)
    anil(82,control) upd   600 train=0.1918 (3.4 min, 1627 skipped)
    anil(82,control) upd   700 train=0.1880 (4.0 min, 1908 skipped)
    anil(82,control) upd   750 val=0.2664 best=0.2664 (4.3 min)
    anil(82,control) upd   800 train=0.1685 (4.6 min, 2140 skipped)
    anil(82,control) upd   900 train=0.1963 (5.2 min, 2396 skipped)
    anil(82,control) upd  1000 val=0.2518 best=0.2518 (5.7 min)
    anil(82,control) upd  1100 train=0.1761 (6.3 min, 2900 skipped)
    anil(82,control) upd  1200 train=0.1795 (6.8 min, 3185 skipped)
    anil(82,control) upd  1250 val=0.2511 best=0.2511 (7.2 min)
    anil(82,control) upd  1300 train=0.1726 (7.4 min, 3496 skipped)
    anil(82,control) upd  1400 train=0.1832 (8.0 min, 3759 skipped)
    anil(82,control) upd  1500 val=0.2440 best=0.2440 (8.6 min)
    anil(82,control) upd  1600 train=0.1746 (9.2 min, 4278 skipped)
    anil(82,control) upd  1700 train=0.1774 (9.7 min, 4596 skipped)
    anil(82,control) upd  1750 val=0.2434 best=0.2434 (10.0 min)
    anil(82,control) upd  1800 train=0.1828 (10.3 min, 4888 skipped)
    anil(82,control) upd  1900 train=0.1930 (10.9 min, 5198 skipped)
    anil(82,control) upd  2000 val=0.2444 best=0.2434 (11.5 min)
    anil(82,control) upd  2100 train=0.1723 (12.0 min, 5729 skipped)
    shared-adapter[japan+us-regions+us-states] ep00 val=0.1906 best=0.1906
    shared-adapter[japan+us-regions+us-states] ep01 val=0.1649 best=0.1649
    shared-adapter[japan+us-regions+us-states] ep02 val=0.1628 best=0.1628
    shared-adapter[japan+us-regions+us-states] ep03 val=0.1608 best=0.1608
    shared-adapter[japan+us-regions+us-states] ep04 val=0.1574 best=0.1574
    shared-adapter[japan+us-regions+us-states] ep05 val=0.1562 best=0.1562
    shared-adapter[japan+us-regions+us-states] ep06 val=0.1545 best=0.1545
    shared-adapter[japan+us-regions+us-states] ep07 val=0.1544 best=0.1544
    shared-adapter[japan+us-regions+us-states] ep08 val=0.1574 best=0.1544
    shared-adapter[japan+us-regions+us-states] ep09 val=0.1546 best=0.1544
    shared-adapter[japan+us-regions+us-states] ep10 val=0.1553 best=0.1544
    shared-adapter[japan+us-regions+us-states] ep11 val=0.1502 best=0.1502
    shared-adapter[japan+us-regions+us-states] ep12 val=0.1525 best=0.1502
    shared-adapter[japan+us-regions+us-states] ep13 val=0.1561 best=0.1502
    shared-adapter[japan+us-regions+us-states] ep14 val=0.1556 best=0.1502
    shared-adapter[japan+us-regions+us-states] ep15 val=0.1569 best=0.1502
    shared-adapter[japan+us-regions+us-states] ep16 val=0.1521 best=0.1502
    shared-adapter[japan+us-regions+us-states] ep17 val=0.1510 best=0.1502
    shared-adapter[japan+us-regions+us-states] ep18 val=0.1480 best=0.1480
    shared-adapter[japan+us-regions+us-states] ep19 val=0.1547 best=0.1480
    shared-adapter[japan+us-regions+us-states] ep20 val=0.1532 best=0.1480
    shared-adapter[japan+us-regions+us-states] ep21 val=0.1516 best=0.1480
    shared-adapter[japan+us-regions+us-states] ep22 val=0.1520 best=0.1480
    shared-adapter[japan+us-regions+us-states] ep23 val=0.1503 best=0.1480
    shared-adapter[japan+us-regions+us-states] ep24 val=0.1487 best=0.1480
    shared-adapter[japan+us-regions+us-states] ep25 val=0.1500 best=0.1480
    shared-adapter[japan+us-regions+us-states] ep26 val=0.1463 best=0.1463
    shared-adapter[japan+us-regions+us-states] ep27 val=0.1505 best=0.1463
    shared-adapter[japan+us-regions+us-states] ep28 val=0.1495 best=0.1463
    shared-adapter[japan+us-regions+us-states] ep29 val=0.1515 best=0.1463
    shared-adapter[japan+us-regions+us-states] ep30 val=0.1454 best=0.1454
    shared-adapter[japan+us-regions+us-states] ep31 val=0.1499 best=0.1454
    shared-adapter[japan+us-regions+us-states] ep32 val=0.1482 best=0.1454
    shared-adapter[japan+us-regions+us-states] ep33 val=0.1506 best=0.1454
    shared-adapter[japan+us-regions+us-states] ep34 val=0.1445 best=0.1445
    shared-adapter[japan+us-regions+us-states] ep35 val=0.1507 best=0.1445
    shared-adapter[japan+us-regions+us-states] ep36 val=0.1472 best=0.1445
    shared-adapter[japan+us-regions+us-states] ep37 val=0.1496 best=0.1445
    shared-adapter[japan+us-regions+us-states] ep38 val=0.1495 best=0.1445
    shared-adapter[japan+us-regions+us-states] ep39 val=0.1481 best=0.1445
    shared-adapter[japan+us-regions+us-states] ep40 val=0.1471 best=0.1445
    shared-adapter[japan+us-regions+us-states] ep41 val=0.1480 best=0.1445
    shared-adapter[japan+us-regions+us-states] ep42 val=0.1493 best=0.1445
    shared-adapter[japan+us-regions+us-states] ep43 val=0.1484 best=0.1445
    shared-adapter[japan+us-regions+us-states] ep44 val=0.1474 best=0.1445
    shared-adapter[japan+us-regions+us-states] ep45 val=0.1452 best=0.1445
    shared-adapter[japan+us-regions+us-states] ep46 val=0.1498 best=0.1445
    shared-adapter[japan+us-regions+us-states] ep47 val=0.1514 best=0.1445
    shared-adapter[japan+us-regions+us-states] ep48 val=0.1462 best=0.1445
    shared-adapter[japan+us-regions+us-states] ep49 val=0.1482 best=0.1445
[seed 82] scored; results\misc\anil_affine_control.json updated (5 seeds)

=== arm=control surface=affine, 5 seeds ===

reference: affine (current) (freeze-then-adapt, capacity probe, same surface/direction)
delta% = (reference_rmse - arm_rmse) / |reference_rmse| x 100; positive = arm better; units = per cent of reference RMSE (country-macro, count space)

cell                          n   mean d%      sd               95% CI   verdict
influenza_japan|h10           5      -0.8     1.5         [-2.7, +1.1]   within noise
influenza_japan|h15           5      -2.9     3.0         [-6.6, +0.8]   within noise
influenza_japan|h3            5     -19.3    27.1       [-53.0, +14.4]   within noise
influenza_japan|h5            5      +3.1     8.4        [-7.4, +13.6]   within noise
influenza_us-regions|h10      5      -2.1     5.9         [-9.4, +5.2]   within noise
influenza_us-regions|h15      5      -2.8     2.7         [-6.1, +0.5]   within noise
influenza_us-regions|h3       5      -3.6     7.0        [-12.3, +5.1]   within noise
influenza_us-regions|h5       5      -0.4     5.8         [-7.6, +6.7]   within noise
influenza_us-states|h10       5      -0.1     4.1         [-5.2, +5.0]   within noise
influenza_us-states|h15       5      +0.2     2.0         [-2.3, +2.6]   within noise
influenza_us-states|h3        5      +2.4     2.5         [-0.7, +5.5]   within noise
influenza_us-states|h5        5      +2.2     2.2         [-0.5, +4.9]   within noise

0 of 12 cells significantly better than affine (current), 0 significantly worse.

wrote results\misc\anil_affine_control_summary.json

wrote results\misc\anil_affine_control.json
ABLATION ONLY. This is an ablation of the adaptation procedure, not a headline, and that does not change if the sign is positive.
Report with ALL of: (1) D13's objection -- dengue-only episodes vary population and origin, not disease; (2) warm start, so this is meta-FINE-TUNING; (3) the meta-test fits a fresh adapter on FULL train folds, so nothing here measures few-shot; (4) the surface was selected on h15, where the Ebola primary arm has zero adaptation pairs.

===== anil seed82 anil :: 2026-08-18 17:22:22 =====
[preflight] ok: 1 seeds, device cuda, arm=anil, surface=affine, target lag 12 origins, second_order=True, warm_start=True
[resume] already scored: [42, 52, 62, 72]
[anil] seed 82 arm=anil surface=affine: warm start from results\lodo\encoder_ldo__dengue2flu-cap__seed82__ckpt.pt
    anil(82,anil) upd   100 train=0.3006 (0.6 min, 255 skipped)
    anil(82,anil) upd   200 train=0.2404 (1.2 min, 511 skipped)
    anil(82,anil) upd   250 val=0.2941 best=0.2941 (1.5 min)
    anil(82,anil) upd   300 train=0.2073 (1.8 min, 808 skipped)
    anil(82,anil) upd   400 train=0.2103 (2.4 min, 1057 skipped)
    anil(82,anil) upd   500 val=0.2635 best=0.2635 (3.0 min)
    anil(82,anil) upd   600 train=0.1935 (3.6 min, 1627 skipped)
    anil(82,anil) upd   700 train=0.1949 (4.2 min, 1908 skipped)
    anil(82,anil) upd   750 val=0.2500 best=0.2500 (4.5 min)
    anil(82,anil) upd   800 train=0.1725 (4.8 min, 2140 skipped)
    anil(82,anil) upd   900 train=0.1954 (5.4 min, 2396 skipped)
    anil(82,anil) upd  1000 val=0.2358 best=0.2358 (6.0 min)
    anil(82,anil) upd  1100 train=0.1743 (6.6 min, 2900 skipped)
    anil(82,anil) upd  1200 train=0.1807 (7.1 min, 3185 skipped)
    anil(82,anil) upd  1250 val=0.2363 best=0.2358 (7.5 min)
    anil(82,anil) upd  1300 train=0.1677 (7.8 min, 3496 skipped)
    anil(82,anil) upd  1400 train=0.1836 (8.3 min, 3759 skipped)
    anil(82,anil) upd  1500 val=0.2361 best=0.2358 (9.0 min)
    anil(82,anil) upd  1600 train=0.1690 (9.6 min, 4278 skipped)
    anil(82,anil) upd  1700 train=0.1777 (10.2 min, 4596 skipped)
    anil(82,anil) upd  1750 val=0.2320 best=0.2320 (10.5 min)
    anil(82,anil) upd  1800 train=0.1850 (10.8 min, 4888 skipped)
    anil(82,anil) upd  1900 train=0.1952 (11.4 min, 5198 skipped)
    anil(82,anil) upd  2000 val=0.2368 best=0.2320 (12.1 min)
    anil(82,anil) upd  2100 train=0.1674 (12.7 min, 5729 skipped)
    shared-adapter[japan+us-regions+us-states] ep00 val=0.1938 best=0.1938
    shared-adapter[japan+us-regions+us-states] ep01 val=0.1677 best=0.1677
    shared-adapter[japan+us-regions+us-states] ep02 val=0.1652 best=0.1652
    shared-adapter[japan+us-regions+us-states] ep03 val=0.1635 best=0.1635
    shared-adapter[japan+us-regions+us-states] ep04 val=0.1597 best=0.1597
    shared-adapter[japan+us-regions+us-states] ep05 val=0.1587 best=0.1587
    shared-adapter[japan+us-regions+us-states] ep06 val=0.1570 best=0.1570
    shared-adapter[japan+us-regions+us-states] ep07 val=0.1571 best=0.1570
    shared-adapter[japan+us-regions+us-states] ep08 val=0.1599 best=0.1570
    shared-adapter[japan+us-regions+us-states] ep09 val=0.1570 best=0.1570
    shared-adapter[japan+us-regions+us-states] ep10 val=0.1578 best=0.1570
    shared-adapter[japan+us-regions+us-states] ep11 val=0.1518 best=0.1518
    shared-adapter[japan+us-regions+us-states] ep12 val=0.1548 best=0.1518
    shared-adapter[japan+us-regions+us-states] ep13 val=0.1584 best=0.1518
    shared-adapter[japan+us-regions+us-states] ep14 val=0.1575 best=0.1518
    shared-adapter[japan+us-regions+us-states] ep15 val=0.1583 best=0.1518
    shared-adapter[japan+us-regions+us-states] ep16 val=0.1534 best=0.1518
    shared-adapter[japan+us-regions+us-states] ep17 val=0.1521 best=0.1518
    shared-adapter[japan+us-regions+us-states] ep18 val=0.1499 best=0.1499
    shared-adapter[japan+us-regions+us-states] ep19 val=0.1567 best=0.1499
    shared-adapter[japan+us-regions+us-states] ep20 val=0.1551 best=0.1499
    shared-adapter[japan+us-regions+us-states] ep21 val=0.1525 best=0.1499
    shared-adapter[japan+us-regions+us-states] ep22 val=0.1533 best=0.1499
    shared-adapter[japan+us-regions+us-states] ep23 val=0.1508 best=0.1499
    shared-adapter[japan+us-regions+us-states] ep24 val=0.1506 best=0.1499
    shared-adapter[japan+us-regions+us-states] ep25 val=0.1513 best=0.1499
    shared-adapter[japan+us-regions+us-states] ep26 val=0.1470 best=0.1470
    shared-adapter[japan+us-regions+us-states] ep27 val=0.1517 best=0.1470
    shared-adapter[japan+us-regions+us-states] ep28 val=0.1507 best=0.1470
    shared-adapter[japan+us-regions+us-states] ep29 val=0.1526 best=0.1470
    shared-adapter[japan+us-regions+us-states] ep30 val=0.1467 best=0.1467
    shared-adapter[japan+us-regions+us-states] ep31 val=0.1508 best=0.1467
    shared-adapter[japan+us-regions+us-states] ep32 val=0.1494 best=0.1467
    shared-adapter[japan+us-regions+us-states] ep33 val=0.1518 best=0.1467
    shared-adapter[japan+us-regions+us-states] ep34 val=0.1458 best=0.1458
    shared-adapter[japan+us-regions+us-states] ep35 val=0.1522 best=0.1458
    shared-adapter[japan+us-regions+us-states] ep36 val=0.1480 best=0.1458
    shared-adapter[japan+us-regions+us-states] ep37 val=0.1502 best=0.1458
    shared-adapter[japan+us-regions+us-states] ep38 val=0.1507 best=0.1458
    shared-adapter[japan+us-regions+us-states] ep39 val=0.1494 best=0.1458
    shared-adapter[japan+us-regions+us-states] ep40 val=0.1481 best=0.1458
    shared-adapter[japan+us-regions+us-states] ep41 val=0.1491 best=0.1458
    shared-adapter[japan+us-regions+us-states] ep42 val=0.1504 best=0.1458
    shared-adapter[japan+us-regions+us-states] ep43 val=0.1500 best=0.1458
    shared-adapter[japan+us-regions+us-states] ep44 val=0.1486 best=0.1458
    shared-adapter[japan+us-regions+us-states] ep45 val=0.1463 best=0.1458
    shared-adapter[japan+us-regions+us-states] ep46 val=0.1509 best=0.1458
    shared-adapter[japan+us-regions+us-states] ep47 val=0.1525 best=0.1458
    shared-adapter[japan+us-regions+us-states] ep48 val=0.1475 best=0.1458
    shared-adapter[japan+us-regions+us-states] ep49 val=0.1492 best=0.1458
[seed 82] scored; results\misc\anil_affine_anil.json updated (5 seeds)

=== arm=anil surface=affine, 5 seeds ===

reference: affine (current) (freeze-then-adapt, capacity probe, same surface/direction)
delta% = (reference_rmse - arm_rmse) / |reference_rmse| x 100; positive = arm better; units = per cent of reference RMSE (country-macro, count space)

cell                          n   mean d%      sd               95% CI   verdict
influenza_japan|h10           5      -1.2     1.6         [-3.2, +0.8]   within noise
influenza_japan|h15           5      -2.6     3.2         [-6.6, +1.4]   within noise
influenza_japan|h3            5     -22.3    21.5        [-49.0, +4.3]   within noise
influenza_japan|h5            5      -0.5     6.3         [-8.3, +7.3]   within noise
influenza_us-regions|h10      5      -3.5     6.0        [-10.9, +3.9]   within noise
influenza_us-regions|h15      5      -3.0     3.5         [-7.3, +1.3]   within noise
influenza_us-regions|h3       5      -3.9     7.4        [-13.0, +5.3]   within noise
influenza_us-regions|h5       5      -0.8     5.3         [-7.4, +5.8]   within noise
influenza_us-states|h10       5      -0.6     2.9         [-4.1, +3.0]   within noise
influenza_us-states|h15       5      -0.3     2.0         [-2.8, +2.1]   within noise
influenza_us-states|h3        5      +2.3     2.3         [-0.5, +5.1]   within noise
influenza_us-states|h5        5      +1.9     2.0         [-0.6, +4.3]   within noise

0 of 12 cells significantly better than affine (current), 0 significantly worse.

wrote results\misc\anil_affine_anil_summary.json

wrote results\misc\anil_affine_anil.json
ABLATION ONLY. This is an ablation of the adaptation procedure, not a headline, and that does not change if the sign is positive.
Report with ALL of: (1) D13's objection -- dengue-only episodes vary population and origin, not disease; (2) warm start, so this is meta-FINE-TUNING; (3) the meta-test fits a fresh adapter on FULL train folds, so nothing here measures few-shot; (4) the surface was selected on h15, where the Ebola primary arm has zero adaptation pairs.

===== anil report :: 2026-08-18 17:39:34 =====

=== arm=anil surface=affine, 5 seeds ===

reference: affine (current) (freeze-then-adapt, capacity probe, same surface/direction)
delta% = (reference_rmse - arm_rmse) / |reference_rmse| x 100; positive = arm better; units = per cent of reference RMSE (country-macro, count space)

cell                          n   mean d%      sd               95% CI   verdict
influenza_japan|h10           5      -1.2     1.6         [-3.2, +0.8]   within noise
influenza_japan|h15           5      -2.6     3.2         [-6.6, +1.4]   within noise
influenza_japan|h3            5     -22.3    21.5        [-49.0, +4.3]   within noise
influenza_japan|h5            5      -0.5     6.3         [-8.3, +7.3]   within noise
influenza_us-regions|h10      5      -3.5     6.0        [-10.9, +3.9]   within noise
influenza_us-regions|h15      5      -3.0     3.5         [-7.3, +1.3]   within noise
influenza_us-regions|h3       5      -3.9     7.4        [-13.0, +5.3]   within noise
influenza_us-regions|h5       5      -0.8     5.3         [-7.4, +5.8]   within noise
influenza_us-states|h10       5      -0.6     2.9         [-4.1, +3.0]   within noise
influenza_us-states|h15       5      -0.3     2.0         [-2.8, +2.1]   within noise
influenza_us-states|h3        5      +2.3     2.3         [-0.5, +5.1]   within noise
influenza_us-states|h5        5      +1.9     2.0         [-0.6, +4.3]   within noise

0 of 12 cells significantly better than affine (current), 0 significantly worse.

wrote results\misc\anil_affine_anil_summary.json

===== anil preflight influenza :: 2026-09-03 23:34:39 =====
[preflight] ok: fold=influenza meta-train=['dengue', 'covid_us-states'] -> meta-test=['influenza_japan', 'influenza_us-regions', 'influenza_us-states'], 5 seeds, device cuda, arm=anil, surface=affine, target lag 12 origins, second_order=True, warm_start=True

===== anil preflight covid :: 2026-09-03 23:34:42 =====
[preflight] ok: fold=covid meta-train=['dengue', 'influenza_japan', 'influenza_us-regions', 'influenza_us-states'] -> meta-test=['covid_us-states'], 5 seeds, device cuda, arm=anil, surface=affine, target lag 12 origins, second_order=True, warm_start=True

===== anil preflight dengue :: 2026-09-03 23:34:45 =====
[preflight] ok: fold=dengue meta-train=['influenza_japan', 'influenza_us-regions', 'influenza_us-states', 'covid_us-states'] -> meta-test=['dengue'], 5 seeds, device cuda, arm=anil, surface=affine, target lag 12 origins, second_order=True, warm_start=True

===== anil timing probe influenza :: 2026-09-03 23:34:48 =====
[preflight] ok: fold=influenza meta-train=['dengue', 'covid_us-states'] -> meta-test=['influenza_japan', 'influenza_us-regions', 'influenza_us-states'], 1 seeds, device cuda, arm=anil, surface=affine, target lag 12 origins, second_order=True, warm_start=True
[anil] seed 42 arm=anil surface=affine: warm start from results\lodo\encoder_ldo3__influenza__seed42__ckpt.pt
    anil(42,anil) upd    10 train=0.3104 (0.0 min, 3 skipped)
    anil(42,anil) upd    20 val=0.2646 best=0.2646 (0.1 min)
    anil(42,anil) upd    30 train=0.2349 (0.1 min, 21 skipped)
    anil(42,anil) upd    40 val=0.2459 best=0.2459 (0.1 min)
    anil(42,anil) upd    50 train=0.1946 (0.2 min, 35 skipped)
    anil(42,anil) upd    60 val=0.2333 best=0.2333 (0.2 min)
    anil(42,anil) upd    70 train=0.1994 (0.2 min, 46 skipped)

==============================================================================
episodes drawn  : 120  ->  72 usable updates (48 skipped, 40%)
outer update    : 0.186 s   (1.6x a trunk step)
NOTE --outer-steps counts EPISODES DRAWN, not updates. At the observed skip rate, N steps yields ~0.60N updates.
   2000 steps  :  0.06 h/seed     0.06 h for 1 seeds
   4000 steps  :  0.12 h/seed     0.12 h for 1 seeds
   8000 steps  :  0.25 h/seed     0.25 h for 1 seeds
arm=anil surface=affine second_order=True warm_start=True
==============================================================================

===== anil influenza seed42 control :: 2026-09-03 23:35:07 =====
[preflight] ok: fold=influenza meta-train=['dengue', 'covid_us-states'] -> meta-test=['influenza_japan', 'influenza_us-regions', 'influenza_us-states'], 1 seeds, device cuda, arm=control, surface=affine, target lag 12 origins, second_order=True, warm_start=True
[anil] seed 42 arm=control surface=affine: warm start from results\lodo\encoder_ldo3__influenza__seed42__ckpt.pt
    anil(42,control) upd   100 train=0.1957 (0.2 min, 62 skipped)
    anil(42,control) upd   200 train=0.1254 (0.4 min, 108 skipped)
    anil(42,control) upd   250 val=0.1612 best=0.1612 (0.5 min)
    anil(42,control) upd   300 train=0.1044 (0.6 min, 166 skipped)
    anil(42,control) upd   400 train=0.1088 (0.7 min, 218 skipped)
    anil(42,control) upd   500 val=0.1566 best=0.1566 (0.9 min)
    anil(42,control) upd   600 train=0.1085 (1.2 min, 349 skipped)
    anil(42,control) upd   700 train=0.0910 (1.4 min, 403 skipped)
    anil(42,control) upd   750 val=0.1540 best=0.1540 (1.5 min)
    anil(42,control) upd   800 train=0.0871 (1.6 min, 462 skipped)
    anil(42,control) upd   900 train=0.0790 (1.7 min, 511 skipped)
    anil(42,control) upd  1000 val=0.1517 best=0.1517 (1.9 min)
    anil(42,control) upd  1100 train=0.0787 (2.1 min, 666 skipped)
    anil(42,control) upd  1200 train=0.0732 (2.3 min, 715 skipped)
    anil(42,control) upd  1250 val=0.1514 best=0.1514 (2.3 min)
    anil(42,control) upd  1300 train=0.0807 (2.4 min, 771 skipped)
    anil(42,control) upd  1400 train=0.0884 (2.6 min, 830 skipped)
    anil(42,control) upd  1500 val=0.1503 best=0.1503 (2.8 min)
    anil(42,control) upd  1600 train=0.0798 (3.0 min, 954 skipped)
    anil(42,control) upd  1700 train=0.0789 (3.2 min, 991 skipped)
    anil(42,control) upd  1750 val=0.1493 best=0.1493 (3.4 min)
    anil(42,control) upd  1800 train=0.0778 (3.4 min, 1055 skipped)
    anil(42,control) upd  1900 train=0.0736 (3.6 min, 1120 skipped)
    anil(42,control) upd  2000 val=0.1490 best=0.1490 (3.8 min)
    anil(42,control) upd  2100 train=0.0657 (4.0 min, 1256 skipped)
    anil(42,control) upd  2200 train=0.0593 (4.1 min, 1307 skipped)
    anil(42,control) upd  2250 val=0.1507 best=0.1490 (4.3 min)
    anil(42,control) upd  2300 train=0.0860 (4.4 min, 1385 skipped)
    anil(42,control) upd  2400 train=0.0677 (4.5 min, 1441 skipped)
    anil(42,control) upd  2500 val=0.1494 best=0.1490 (4.8 min)
    anil(42,control) upd  2600 train=0.0710 (5.0 min, 1573 skipped)
    anil(42,control) upd  2700 train=0.0787 (5.2 min, 1616 skipped)
    anil(42,control) upd  2750 val=0.1488 best=0.1488 (5.2 min)
    anil(42,control) upd  2800 train=0.0573 (5.3 min, 1670 skipped)
    anil(42,control) upd  2900 train=0.0779 (5.5 min, 1732 skipped)
    anil(42,control) upd  3000 val=0.1515 best=0.1488 (5.7 min)
    anil(42,control) upd  3100 train=0.0743 (5.9 min, 1838 skipped)
    anil(42,control) upd  3200 train=0.0628 (6.1 min, 1899 skipped)
    anil(42,control) upd  3250 val=0.1516 best=0.1488 (6.2 min)
    anil(42,control) upd  3300 train=0.0725 (6.3 min, 1959 skipped)
    anil(42,control) upd  3400 train=0.0662 (6.5 min, 2008 skipped)
    anil(42,control) upd  3500 val=0.1501 best=0.1488 (6.7 min)
    anil(42,control) upd  3600 train=0.0679 (6.9 min, 2104 skipped)
    anil(42,control) upd  3700 train=0.0711 (7.1 min, 2151 skipped)
    anil(42,control) upd  3750 val=0.1504 best=0.1488 (7.2 min)
    anil(42,control) upd  3800 train=0.0714 (7.3 min, 2200 skipped)
    anil(42,control) upd  3900 train=0.0678 (7.4 min, 2251 skipped)
    anil(42,control) upd  4000 val=0.1498 best=0.1488 (7.6 min)
    anil(42,control) upd  4100 train=0.0690 (7.8 min, 2384 skipped)
    anil(42,control) upd  4200 train=0.0846 (8.1 min, 2457 skipped)
    anil(42,control) upd  4250 val=0.1514 best=0.1488 (8.1 min)
    anil(42,control) upd  4300 train=0.0605 (8.2 min, 2508 skipped)
    anil(42,control) upd  4400 train=0.0740 (8.4 min, 2575 skipped)
    anil(42,control) upd  4500 val=0.1513 best=0.1488 (8.6 min)
    anil(42,control) upd  4600 train=0.0718 (8.8 min, 2699 skipped)
    anil(42,control) upd  4700 train=0.0712 (9.0 min, 2764 skipped)
    anil(42,control) upd  4750 val=0.1509 best=0.1488 (9.2 min)
    anil(42,control) early stop at update 4750
    shared-adapter[japan+us-regions+us-states] ep00 val=0.1986 best=0.1986
    shared-adapter[japan+us-regions+us-states] ep01 val=0.1826 best=0.1826
    shared-adapter[japan+us-regions+us-states] ep02 val=0.1736 best=0.1736
    shared-adapter[japan+us-regions+us-states] ep03 val=0.1687 best=0.1687
    shared-adapter[japan+us-regions+us-states] ep04 val=0.1598 best=0.1598
    shared-adapter[japan+us-regions+us-states] ep05 val=0.1586 best=0.1586
    shared-adapter[japan+us-regions+us-states] ep06 val=0.1607 best=0.1586
    shared-adapter[japan+us-regions+us-states] ep07 val=0.1566 best=0.1566
    shared-adapter[japan+us-regions+us-states] ep08 val=0.1525 best=0.1525
    shared-adapter[japan+us-regions+us-states] ep09 val=0.1526 best=0.1525
    shared-adapter[japan+us-regions+us-states] ep10 val=0.1517 best=0.1517
    shared-adapter[japan+us-regions+us-states] ep11 val=0.1492 best=0.1492
    shared-adapter[japan+us-regions+us-states] ep12 val=0.1530 best=0.1492
    shared-adapter[japan+us-regions+us-states] ep13 val=0.1521 best=0.1492
    shared-adapter[japan+us-regions+us-states] ep14 val=0.1488 best=0.1488
    shared-adapter[japan+us-regions+us-states] ep15 val=0.1487 best=0.1487
    shared-adapter[japan+us-regions+us-states] ep16 val=0.1447 best=0.1447
    shared-adapter[japan+us-regions+us-states] ep17 val=0.1526 best=0.1447
    shared-adapter[japan+us-regions+us-states] ep18 val=0.1459 best=0.1447
    shared-adapter[japan+us-regions+us-states] ep19 val=0.1491 best=0.1447
    shared-adapter[japan+us-regions+us-states] ep20 val=0.1424 best=0.1424
    shared-adapter[japan+us-regions+us-states] ep21 val=0.1464 best=0.1424
    shared-adapter[japan+us-regions+us-states] ep22 val=0.1459 best=0.1424
    shared-adapter[japan+us-regions+us-states] ep23 val=0.1466 best=0.1424
    shared-adapter[japan+us-regions+us-states] ep24 val=0.1469 best=0.1424
    shared-adapter[japan+us-regions+us-states] ep25 val=0.1443 best=0.1424
    shared-adapter[japan+us-regions+us-states] ep26 val=0.1471 best=0.1424
    shared-adapter[japan+us-regions+us-states] ep27 val=0.1458 best=0.1424
    shared-adapter[japan+us-regions+us-states] ep28 val=0.1422 best=0.1422
    shared-adapter[japan+us-regions+us-states] ep29 val=0.1411 best=0.1411
    shared-adapter[japan+us-regions+us-states] ep30 val=0.1446 best=0.1411
    shared-adapter[japan+us-regions+us-states] ep31 val=0.1418 best=0.1411
    shared-adapter[japan+us-regions+us-states] ep32 val=0.1435 best=0.1411
    shared-adapter[japan+us-regions+us-states] ep33 val=0.1428 best=0.1411
    shared-adapter[japan+us-regions+us-states] ep34 val=0.1424 best=0.1411
    shared-adapter[japan+us-regions+us-states] ep35 val=0.1475 best=0.1411
    shared-adapter[japan+us-regions+us-states] ep36 val=0.1433 best=0.1411
    shared-adapter[japan+us-regions+us-states] ep37 val=0.1444 best=0.1411
    shared-adapter[japan+us-regions+us-states] ep38 val=0.1435 best=0.1411
    shared-adapter[japan+us-regions+us-states] ep39 val=0.1436 best=0.1411
    shared-adapter[japan+us-regions+us-states] ep40 val=0.1431 best=0.1411
    shared-adapter[japan+us-regions+us-states] ep41 val=0.1440 best=0.1411
    shared-adapter[japan+us-regions+us-states] ep42 val=0.1420 best=0.1411
    shared-adapter[japan+us-regions+us-states] ep43 val=0.1447 best=0.1411
    shared-adapter[japan+us-regions+us-states] ep44 val=0.1435 best=0.1411
[seed 42] scored; results\misc\anil_ldo3influenza_affine_control.json updated (1 seeds)

=== fold=influenza arm=control surface=affine, 1 seeds ===

reference: LDO3 freeze-then-adapt (influenza held out) (freeze-then-adapt, LDO3 fold of the same name, same seeds and scorer)
delta% = (reference_rmse - arm_rmse) / |reference_rmse| x 100; positive = arm better; units = per cent of reference RMSE (country-macro, count space)

cell                          n   mean d%      sd               95% CI   verdict
influenza_japan|h10           1      -1.3     nan          n too small   within noise
influenza_japan|h15           1      -6.5     nan          n too small   within noise
influenza_japan|h3            1     -25.5     nan          n too small   within noise
influenza_japan|h5            1      -4.8     nan          n too small   within noise
influenza_us-regions|h10      1      -5.6     nan          n too small   within noise
influenza_us-regions|h15      1      -1.9     nan          n too small   within noise
influenza_us-regions|h3       1      +3.6     nan          n too small   within noise
influenza_us-regions|h5       1      +1.2     nan          n too small   within noise
influenza_us-states|h10       1      -1.2     nan          n too small   within noise
influenza_us-states|h15       1      -0.3     nan          n too small   within noise
influenza_us-states|h3        1      -5.8     nan          n too small   within noise
influenza_us-states|h5        1      -2.4     nan          n too small   within noise

0 of 12 cells significantly better than LDO3 freeze-then-adapt (influenza held out), 0 significantly worse.

wrote results\misc\anil_ldo3influenza_affine_control_summary.json

wrote results\misc\anil_ldo3influenza_affine_control.json
ABLATION ONLY. This is an ablation of the adaptation procedure, not a headline, and that does not change if the sign is positive.
Report with ALL of: (1) episodes here DO vary disease -- meta-train ['dengue', 'covid_us-states'] over 2 panels, held out ['influenza_japan', 'influenza_us-regions', 'influenza_us-states'] -- which answers D13's objection for this fold but NOT for the dengue2flu run, so do not read this back onto that table; (2) warm start, so this is meta-FINE-TUNING; (3) the meta-test fits a fresh adapter on FULL train folds, so nothing here measures few-shot; (4) the surface was selected on h15, where the Ebola primary arm has zero adaptation pairs.

===== anil influenza seed42 anil :: 2026-09-03 23:48:07 =====
[preflight] ok: fold=influenza meta-train=['dengue', 'covid_us-states'] -> meta-test=['influenza_japan', 'influenza_us-regions', 'influenza_us-states'], 1 seeds, device cuda, arm=anil, surface=affine, target lag 12 origins, second_order=True, warm_start=True
[anil] seed 42 arm=anil surface=affine: warm start from results\lodo\encoder_ldo3__influenza__seed42__ckpt.pt
    anil(42,anil) upd   100 train=0.2021 (0.2 min, 62 skipped)
    anil(42,anil) upd   200 train=0.1363 (0.4 min, 108 skipped)
    anil(42,anil) upd   250 val=0.1645 best=0.1645 (0.5 min)
    anil(42,anil) upd   300 train=0.1077 (0.6 min, 166 skipped)
    anil(42,anil) upd   400 train=0.1131 (0.9 min, 218 skipped)
    anil(42,anil) upd   500 val=0.1588 best=0.1588 (1.1 min)
    anil(42,anil) upd   600 train=0.1076 (1.4 min, 349 skipped)
    anil(42,anil) upd   700 train=0.0919 (1.6 min, 403 skipped)
    anil(42,anil) upd   750 val=0.1558 best=0.1558 (1.7 min)
    anil(42,anil) upd   800 train=0.0887 (1.8 min, 462 skipped)
    anil(42,anil) upd   900 train=0.0818 (2.0 min, 511 skipped)
    anil(42,anil) upd  1000 val=0.1533 best=0.1533 (2.3 min)
    anil(42,anil) upd  1100 train=0.0804 (2.5 min, 666 skipped)
    anil(42,anil) upd  1200 train=0.0744 (2.7 min, 715 skipped)
    anil(42,anil) upd  1250 val=0.1527 best=0.1527 (2.8 min)
    anil(42,anil) upd  1300 train=0.0847 (2.9 min, 771 skipped)
    anil(42,anil) upd  1400 train=0.0865 (3.1 min, 830 skipped)
    anil(42,anil) upd  1500 val=0.1513 best=0.1513 (3.5 min)
    anil(42,anil) upd  1600 train=0.0784 (3.8 min, 954 skipped)
    anil(42,anil) upd  1700 train=0.0807 (4.1 min, 991 skipped)
    anil(42,anil) upd  1750 val=0.1501 best=0.1501 (4.3 min)
    anil(42,anil) upd  1800 train=0.0764 (4.4 min, 1055 skipped)
    anil(42,anil) upd  1900 train=0.0751 (4.7 min, 1120 skipped)
    anil(42,anil) upd  2000 val=0.1490 best=0.1490 (5.1 min)
    anil(42,anil) upd  2100 train=0.0643 (5.3 min, 1256 skipped)
    anil(42,anil) upd  2200 train=0.0588 (5.6 min, 1307 skipped)
    anil(42,anil) upd  2250 val=0.1495 best=0.1490 (5.8 min)
    anil(42,anil) upd  2300 train=0.0875 (6.0 min, 1385 skipped)
    anil(42,anil) upd  2400 train=0.0684 (6.2 min, 1441 skipped)
    anil(42,anil) upd  2500 val=0.1494 best=0.1490 (6.6 min)
    anil(42,anil) upd  2600 train=0.0691 (6.9 min, 1573 skipped)
    anil(42,anil) upd  2700 train=0.0814 (7.2 min, 1616 skipped)
    anil(42,anil) upd  2750 val=0.1502 best=0.1490 (7.4 min)
    anil(42,anil) upd  2800 train=0.0538 (7.5 min, 1670 skipped)
    anil(42,anil) upd  2900 train=0.0772 (7.8 min, 1732 skipped)
    anil(42,anil) upd  3000 val=0.1492 best=0.1490 (8.1 min)
    anil(42,anil) upd  3100 train=0.0749 (8.3 min, 1838 skipped)
    anil(42,anil) upd  3200 train=0.0645 (8.6 min, 1899 skipped)
    anil(42,anil) upd  3250 val=0.1487 best=0.1487 (8.8 min)
    anil(42,anil) upd  3300 train=0.0727 (8.9 min, 1959 skipped)
    anil(42,anil) upd  3400 train=0.0689 (9.2 min, 2008 skipped)
    anil(42,anil) upd  3500 val=0.1484 best=0.1484 (9.6 min)
    anil(42,anil) upd  3600 train=0.0685 (9.8 min, 2104 skipped)
    anil(42,anil) upd  3700 train=0.0689 (10.1 min, 2151 skipped)
    anil(42,anil) upd  3750 val=0.1482 best=0.1482 (10.3 min)
    anil(42,anil) upd  3800 train=0.0724 (10.4 min, 2200 skipped)
    anil(42,anil) upd  3900 train=0.0686 (10.7 min, 2251 skipped)
    anil(42,anil) upd  4000 val=0.1479 best=0.1479 (11.0 min)
    anil(42,anil) upd  4100 train=0.0713 (11.2 min, 2384 skipped)
    anil(42,anil) upd  4200 train=0.0851 (11.6 min, 2457 skipped)
    anil(42,anil) upd  4250 val=0.1485 best=0.1479 (11.7 min)
    anil(42,anil) upd  4300 train=0.0613 (11.9 min, 2508 skipped)
    anil(42,anil) upd  4400 train=0.0784 (12.2 min, 2575 skipped)
    anil(42,anil) upd  4500 val=0.1483 best=0.1479 (12.5 min)
    anil(42,anil) upd  4600 train=0.0724 (12.8 min, 2699 skipped)
    anil(42,anil) upd  4700 train=0.0724 (13.1 min, 2764 skipped)
    anil(42,anil) upd  4750 val=0.1488 best=0.1479 (13.3 min)
    anil(42,anil) upd  4800 train=0.0764 (13.4 min, 2835 skipped)
    anil(42,anil) upd  4900 train=0.0792 (13.7 min, 2902 skipped)
    anil(42,anil) upd  5000 val=0.1493 best=0.1479 (14.0 min)
    shared-adapter[japan+us-regions+us-states] ep00 val=0.1957 best=0.1957
    shared-adapter[japan+us-regions+us-states] ep01 val=0.1784 best=0.1784
    shared-adapter[japan+us-regions+us-states] ep02 val=0.1675 best=0.1675
    shared-adapter[japan+us-regions+us-states] ep03 val=0.1624 best=0.1624
    shared-adapter[japan+us-regions+us-states] ep04 val=0.1527 best=0.1527
    shared-adapter[japan+us-regions+us-states] ep05 val=0.1520 best=0.1520
    shared-adapter[japan+us-regions+us-states] ep06 val=0.1528 best=0.1520
    shared-adapter[japan+us-regions+us-states] ep07 val=0.1494 best=0.1494
    shared-adapter[japan+us-regions+us-states] ep08 val=0.1446 best=0.1446
    shared-adapter[japan+us-regions+us-states] ep09 val=0.1453 best=0.1446
    shared-adapter[japan+us-regions+us-states] ep10 val=0.1442 best=0.1442
    shared-adapter[japan+us-regions+us-states] ep11 val=0.1421 best=0.1421
    shared-adapter[japan+us-regions+us-states] ep12 val=0.1455 best=0.1421
    shared-adapter[japan+us-regions+us-states] ep13 val=0.1452 best=0.1421
    shared-adapter[japan+us-regions+us-states] ep14 val=0.1427 best=0.1421
    shared-adapter[japan+us-regions+us-states] ep15 val=0.1422 best=0.1421
    shared-adapter[japan+us-regions+us-states] ep16 val=0.1393 best=0.1393
    shared-adapter[japan+us-regions+us-states] ep17 val=0.1461 best=0.1393
    shared-adapter[japan+us-regions+us-states] ep18 val=0.1396 best=0.1393
    shared-adapter[japan+us-regions+us-states] ep19 val=0.1430 best=0.1393
    shared-adapter[japan+us-regions+us-states] ep20 val=0.1366 best=0.1366
    shared-adapter[japan+us-regions+us-states] ep21 val=0.1400 best=0.1366
    shared-adapter[japan+us-regions+us-states] ep22 val=0.1397 best=0.1366
    shared-adapter[japan+us-regions+us-states] ep23 val=0.1403 best=0.1366
    shared-adapter[japan+us-regions+us-states] ep24 val=0.1412 best=0.1366
    shared-adapter[japan+us-regions+us-states] ep25 val=0.1389 best=0.1366
    shared-adapter[japan+us-regions+us-states] ep26 val=0.1402 best=0.1366
    shared-adapter[japan+us-regions+us-states] ep27 val=0.1401 best=0.1366
    shared-adapter[japan+us-regions+us-states] ep28 val=0.1368 best=0.1366
    shared-adapter[japan+us-regions+us-states] ep29 val=0.1359 best=0.1359
    shared-adapter[japan+us-regions+us-states] ep30 val=0.1388 best=0.1359
    shared-adapter[japan+us-regions+us-states] ep31 val=0.1367 best=0.1359
    shared-adapter[japan+us-regions+us-states] ep32 val=0.1380 best=0.1359
    shared-adapter[japan+us-regions+us-states] ep33 val=0.1372 best=0.1359
    shared-adapter[japan+us-regions+us-states] ep34 val=0.1372 best=0.1359
    shared-adapter[japan+us-regions+us-states] ep35 val=0.1416 best=0.1359
    shared-adapter[japan+us-regions+us-states] ep36 val=0.1378 best=0.1359
    shared-adapter[japan+us-regions+us-states] ep37 val=0.1387 best=0.1359
    shared-adapter[japan+us-regions+us-states] ep38 val=0.1378 best=0.1359
    shared-adapter[japan+us-regions+us-states] ep39 val=0.1382 best=0.1359
    shared-adapter[japan+us-regions+us-states] ep40 val=0.1377 best=0.1359
    shared-adapter[japan+us-regions+us-states] ep41 val=0.1389 best=0.1359
    shared-adapter[japan+us-regions+us-states] ep42 val=0.1368 best=0.1359
    shared-adapter[japan+us-regions+us-states] ep43 val=0.1389 best=0.1359
    shared-adapter[japan+us-regions+us-states] ep44 val=0.1382 best=0.1359
[seed 42] scored; results\misc\anil_ldo3influenza_affine_anil.json updated (1 seeds)

=== fold=influenza arm=anil surface=affine, 1 seeds ===

reference: LDO3 freeze-then-adapt (influenza held out) (freeze-then-adapt, LDO3 fold of the same name, same seeds and scorer)
delta% = (reference_rmse - arm_rmse) / |reference_rmse| x 100; positive = arm better; units = per cent of reference RMSE (country-macro, count space)

cell                          n   mean d%      sd               95% CI   verdict
influenza_japan|h10           1      -0.7     nan          n too small   within noise
influenza_japan|h15           1      -4.5     nan          n too small   within noise
influenza_japan|h3            1     -20.8     nan          n too small   within noise
influenza_japan|h5            1      -7.4     nan          n too small   within noise
influenza_us-regions|h10      1      +4.9     nan          n too small   within noise
influenza_us-regions|h15      1      +7.3     nan          n too small   within noise
influenza_us-regions|h3       1      +8.8     nan          n too small   within noise
influenza_us-regions|h5       1      +9.2     nan          n too small   within noise
influenza_us-states|h10       1      +1.0     nan          n too small   within noise
influenza_us-states|h15       1      -1.0     nan          n too small   within noise
influenza_us-states|h3        1      -1.0     nan          n too small   within noise
influenza_us-states|h5        1      +1.6     nan          n too small   within noise

0 of 12 cells significantly better than LDO3 freeze-then-adapt (influenza held out), 0 significantly worse.

wrote results\misc\anil_ldo3influenza_affine_anil_summary.json

wrote results\misc\anil_ldo3influenza_affine_anil.json
ABLATION ONLY. This is an ablation of the adaptation procedure, not a headline, and that does not change if the sign is positive.
Report with ALL of: (1) episodes here DO vary disease -- meta-train ['dengue', 'covid_us-states'] over 2 panels, held out ['influenza_japan', 'influenza_us-regions', 'influenza_us-states'] -- which answers D13's objection for this fold but NOT for the dengue2flu run, so do not read this back onto that table; (2) warm start, so this is meta-FINE-TUNING; (3) the meta-test fits a fresh adapter on FULL train folds, so nothing here measures few-shot; (4) the surface was selected on h15, where the Ebola primary arm has zero adaptation pairs.

===== anil influenza seed52 control :: 2026-09-04 00:07:13 =====
[preflight] ok: fold=influenza meta-train=['dengue', 'covid_us-states'] -> meta-test=['influenza_japan', 'influenza_us-regions', 'influenza_us-states'], 1 seeds, device cuda, arm=control, surface=affine, target lag 12 origins, second_order=True, warm_start=True
[resume] already scored: [42]
[anil] seed 52 arm=control surface=affine: warm start from results\lodo\encoder_ldo3__influenza__seed52__ckpt.pt
    anil(52,control) upd   100 train=0.2450 (0.3 min, 69 skipped)
    anil(52,control) upd   200 train=0.1330 (0.5 min, 132 skipped)
    anil(52,control) upd   250 val=0.1899 best=0.1899 (0.7 min)
    anil(52,control) upd   300 train=0.1316 (0.8 min, 196 skipped)
    anil(52,control) upd   400 train=0.1056 (1.1 min, 269 skipped)
    anil(52,control) upd   500 val=0.1775 best=0.1775 (1.4 min)
    anil(52,control) upd   600 train=0.0898 (1.6 min, 376 skipped)
    anil(52,control) upd   700 train=0.0877 (1.8 min, 439 skipped)
    anil(52,control) upd   750 val=0.1774 best=0.1774 (2.0 min)
    anil(52,control) upd   800 train=0.0815 (2.1 min, 495 skipped)
    anil(52,control) upd   900 train=0.0877 (2.3 min, 549 skipped)
    anil(52,control) upd  1000 val=0.1745 best=0.1745 (2.6 min)
    anil(52,control) upd  1100 train=0.0821 (2.8 min, 668 skipped)
    anil(52,control) upd  1200 train=0.0836 (3.1 min, 734 skipped)
    anil(52,control) upd  1250 val=0.1718 best=0.1718 (3.3 min)
    anil(52,control) upd  1300 train=0.0759 (3.4 min, 804 skipped)
    anil(52,control) upd  1400 train=0.0796 (3.7 min, 849 skipped)
    anil(52,control) upd  1500 val=0.1712 best=0.1712 (4.0 min)
    anil(52,control) upd  1600 train=0.0828 (4.3 min, 977 skipped)
    anil(52,control) upd  1700 train=0.0708 (4.6 min, 1037 skipped)
    anil(52,control) upd  1750 val=0.1712 best=0.1712 (4.7 min)
    anil(52,control) upd  1800 train=0.0903 (4.9 min, 1085 skipped)
    anil(52,control) upd  1900 train=0.0705 (5.1 min, 1126 skipped)
    anil(52,control) upd  2000 val=0.1699 best=0.1699 (5.3 min)
    anil(52,control) upd  2100 train=0.0804 (5.6 min, 1240 skipped)
    anil(52,control) upd  2200 train=0.0785 (5.9 min, 1305 skipped)
    anil(52,control) upd  2250 val=0.1667 best=0.1667 (6.0 min)
    anil(52,control) upd  2300 train=0.0712 (6.1 min, 1356 skipped)
    anil(52,control) upd  2400 train=0.0748 (6.4 min, 1417 skipped)
    anil(52,control) upd  2500 val=0.1686 best=0.1667 (6.7 min)
    anil(52,control) upd  2600 train=0.0799 (7.0 min, 1507 skipped)
    anil(52,control) upd  2700 train=0.0822 (7.3 min, 1565 skipped)
    anil(52,control) upd  2750 val=0.1663 best=0.1663 (7.5 min)
    anil(52,control) upd  2800 train=0.0787 (7.6 min, 1613 skipped)
    anil(52,control) upd  2900 train=0.0732 (7.9 min, 1664 skipped)
    anil(52,control) upd  3000 val=0.1668 best=0.1663 (8.2 min)
    anil(52,control) upd  3100 train=0.0777 (8.4 min, 1778 skipped)
    anil(52,control) upd  3200 train=0.0807 (8.7 min, 1849 skipped)
    anil(52,control) upd  3250 val=0.1672 best=0.1663 (8.9 min)
    anil(52,control) upd  3300 train=0.0725 (9.0 min, 1915 skipped)
    anil(52,control) upd  3400 train=0.0743 (9.2 min, 1990 skipped)
    anil(52,control) upd  3500 val=0.1669 best=0.1663 (9.4 min)
    anil(52,control) upd  3600 train=0.0663 (9.6 min, 2114 skipped)
    anil(52,control) upd  3700 train=0.0688 (9.8 min, 2187 skipped)
    anil(52,control) upd  3750 val=0.1657 best=0.1657 (9.9 min)
    anil(52,control) upd  3800 train=0.0740 (10.0 min, 2252 skipped)
    anil(52,control) upd  3900 train=0.0810 (10.2 min, 2296 skipped)
    anil(52,control) upd  4000 val=0.1650 best=0.1650 (10.4 min)
    anil(52,control) upd  4100 train=0.0746 (10.6 min, 2412 skipped)
    anil(52,control) upd  4200 train=0.0677 (10.8 min, 2470 skipped)
    anil(52,control) upd  4250 val=0.1649 best=0.1649 (10.9 min)
    anil(52,control) upd  4300 train=0.0722 (11.0 min, 2529 skipped)
    anil(52,control) upd  4400 train=0.0710 (11.2 min, 2600 skipped)
    anil(52,control) upd  4500 val=0.1662 best=0.1649 (11.4 min)
    anil(52,control) upd  4600 train=0.0685 (11.5 min, 2723 skipped)
    anil(52,control) upd  4700 train=0.0717 (11.7 min, 2793 skipped)
    anil(52,control) upd  4750 val=0.1660 best=0.1649 (11.8 min)
    anil(52,control) upd  4800 train=0.0693 (11.9 min, 2858 skipped)
    anil(52,control) upd  4900 train=0.0701 (12.1 min, 2920 skipped)
    anil(52,control) upd  5000 val=0.1653 best=0.1649 (12.3 min)
    shared-adapter[japan+us-regions+us-states] ep00 val=0.1918 best=0.1918
    shared-adapter[japan+us-regions+us-states] ep01 val=0.1792 best=0.1792
    shared-adapter[japan+us-regions+us-states] ep02 val=0.1713 best=0.1713
    shared-adapter[japan+us-regions+us-states] ep03 val=0.1630 best=0.1630
    shared-adapter[japan+us-regions+us-states] ep04 val=0.1592 best=0.1592
    shared-adapter[japan+us-regions+us-states] ep05 val=0.1588 best=0.1588
    shared-adapter[japan+us-regions+us-states] ep06 val=0.1576 best=0.1576
    shared-adapter[japan+us-regions+us-states] ep07 val=0.1502 best=0.1502
    shared-adapter[japan+us-regions+us-states] ep08 val=0.1504 best=0.1502
    shared-adapter[japan+us-regions+us-states] ep09 val=0.1523 best=0.1502
    shared-adapter[japan+us-regions+us-states] ep10 val=0.1508 best=0.1502
    shared-adapter[japan+us-regions+us-states] ep11 val=0.1458 best=0.1458
    shared-adapter[japan+us-regions+us-states] ep12 val=0.1470 best=0.1458
    shared-adapter[japan+us-regions+us-states] ep13 val=0.1457 best=0.1457
    shared-adapter[japan+us-regions+us-states] ep14 val=0.1450 best=0.1450
    shared-adapter[japan+us-regions+us-states] ep15 val=0.1436 best=0.1436
    shared-adapter[japan+us-regions+us-states] ep16 val=0.1461 best=0.1436
    shared-adapter[japan+us-regions+us-states] ep17 val=0.1443 best=0.1436
    shared-adapter[japan+us-regions+us-states] ep18 val=0.1415 best=0.1415
    shared-adapter[japan+us-regions+us-states] ep19 val=0.1402 best=0.1402
    shared-adapter[japan+us-regions+us-states] ep20 val=0.1405 best=0.1402
    shared-adapter[japan+us-regions+us-states] ep21 val=0.1395 best=0.1395
    shared-adapter[japan+us-regions+us-states] ep22 val=0.1415 best=0.1395
    shared-adapter[japan+us-regions+us-states] ep23 val=0.1405 best=0.1395
    shared-adapter[japan+us-regions+us-states] ep24 val=0.1418 best=0.1395
    shared-adapter[japan+us-regions+us-states] ep25 val=0.1381 best=0.1381
    shared-adapter[japan+us-regions+us-states] ep26 val=0.1441 best=0.1381
    shared-adapter[japan+us-regions+us-states] ep27 val=0.1392 best=0.1381
    shared-adapter[japan+us-regions+us-states] ep28 val=0.1411 best=0.1381
    shared-adapter[japan+us-regions+us-states] ep29 val=0.1410 best=0.1381
    shared-adapter[japan+us-regions+us-states] ep30 val=0.1400 best=0.1381
    shared-adapter[japan+us-regions+us-states] ep31 val=0.1408 best=0.1381
    shared-adapter[japan+us-regions+us-states] ep32 val=0.1368 best=0.1368
    shared-adapter[japan+us-regions+us-states] ep33 val=0.1391 best=0.1368
    shared-adapter[japan+us-regions+us-states] ep34 val=0.1362 best=0.1362
    shared-adapter[japan+us-regions+us-states] ep35 val=0.1393 best=0.1362
    shared-adapter[japan+us-regions+us-states] ep36 val=0.1380 best=0.1362
    shared-adapter[japan+us-regions+us-states] ep37 val=0.1375 best=0.1362
    shared-adapter[japan+us-regions+us-states] ep38 val=0.1381 best=0.1362
    shared-adapter[japan+us-regions+us-states] ep39 val=0.1366 best=0.1362
    shared-adapter[japan+us-regions+us-states] ep40 val=0.1354 best=0.1354
    shared-adapter[japan+us-regions+us-states] ep41 val=0.1361 best=0.1354
    shared-adapter[japan+us-regions+us-states] ep42 val=0.1378 best=0.1354
    shared-adapter[japan+us-regions+us-states] ep43 val=0.1369 best=0.1354
    shared-adapter[japan+us-regions+us-states] ep44 val=0.1382 best=0.1354
    shared-adapter[japan+us-regions+us-states] ep45 val=0.1379 best=0.1354
    shared-adapter[japan+us-regions+us-states] ep46 val=0.1366 best=0.1354
    shared-adapter[japan+us-regions+us-states] ep47 val=0.1360 best=0.1354
    shared-adapter[japan+us-regions+us-states] ep48 val=0.1357 best=0.1354
    shared-adapter[japan+us-regions+us-states] ep49 val=0.1371 best=0.1354
    shared-adapter[japan+us-regions+us-states] ep50 val=0.1358 best=0.1354
    shared-adapter[japan+us-regions+us-states] ep51 val=0.1358 best=0.1354
    shared-adapter[japan+us-regions+us-states] ep52 val=0.1365 best=0.1354
    shared-adapter[japan+us-regions+us-states] ep53 val=0.1351 best=0.1351
    shared-adapter[japan+us-regions+us-states] ep54 val=0.1358 best=0.1351
    shared-adapter[japan+us-regions+us-states] ep55 val=0.1370 best=0.1351
    shared-adapter[japan+us-regions+us-states] ep56 val=0.1369 best=0.1351
    shared-adapter[japan+us-regions+us-states] ep57 val=0.1349 best=0.1349
    shared-adapter[japan+us-regions+us-states] ep58 val=0.1363 best=0.1349
    shared-adapter[japan+us-regions+us-states] ep59 val=0.1358 best=0.1349
    shared-adapter[japan+us-regions+us-states] ep60 val=0.1370 best=0.1349
    shared-adapter[japan+us-regions+us-states] ep61 val=0.1373 best=0.1349
    shared-adapter[japan+us-regions+us-states] ep62 val=0.1356 best=0.1349
    shared-adapter[japan+us-regions+us-states] ep63 val=0.1358 best=0.1349
    shared-adapter[japan+us-regions+us-states] ep64 val=0.1366 best=0.1349
    shared-adapter[japan+us-regions+us-states] ep65 val=0.1361 best=0.1349
    shared-adapter[japan+us-regions+us-states] ep66 val=0.1365 best=0.1349
    shared-adapter[japan+us-regions+us-states] ep67 val=0.1360 best=0.1349
    shared-adapter[japan+us-regions+us-states] ep68 val=0.1362 best=0.1349
    shared-adapter[japan+us-regions+us-states] ep69 val=0.1357 best=0.1349
    shared-adapter[japan+us-regions+us-states] ep70 val=0.1360 best=0.1349
    shared-adapter[japan+us-regions+us-states] ep71 val=0.1363 best=0.1349
    shared-adapter[japan+us-regions+us-states] ep72 val=0.1362 best=0.1349
[seed 52] scored; results\misc\anil_ldo3influenza_affine_control.json updated (2 seeds)

=== fold=influenza arm=control surface=affine, 2 seeds ===

reference: LDO3 freeze-then-adapt (influenza held out) (freeze-then-adapt, LDO3 fold of the same name, same seeds and scorer)
delta% = (reference_rmse - arm_rmse) / |reference_rmse| x 100; positive = arm better; units = per cent of reference RMSE (country-macro, count space)

cell                          n   mean d%      sd               95% CI   verdict
influenza_japan|h10           2      -1.4     0.2         [-3.5, +0.7]   within noise
influenza_japan|h15           2      -3.3     4.6       [-44.6, +38.0]   within noise
influenza_japan|h3            2     -19.4     8.6       [-96.4, +57.5]   within noise
influenza_japan|h5            2      -9.6     6.8       [-71.0, +51.8]   within noise
influenza_us-regions|h10      2      -4.5     1.6        [-18.9, +9.9]   within noise
influenza_us-regions|h15      2      -3.8     2.7       [-28.4, +20.7]   within noise
influenza_us-regions|h3       2      -1.9     7.8       [-72.1, +68.2]   within noise
influenza_us-regions|h5       2      -1.5     3.9       [-36.7, +33.7]   within noise
influenza_us-states|h10       2      +1.5     3.9       [-33.6, +36.7]   within noise
influenza_us-states|h15       2      +0.6     1.3       [-11.0, +12.1]   within noise
influenza_us-states|h3        2      -4.5     1.9       [-21.2, +12.2]   within noise
influenza_us-states|h5        2      -2.4     0.0         [-2.7, -2.0]   yes

0 of 12 cells significantly better than LDO3 freeze-then-adapt (influenza held out), 1 significantly worse.

wrote results\misc\anil_ldo3influenza_affine_control_summary.json

wrote results\misc\anil_ldo3influenza_affine_control.json
ABLATION ONLY. This is an ablation of the adaptation procedure, not a headline, and that does not change if the sign is positive.
Report with ALL of: (1) episodes here DO vary disease -- meta-train ['dengue', 'covid_us-states'] over 2 panels, held out ['influenza_japan', 'influenza_us-regions', 'influenza_us-states'] -- which answers D13's objection for this fold but NOT for the dengue2flu run, so do not read this back onto that table; (2) warm start, so this is meta-FINE-TUNING; (3) the meta-test fits a fresh adapter on FULL train folds, so nothing here measures few-shot; (4) the surface was selected on h15, where the Ebola primary arm has zero adaptation pairs.

===== anil influenza seed52 anil :: 2026-09-04 00:25:53 =====
[preflight] ok: fold=influenza meta-train=['dengue', 'covid_us-states'] -> meta-test=['influenza_japan', 'influenza_us-regions', 'influenza_us-states'], 1 seeds, device cuda, arm=anil, surface=affine, target lag 12 origins, second_order=True, warm_start=True
[resume] already scored: [42]
[anil] seed 52 arm=anil surface=affine: warm start from results\lodo\encoder_ldo3__influenza__seed52__ckpt.pt
    anil(52,anil) upd   100 train=0.2371 (0.2 min, 69 skipped)
    anil(52,anil) upd   200 train=0.1401 (0.4 min, 132 skipped)
    anil(52,anil) upd   250 val=0.1948 best=0.1948 (0.5 min)
    anil(52,anil) upd   300 train=0.1367 (0.7 min, 196 skipped)
    anil(52,anil) upd   400 train=0.1133 (0.9 min, 269 skipped)
    anil(52,anil) upd   500 val=0.1746 best=0.1746 (1.1 min)
    anil(52,anil) upd   600 train=0.0930 (1.3 min, 376 skipped)
    anil(52,anil) upd   700 train=0.0877 (1.5 min, 439 skipped)
    anil(52,anil) upd   750 val=0.1726 best=0.1726 (1.6 min)
    anil(52,anil) upd   800 train=0.0812 (1.7 min, 495 skipped)
    anil(52,anil) upd   900 train=0.0879 (1.9 min, 549 skipped)
    anil(52,anil) upd  1000 val=0.1721 best=0.1721 (2.1 min)
    anil(52,anil) upd  1100 train=0.0825 (2.3 min, 668 skipped)
    anil(52,anil) upd  1200 train=0.0839 (2.5 min, 734 skipped)
    anil(52,anil) upd  1250 val=0.1694 best=0.1694 (2.7 min)
    anil(52,anil) upd  1300 train=0.0799 (2.8 min, 804 skipped)
    anil(52,anil) upd  1400 train=0.0815 (3.0 min, 849 skipped)
    anil(52,anil) upd  1500 val=0.1681 best=0.1681 (3.2 min)
    anil(52,anil) upd  1600 train=0.0806 (3.5 min, 977 skipped)
    anil(52,anil) upd  1700 train=0.0691 (3.7 min, 1037 skipped)
    anil(52,anil) upd  1750 val=0.1686 best=0.1681 (3.8 min)
    anil(52,anil) upd  1800 train=0.0889 (3.9 min, 1085 skipped)
    anil(52,anil) upd  1900 train=0.0730 (4.1 min, 1126 skipped)
    anil(52,anil) upd  2000 val=0.1668 best=0.1668 (4.3 min)
    anil(52,anil) upd  2100 train=0.0829 (4.5 min, 1240 skipped)
    anil(52,anil) upd  2200 train=0.0766 (4.7 min, 1305 skipped)
    anil(52,anil) upd  2250 val=0.1642 best=0.1642 (4.8 min)
    anil(52,anil) upd  2300 train=0.0699 (4.9 min, 1356 skipped)
    anil(52,anil) upd  2400 train=0.0729 (5.1 min, 1417 skipped)
    anil(52,anil) upd  2500 val=0.1643 best=0.1642 (5.4 min)
    anil(52,anil) upd  2600 train=0.0821 (5.6 min, 1507 skipped)
    anil(52,anil) upd  2700 train=0.0830 (5.8 min, 1565 skipped)
    anil(52,anil) upd  2750 val=0.1639 best=0.1639 (5.9 min)
    anil(52,anil) upd  2800 train=0.0770 (6.1 min, 1613 skipped)
    anil(52,anil) upd  2900 train=0.0736 (6.3 min, 1664 skipped)
    anil(52,anil) upd  3000 val=0.1623 best=0.1623 (6.5 min)
    anil(52,anil) upd  3100 train=0.0793 (6.7 min, 1778 skipped)
    anil(52,anil) upd  3200 train=0.0785 (6.9 min, 1849 skipped)
    anil(52,anil) upd  3250 val=0.1642 best=0.1623 (7.0 min)
    anil(52,anil) upd  3300 train=0.0701 (7.1 min, 1915 skipped)
    anil(52,anil) upd  3400 train=0.0774 (7.3 min, 1990 skipped)
    anil(52,anil) upd  3500 val=0.1621 best=0.1621 (7.5 min)
    anil(52,anil) upd  3600 train=0.0662 (7.7 min, 2114 skipped)
    anil(52,anil) upd  3700 train=0.0679 (7.9 min, 2187 skipped)
    anil(52,anil) upd  3750 val=0.1626 best=0.1621 (8.1 min)
    anil(52,anil) upd  3800 train=0.0716 (8.2 min, 2252 skipped)
    anil(52,anil) upd  3900 train=0.0799 (8.4 min, 2296 skipped)
    anil(52,anil) upd  4000 val=0.1624 best=0.1621 (8.6 min)
    anil(52,anil) upd  4100 train=0.0757 (8.8 min, 2412 skipped)
    anil(52,anil) upd  4200 train=0.0700 (9.0 min, 2470 skipped)
    anil(52,anil) upd  4250 val=0.1611 best=0.1611 (9.1 min)
    anil(52,anil) upd  4300 train=0.0751 (9.2 min, 2529 skipped)
    anil(52,anil) upd  4400 train=0.0728 (9.4 min, 2600 skipped)
    anil(52,anil) upd  4500 val=0.1626 best=0.1611 (9.7 min)
    anil(52,anil) upd  4600 train=0.0703 (9.9 min, 2723 skipped)
    anil(52,anil) upd  4700 train=0.0665 (10.1 min, 2793 skipped)
    anil(52,anil) upd  4750 val=0.1640 best=0.1611 (10.2 min)
    anil(52,anil) upd  4800 train=0.0685 (10.3 min, 2858 skipped)
    anil(52,anil) upd  4900 train=0.0714 (10.5 min, 2920 skipped)
    anil(52,anil) upd  5000 val=0.1618 best=0.1611 (10.7 min)
    shared-adapter[japan+us-regions+us-states] ep00 val=0.1896 best=0.1896
    shared-adapter[japan+us-regions+us-states] ep01 val=0.1768 best=0.1768
    shared-adapter[japan+us-regions+us-states] ep02 val=0.1687 best=0.1687
    shared-adapter[japan+us-regions+us-states] ep03 val=0.1618 best=0.1618
    shared-adapter[japan+us-regions+us-states] ep04 val=0.1585 best=0.1585
    shared-adapter[japan+us-regions+us-states] ep05 val=0.1578 best=0.1578
    shared-adapter[japan+us-regions+us-states] ep06 val=0.1573 best=0.1573
    shared-adapter[japan+us-regions+us-states] ep07 val=0.1500 best=0.1500
    shared-adapter[japan+us-regions+us-states] ep08 val=0.1502 best=0.1500
    shared-adapter[japan+us-regions+us-states] ep09 val=0.1521 best=0.1500
    shared-adapter[japan+us-regions+us-states] ep10 val=0.1513 best=0.1500
    shared-adapter[japan+us-regions+us-states] ep11 val=0.1460 best=0.1460
    shared-adapter[japan+us-regions+us-states] ep12 val=0.1473 best=0.1460
    shared-adapter[japan+us-regions+us-states] ep13 val=0.1460 best=0.1460
    shared-adapter[japan+us-regions+us-states] ep14 val=0.1456 best=0.1456
    shared-adapter[japan+us-regions+us-states] ep15 val=0.1439 best=0.1439
    shared-adapter[japan+us-regions+us-states] ep16 val=0.1463 best=0.1439
    shared-adapter[japan+us-regions+us-states] ep17 val=0.1449 best=0.1439
    shared-adapter[japan+us-regions+us-states] ep18 val=0.1413 best=0.1413
    shared-adapter[japan+us-regions+us-states] ep19 val=0.1410 best=0.1410
    shared-adapter[japan+us-regions+us-states] ep20 val=0.1405 best=0.1405
    shared-adapter[japan+us-regions+us-states] ep21 val=0.1389 best=0.1389
    shared-adapter[japan+us-regions+us-states] ep22 val=0.1422 best=0.1389
    shared-adapter[japan+us-regions+us-states] ep23 val=0.1400 best=0.1389
    shared-adapter[japan+us-regions+us-states] ep24 val=0.1425 best=0.1389
    shared-adapter[japan+us-regions+us-states] ep25 val=0.1380 best=0.1380
    shared-adapter[japan+us-regions+us-states] ep26 val=0.1435 best=0.1380
    shared-adapter[japan+us-regions+us-states] ep27 val=0.1399 best=0.1380
    shared-adapter[japan+us-regions+us-states] ep28 val=0.1411 best=0.1380
    shared-adapter[japan+us-regions+us-states] ep29 val=0.1414 best=0.1380
    shared-adapter[japan+us-regions+us-states] ep30 val=0.1398 best=0.1380
    shared-adapter[japan+us-regions+us-states] ep31 val=0.1409 best=0.1380
    shared-adapter[japan+us-regions+us-states] ep32 val=0.1365 best=0.1365
    shared-adapter[japan+us-regions+us-states] ep33 val=0.1385 best=0.1365
    shared-adapter[japan+us-regions+us-states] ep34 val=0.1361 best=0.1361
    shared-adapter[japan+us-regions+us-states] ep35 val=0.1393 best=0.1361
    shared-adapter[japan+us-regions+us-states] ep36 val=0.1385 best=0.1361
    shared-adapter[japan+us-regions+us-states] ep37 val=0.1374 best=0.1361
    shared-adapter[japan+us-regions+us-states] ep38 val=0.1390 best=0.1361
    shared-adapter[japan+us-regions+us-states] ep39 val=0.1362 best=0.1361
    shared-adapter[japan+us-regions+us-states] ep40 val=0.1352 best=0.1352
    shared-adapter[japan+us-regions+us-states] ep41 val=0.1362 best=0.1352
    shared-adapter[japan+us-regions+us-states] ep42 val=0.1375 best=0.1352
    shared-adapter[japan+us-regions+us-states] ep43 val=0.1370 best=0.1352
    shared-adapter[japan+us-regions+us-states] ep44 val=0.1380 best=0.1352
    shared-adapter[japan+us-regions+us-states] ep45 val=0.1376 best=0.1352
    shared-adapter[japan+us-regions+us-states] ep46 val=0.1364 best=0.1352
    shared-adapter[japan+us-regions+us-states] ep47 val=0.1359 best=0.1352
    shared-adapter[japan+us-regions+us-states] ep48 val=0.1355 best=0.1352
    shared-adapter[japan+us-regions+us-states] ep49 val=0.1372 best=0.1352
    shared-adapter[japan+us-regions+us-states] ep50 val=0.1363 best=0.1352
    shared-adapter[japan+us-regions+us-states] ep51 val=0.1352 best=0.1352
    shared-adapter[japan+us-regions+us-states] ep52 val=0.1366 best=0.1352
    shared-adapter[japan+us-regions+us-states] ep53 val=0.1350 best=0.1350
    shared-adapter[japan+us-regions+us-states] ep54 val=0.1356 best=0.1350
    shared-adapter[japan+us-regions+us-states] ep55 val=0.1366 best=0.1350
    shared-adapter[japan+us-regions+us-states] ep56 val=0.1364 best=0.1350
    shared-adapter[japan+us-regions+us-states] ep57 val=0.1348 best=0.1348
    shared-adapter[japan+us-regions+us-states] ep58 val=0.1363 best=0.1348
    shared-adapter[japan+us-regions+us-states] ep59 val=0.1358 best=0.1348
    shared-adapter[japan+us-regions+us-states] ep60 val=0.1368 best=0.1348
    shared-adapter[japan+us-regions+us-states] ep61 val=0.1371 best=0.1348
    shared-adapter[japan+us-regions+us-states] ep62 val=0.1355 best=0.1348
    shared-adapter[japan+us-regions+us-states] ep63 val=0.1358 best=0.1348
    shared-adapter[japan+us-regions+us-states] ep64 val=0.1363 best=0.1348
    shared-adapter[japan+us-regions+us-states] ep65 val=0.1358 best=0.1348
    shared-adapter[japan+us-regions+us-states] ep66 val=0.1363 best=0.1348
    shared-adapter[japan+us-regions+us-states] ep67 val=0.1359 best=0.1348
    shared-adapter[japan+us-regions+us-states] ep68 val=0.1359 best=0.1348
    shared-adapter[japan+us-regions+us-states] ep69 val=0.1356 best=0.1348
    shared-adapter[japan+us-regions+us-states] ep70 val=0.1359 best=0.1348
    shared-adapter[japan+us-regions+us-states] ep71 val=0.1361 best=0.1348
    shared-adapter[japan+us-regions+us-states] ep72 val=0.1361 best=0.1348
[seed 52] scored; results\misc\anil_ldo3influenza_affine_anil.json updated (2 seeds)

=== fold=influenza arm=anil surface=affine, 2 seeds ===

reference: LDO3 freeze-then-adapt (influenza held out) (freeze-then-adapt, LDO3 fold of the same name, same seeds and scorer)
delta% = (reference_rmse - arm_rmse) / |reference_rmse| x 100; positive = arm better; units = per cent of reference RMSE (country-macro, count space)

cell                          n   mean d%      sd               95% CI   verdict
influenza_japan|h10           2      -0.7     0.1         [-1.5, +0.2]   within noise
influenza_japan|h15           2      -3.3     1.8       [-19.4, +12.9]   within noise
influenza_japan|h3            2     -14.4     9.1       [-96.0, +67.2]   within noise
influenza_japan|h5            2     -10.0     3.8       [-44.2, +24.1]   within noise
influenza_us-regions|h10      2      +2.2     3.9       [-33.0, +37.3]   within noise
influenza_us-regions|h15      2      +1.4     8.3       [-72.9, +75.7]   within noise
influenza_us-regions|h3       2      +1.8     9.9       [-87.1, +90.8]   within noise
influenza_us-regions|h5       2      +1.8    10.5       [-92.9, +96.5]   within noise
influenza_us-states|h10       2      +3.5     3.6       [-28.5, +35.5]   within noise
influenza_us-states|h15       2      +0.9     2.6       [-22.6, +24.4]   within noise
influenza_us-states|h3        2      -1.4     0.6         [-6.6, +3.8]   within noise
influenza_us-states|h5        2      -0.3     2.7       [-25.0, +24.4]   within noise

0 of 12 cells significantly better than LDO3 freeze-then-adapt (influenza held out), 0 significantly worse.

wrote results\misc\anil_ldo3influenza_affine_anil_summary.json

wrote results\misc\anil_ldo3influenza_affine_anil.json
ABLATION ONLY. This is an ablation of the adaptation procedure, not a headline, and that does not change if the sign is positive.
Report with ALL of: (1) episodes here DO vary disease -- meta-train ['dengue', 'covid_us-states'] over 2 panels, held out ['influenza_japan', 'influenza_us-regions', 'influenza_us-states'] -- which answers D13's objection for this fold but NOT for the dengue2flu run, so do not read this back onto that table; (2) warm start, so this is meta-FINE-TUNING; (3) the meta-test fits a fresh adapter on FULL train folds, so nothing here measures few-shot; (4) the surface was selected on h15, where the Ebola primary arm has zero adaptation pairs.

===== anil influenza seed62 control :: 2026-09-04 00:42:25 =====
[preflight] ok: fold=influenza meta-train=['dengue', 'covid_us-states'] -> meta-test=['influenza_japan', 'influenza_us-regions', 'influenza_us-states'], 1 seeds, device cuda, arm=control, surface=affine, target lag 12 origins, second_order=True, warm_start=True
[resume] already scored: [42, 52]
[anil] seed 62 arm=control surface=affine: warm start from results\lodo\encoder_ldo3__influenza__seed62__ckpt.pt
    anil(62,control) upd   100 train=0.1628 (0.2 min, 40 skipped)
    anil(62,control) upd   200 train=0.1106 (0.3 min, 108 skipped)
    anil(62,control) upd   250 val=0.1590 best=0.1590 (0.4 min)
    anil(62,control) upd   300 train=0.0967 (0.5 min, 162 skipped)
    anil(62,control) upd   400 train=0.0887 (0.7 min, 241 skipped)
    anil(62,control) upd   500 val=0.1562 best=0.1562 (0.9 min)
    anil(62,control) upd   600 train=0.0737 (1.0 min, 390 skipped)
    anil(62,control) upd   700 train=0.1016 (1.2 min, 441 skipped)
    anil(62,control) upd   750 val=0.1549 best=0.1549 (1.3 min)
    anil(62,control) upd   800 train=0.0887 (1.4 min, 507 skipped)
    anil(62,control) upd   900 train=0.0927 (1.6 min, 571 skipped)
    anil(62,control) upd  1000 val=0.1555 best=0.1549 (1.8 min)
    anil(62,control) upd  1100 train=0.0872 (2.0 min, 669 skipped)
    anil(62,control) upd  1200 train=0.0771 (2.2 min, 740 skipped)
    anil(62,control) upd  1250 val=0.1539 best=0.1539 (2.2 min)
    anil(62,control) upd  1300 train=0.0807 (2.3 min, 793 skipped)
    anil(62,control) upd  1400 train=0.0756 (2.5 min, 843 skipped)
    anil(62,control) upd  1500 val=0.1540 best=0.1539 (2.7 min)
    anil(62,control) upd  1600 train=0.0854 (2.9 min, 951 skipped)
    anil(62,control) upd  1700 train=0.0830 (3.1 min, 1009 skipped)
    anil(62,control) upd  1750 val=0.1547 best=0.1539 (3.2 min)
    anil(62,control) upd  1800 train=0.0724 (3.2 min, 1069 skipped)
    anil(62,control) upd  1900 train=0.0838 (3.4 min, 1135 skipped)
    anil(62,control) upd  2000 val=0.1543 best=0.1539 (3.6 min)
    anil(62,control) upd  2100 train=0.0766 (3.8 min, 1260 skipped)
    anil(62,control) upd  2200 train=0.0730 (3.9 min, 1303 skipped)
    anil(62,control) upd  2250 val=0.1494 best=0.1494 (4.1 min)
    anil(62,control) upd  2300 train=0.0882 (4.2 min, 1355 skipped)
    anil(62,control) upd  2400 train=0.0883 (4.4 min, 1411 skipped)
    anil(62,control) upd  2500 val=0.1479 best=0.1479 (4.5 min)
    anil(62,control) upd  2600 train=0.0815 (4.7 min, 1529 skipped)
    anil(62,control) upd  2700 train=0.0802 (4.9 min, 1585 skipped)
    anil(62,control) upd  2750 val=0.1470 best=0.1470 (5.0 min)
    anil(62,control) upd  2800 train=0.0803 (5.1 min, 1628 skipped)
    anil(62,control) upd  2900 train=0.0711 (5.3 min, 1702 skipped)
    anil(62,control) upd  3000 val=0.1425 best=0.1425 (5.5 min)
    anil(62,control) upd  3100 train=0.0669 (5.6 min, 1816 skipped)
    anil(62,control) upd  3200 train=0.0761 (5.8 min, 1860 skipped)
    anil(62,control) upd  3250 val=0.1433 best=0.1425 (5.9 min)
    anil(62,control) upd  3300 train=0.0811 (6.0 min, 1925 skipped)
    anil(62,control) upd  3400 train=0.0713 (6.2 min, 1998 skipped)
    anil(62,control) upd  3500 val=0.1445 best=0.1425 (6.4 min)
    anil(62,control) upd  3600 train=0.0759 (6.5 min, 2117 skipped)
    anil(62,control) upd  3700 train=0.0787 (6.7 min, 2164 skipped)
    anil(62,control) upd  3750 val=0.1447 best=0.1425 (6.8 min)
    anil(62,control) upd  3800 train=0.0683 (6.9 min, 2255 skipped)
    anil(62,control) upd  3900 train=0.0688 (7.1 min, 2300 skipped)
    anil(62,control) upd  4000 val=0.1441 best=0.1425 (7.2 min)
    anil(62,control) upd  4100 train=0.0777 (7.4 min, 2420 skipped)
    anil(62,control) upd  4200 train=0.0713 (7.6 min, 2476 skipped)
    anil(62,control) upd  4250 val=0.1436 best=0.1425 (7.7 min)
    anil(62,control) upd  4300 train=0.0693 (7.8 min, 2541 skipped)
    anil(62,control) upd  4400 train=0.0577 (7.9 min, 2591 skipped)
    anil(62,control) upd  4500 val=0.1442 best=0.1425 (8.1 min)
    anil(62,control) upd  4600 train=0.0736 (8.3 min, 2713 skipped)
    anil(62,control) upd  4700 train=0.0794 (8.5 min, 2786 skipped)
    anil(62,control) upd  4750 val=0.1442 best=0.1425 (8.6 min)
    anil(62,control) upd  4800 train=0.0797 (8.7 min, 2862 skipped)
    anil(62,control) upd  4900 train=0.0616 (8.9 min, 2940 skipped)
    shared-adapter[japan+us-regions+us-states] ep00 val=0.1930 best=0.1930
    shared-adapter[japan+us-regions+us-states] ep01 val=0.1769 best=0.1769
    shared-adapter[japan+us-regions+us-states] ep02 val=0.1731 best=0.1731
    shared-adapter[japan+us-regions+us-states] ep03 val=0.1633 best=0.1633
    shared-adapter[japan+us-regions+us-states] ep04 val=0.1569 best=0.1569
    shared-adapter[japan+us-regions+us-states] ep05 val=0.1645 best=0.1569
    shared-adapter[japan+us-regions+us-states] ep06 val=0.1549 best=0.1549
    shared-adapter[japan+us-regions+us-states] ep07 val=0.1574 best=0.1549
    shared-adapter[japan+us-regions+us-states] ep08 val=0.1577 best=0.1549
    shared-adapter[japan+us-regions+us-states] ep09 val=0.1525 best=0.1525
    shared-adapter[japan+us-regions+us-states] ep10 val=0.1575 best=0.1525
    shared-adapter[japan+us-regions+us-states] ep11 val=0.1511 best=0.1511
    shared-adapter[japan+us-regions+us-states] ep12 val=0.1489 best=0.1489
    shared-adapter[japan+us-regions+us-states] ep13 val=0.1488 best=0.1488
    shared-adapter[japan+us-regions+us-states] ep14 val=0.1508 best=0.1488
    shared-adapter[japan+us-regions+us-states] ep15 val=0.1471 best=0.1471
    shared-adapter[japan+us-regions+us-states] ep16 val=0.1502 best=0.1471
    shared-adapter[japan+us-regions+us-states] ep17 val=0.1481 best=0.1471
    shared-adapter[japan+us-regions+us-states] ep18 val=0.1531 best=0.1471
    shared-adapter[japan+us-regions+us-states] ep19 val=0.1486 best=0.1471
    shared-adapter[japan+us-regions+us-states] ep20 val=0.1480 best=0.1471
    shared-adapter[japan+us-regions+us-states] ep21 val=0.1525 best=0.1471
    shared-adapter[japan+us-regions+us-states] ep22 val=0.1486 best=0.1471
    shared-adapter[japan+us-regions+us-states] ep23 val=0.1486 best=0.1471
    shared-adapter[japan+us-regions+us-states] ep24 val=0.1484 best=0.1471
    shared-adapter[japan+us-regions+us-states] ep25 val=0.1460 best=0.1460
    shared-adapter[japan+us-regions+us-states] ep26 val=0.1528 best=0.1460
    shared-adapter[japan+us-regions+us-states] ep27 val=0.1457 best=0.1457
    shared-adapter[japan+us-regions+us-states] ep28 val=0.1464 best=0.1457
    shared-adapter[japan+us-regions+us-states] ep29 val=0.1477 best=0.1457
    shared-adapter[japan+us-regions+us-states] ep30 val=0.1447 best=0.1447
    shared-adapter[japan+us-regions+us-states] ep31 val=0.1439 best=0.1439
    shared-adapter[japan+us-regions+us-states] ep32 val=0.1436 best=0.1436
    shared-adapter[japan+us-regions+us-states] ep33 val=0.1450 best=0.1436
    shared-adapter[japan+us-regions+us-states] ep34 val=0.1451 best=0.1436
    shared-adapter[japan+us-regions+us-states] ep35 val=0.1450 best=0.1436
    shared-adapter[japan+us-regions+us-states] ep36 val=0.1443 best=0.1436
    shared-adapter[japan+us-regions+us-states] ep37 val=0.1458 best=0.1436
    shared-adapter[japan+us-regions+us-states] ep38 val=0.1463 best=0.1436
    shared-adapter[japan+us-regions+us-states] ep39 val=0.1409 best=0.1409
    shared-adapter[japan+us-regions+us-states] ep40 val=0.1444 best=0.1409
    shared-adapter[japan+us-regions+us-states] ep41 val=0.1441 best=0.1409
    shared-adapter[japan+us-regions+us-states] ep42 val=0.1429 best=0.1409
    shared-adapter[japan+us-regions+us-states] ep43 val=0.1445 best=0.1409
    shared-adapter[japan+us-regions+us-states] ep44 val=0.1439 best=0.1409
    shared-adapter[japan+us-regions+us-states] ep45 val=0.1425 best=0.1409
    shared-adapter[japan+us-regions+us-states] ep46 val=0.1419 best=0.1409
    shared-adapter[japan+us-regions+us-states] ep47 val=0.1443 best=0.1409
    shared-adapter[japan+us-regions+us-states] ep48 val=0.1446 best=0.1409
    shared-adapter[japan+us-regions+us-states] ep49 val=0.1432 best=0.1409
    shared-adapter[japan+us-regions+us-states] ep50 val=0.1428 best=0.1409
    shared-adapter[japan+us-regions+us-states] ep51 val=0.1421 best=0.1409
    shared-adapter[japan+us-regions+us-states] ep52 val=0.1422 best=0.1409
    shared-adapter[japan+us-regions+us-states] ep53 val=0.1448 best=0.1409
    shared-adapter[japan+us-regions+us-states] ep54 val=0.1413 best=0.1409
[seed 62] scored; results\misc\anil_ldo3influenza_affine_control.json updated (3 seeds)

=== fold=influenza arm=control surface=affine, 3 seeds ===

reference: LDO3 freeze-then-adapt (influenza held out) (freeze-then-adapt, LDO3 fold of the same name, same seeds and scorer)
delta% = (reference_rmse - arm_rmse) / |reference_rmse| x 100; positive = arm better; units = per cent of reference RMSE (country-macro, count space)

cell                          n   mean d%      sd               95% CI   verdict
influenza_japan|h10           3      -1.8     0.7         [-3.4, -0.2]   yes
influenza_japan|h15           3      -3.7     3.3        [-11.9, +4.6]   within noise
influenza_japan|h3            3     -13.6    11.8       [-42.9, +15.8]   within noise
influenza_japan|h5            3      -7.3     6.3        [-22.9, +8.3]   within noise
influenza_us-regions|h10      3      -3.3     2.3         [-9.1, +2.4]   within noise
influenza_us-regions|h15      3      -3.1     2.3         [-8.7, +2.4]   within noise
influenza_us-regions|h3       3      -1.6     5.6       [-15.4, +12.2]   within noise
influenza_us-regions|h5       3      +1.7     6.3       [-14.0, +17.5]   within noise
influenza_us-states|h10       3      +2.0     2.9         [-5.2, +9.3]   within noise
influenza_us-states|h15       3      +0.4     1.0         [-2.0, +2.8]   within noise
influenza_us-states|h3        3      -1.7     5.0       [-14.2, +10.7]   within noise
influenza_us-states|h5        3      -0.9     2.5         [-7.2, +5.4]   within noise

0 of 12 cells significantly better than LDO3 freeze-then-adapt (influenza held out), 1 significantly worse.

wrote results\misc\anil_ldo3influenza_affine_control_summary.json

wrote results\misc\anil_ldo3influenza_affine_control.json
ABLATION ONLY. This is an ablation of the adaptation procedure, not a headline, and that does not change if the sign is positive.
Report with ALL of: (1) episodes here DO vary disease -- meta-train ['dengue', 'covid_us-states'] over 2 panels, held out ['influenza_japan', 'influenza_us-regions', 'influenza_us-states'] -- which answers D13's objection for this fold but NOT for the dengue2flu run, so do not read this back onto that table; (2) warm start, so this is meta-FINE-TUNING; (3) the meta-test fits a fresh adapter on FULL train folds, so nothing here measures few-shot; (4) the surface was selected on h15, where the Ebola primary arm has zero adaptation pairs.

===== anil influenza seed62 anil :: 2026-09-04 00:56:01 =====
[preflight] ok: fold=influenza meta-train=['dengue', 'covid_us-states'] -> meta-test=['influenza_japan', 'influenza_us-regions', 'influenza_us-states'], 1 seeds, device cuda, arm=anil, surface=affine, target lag 12 origins, second_order=True, warm_start=True
[resume] already scored: [42, 52]
[anil] seed 62 arm=anil surface=affine: warm start from results\lodo\encoder_ldo3__influenza__seed62__ckpt.pt
    anil(62,anil) upd   100 train=0.1713 (0.2 min, 40 skipped)
    anil(62,anil) upd   200 train=0.1138 (0.4 min, 108 skipped)
    anil(62,anil) upd   250 val=0.1615 best=0.1615 (0.5 min)
    anil(62,anil) upd   300 train=0.0986 (0.6 min, 162 skipped)
    anil(62,anil) upd   400 train=0.0909 (0.8 min, 241 skipped)
    anil(62,anil) upd   500 val=0.1557 best=0.1557 (1.0 min)
    anil(62,anil) upd   600 train=0.0741 (1.2 min, 390 skipped)
    anil(62,anil) upd   700 train=0.1027 (1.4 min, 441 skipped)
    anil(62,anil) upd   750 val=0.1551 best=0.1551 (1.5 min)
    anil(62,anil) upd   800 train=0.0871 (1.6 min, 507 skipped)
    anil(62,anil) upd   900 train=0.0909 (1.8 min, 571 skipped)
    anil(62,anil) upd  1000 val=0.1577 best=0.1551 (2.1 min)
    anil(62,anil) upd  1100 train=0.0869 (2.3 min, 669 skipped)
    anil(62,anil) upd  1200 train=0.0778 (2.5 min, 740 skipped)
    anil(62,anil) upd  1250 val=0.1579 best=0.1551 (2.6 min)
    anil(62,anil) upd  1300 train=0.0818 (2.7 min, 793 skipped)
    anil(62,anil) upd  1400 train=0.0736 (2.9 min, 843 skipped)
    anil(62,anil) upd  1500 val=0.1575 best=0.1551 (3.1 min)
    anil(62,anil) upd  1600 train=0.0857 (3.3 min, 951 skipped)
    anil(62,anil) upd  1700 train=0.0837 (3.5 min, 1009 skipped)
    anil(62,anil) upd  1750 val=0.1562 best=0.1551 (3.7 min)
    anil(62,anil) upd  1800 train=0.0728 (3.7 min, 1069 skipped)
    anil(62,anil) upd  1900 train=0.0807 (4.0 min, 1135 skipped)
    anil(62,anil) upd  2000 val=0.1568 best=0.1551 (4.2 min)
    anil(62,anil) upd  2100 train=0.0764 (4.4 min, 1260 skipped)
    anil(62,anil) upd  2200 train=0.0734 (4.6 min, 1303 skipped)
    anil(62,anil) upd  2250 val=0.1551 best=0.1551 (4.7 min)
    anil(62,anil) upd  2300 train=0.0853 (4.8 min, 1355 skipped)
    anil(62,anil) upd  2400 train=0.0906 (5.0 min, 1411 skipped)
    anil(62,anil) upd  2500 val=0.1536 best=0.1536 (5.2 min)
    anil(62,anil) upd  2600 train=0.0798 (5.5 min, 1529 skipped)
    anil(62,anil) upd  2700 train=0.0797 (5.7 min, 1585 skipped)
    anil(62,anil) upd  2750 val=0.1529 best=0.1529 (5.8 min)
    anil(62,anil) upd  2800 train=0.0808 (5.9 min, 1628 skipped)
    anil(62,anil) upd  2900 train=0.0706 (6.1 min, 1702 skipped)
    anil(62,anil) upd  3000 val=0.1501 best=0.1501 (6.3 min)
    anil(62,anil) upd  3100 train=0.0675 (6.5 min, 1816 skipped)
    anil(62,anil) upd  3200 train=0.0749 (6.7 min, 1860 skipped)
    anil(62,anil) upd  3250 val=0.1523 best=0.1501 (6.8 min)
    anil(62,anil) upd  3300 train=0.0838 (6.9 min, 1925 skipped)
    anil(62,anil) upd  3400 train=0.0730 (7.1 min, 1998 skipped)
    anil(62,anil) upd  3500 val=0.1509 best=0.1501 (7.3 min)
    anil(62,anil) upd  3600 train=0.0759 (7.5 min, 2117 skipped)
    anil(62,anil) upd  3700 train=0.0773 (7.7 min, 2164 skipped)
    anil(62,anil) upd  3750 val=0.1512 best=0.1501 (7.9 min)
    anil(62,anil) upd  3800 train=0.0663 (8.0 min, 2255 skipped)
    anil(62,anil) upd  3900 train=0.0682 (8.1 min, 2300 skipped)
    anil(62,anil) upd  4000 val=0.1518 best=0.1501 (8.4 min)
    anil(62,anil) upd  4100 train=0.0807 (8.6 min, 2420 skipped)
    anil(62,anil) upd  4200 train=0.0692 (8.8 min, 2476 skipped)
    anil(62,anil) upd  4250 val=0.1491 best=0.1491 (8.9 min)
    anil(62,anil) upd  4300 train=0.0667 (9.0 min, 2541 skipped)
    anil(62,anil) upd  4400 train=0.0556 (9.1 min, 2591 skipped)
    anil(62,anil) upd  4500 val=0.1502 best=0.1491 (9.3 min)
    anil(62,anil) upd  4600 train=0.0709 (9.5 min, 2713 skipped)
    anil(62,anil) upd  4700 train=0.0798 (9.8 min, 2786 skipped)
    anil(62,anil) upd  4750 val=0.1499 best=0.1491 (9.9 min)
    anil(62,anil) upd  4800 train=0.0769 (10.0 min, 2862 skipped)
    anil(62,anil) upd  4900 train=0.0609 (10.2 min, 2940 skipped)
    shared-adapter[japan+us-regions+us-states] ep00 val=0.1938 best=0.1938
    shared-adapter[japan+us-regions+us-states] ep01 val=0.1769 best=0.1769
    shared-adapter[japan+us-regions+us-states] ep02 val=0.1727 best=0.1727
    shared-adapter[japan+us-regions+us-states] ep03 val=0.1634 best=0.1634
    shared-adapter[japan+us-regions+us-states] ep04 val=0.1574 best=0.1574
    shared-adapter[japan+us-regions+us-states] ep05 val=0.1654 best=0.1574
    shared-adapter[japan+us-regions+us-states] ep06 val=0.1552 best=0.1552
    shared-adapter[japan+us-regions+us-states] ep07 val=0.1586 best=0.1552
    shared-adapter[japan+us-regions+us-states] ep08 val=0.1587 best=0.1552
    shared-adapter[japan+us-regions+us-states] ep09 val=0.1535 best=0.1535
    shared-adapter[japan+us-regions+us-states] ep10 val=0.1580 best=0.1535
    shared-adapter[japan+us-regions+us-states] ep11 val=0.1515 best=0.1515
    shared-adapter[japan+us-regions+us-states] ep12 val=0.1495 best=0.1495
    shared-adapter[japan+us-regions+us-states] ep13 val=0.1490 best=0.1490
    shared-adapter[japan+us-regions+us-states] ep14 val=0.1514 best=0.1490
    shared-adapter[japan+us-regions+us-states] ep15 val=0.1475 best=0.1475
    shared-adapter[japan+us-regions+us-states] ep16 val=0.1507 best=0.1475
    shared-adapter[japan+us-regions+us-states] ep17 val=0.1486 best=0.1475
    shared-adapter[japan+us-regions+us-states] ep18 val=0.1527 best=0.1475
    shared-adapter[japan+us-regions+us-states] ep19 val=0.1487 best=0.1475
    shared-adapter[japan+us-regions+us-states] ep20 val=0.1474 best=0.1474
    shared-adapter[japan+us-regions+us-states] ep21 val=0.1517 best=0.1474
    shared-adapter[japan+us-regions+us-states] ep22 val=0.1484 best=0.1474
    shared-adapter[japan+us-regions+us-states] ep23 val=0.1493 best=0.1474
    shared-adapter[japan+us-regions+us-states] ep24 val=0.1493 best=0.1474
    shared-adapter[japan+us-regions+us-states] ep25 val=0.1458 best=0.1458
    shared-adapter[japan+us-regions+us-states] ep26 val=0.1525 best=0.1458
    shared-adapter[japan+us-regions+us-states] ep27 val=0.1460 best=0.1458
    shared-adapter[japan+us-regions+us-states] ep28 val=0.1456 best=0.1456
    shared-adapter[japan+us-regions+us-states] ep29 val=0.1477 best=0.1456
    shared-adapter[japan+us-regions+us-states] ep30 val=0.1454 best=0.1454
    shared-adapter[japan+us-regions+us-states] ep31 val=0.1442 best=0.1442
    shared-adapter[japan+us-regions+us-states] ep32 val=0.1439 best=0.1439
    shared-adapter[japan+us-regions+us-states] ep33 val=0.1451 best=0.1439
    shared-adapter[japan+us-regions+us-states] ep34 val=0.1457 best=0.1439
    shared-adapter[japan+us-regions+us-states] ep35 val=0.1457 best=0.1439
    shared-adapter[japan+us-regions+us-states] ep36 val=0.1447 best=0.1439
    shared-adapter[japan+us-regions+us-states] ep37 val=0.1465 best=0.1439
    shared-adapter[japan+us-regions+us-states] ep38 val=0.1471 best=0.1439
    shared-adapter[japan+us-regions+us-states] ep39 val=0.1413 best=0.1413
    shared-adapter[japan+us-regions+us-states] ep40 val=0.1452 best=0.1413
    shared-adapter[japan+us-regions+us-states] ep41 val=0.1444 best=0.1413
    shared-adapter[japan+us-regions+us-states] ep42 val=0.1437 best=0.1413
    shared-adapter[japan+us-regions+us-states] ep43 val=0.1443 best=0.1413
    shared-adapter[japan+us-regions+us-states] ep44 val=0.1449 best=0.1413
    shared-adapter[japan+us-regions+us-states] ep45 val=0.1428 best=0.1413
    shared-adapter[japan+us-regions+us-states] ep46 val=0.1426 best=0.1413
    shared-adapter[japan+us-regions+us-states] ep47 val=0.1448 best=0.1413
    shared-adapter[japan+us-regions+us-states] ep48 val=0.1451 best=0.1413
    shared-adapter[japan+us-regions+us-states] ep49 val=0.1437 best=0.1413
    shared-adapter[japan+us-regions+us-states] ep50 val=0.1432 best=0.1413
    shared-adapter[japan+us-regions+us-states] ep51 val=0.1424 best=0.1413
    shared-adapter[japan+us-regions+us-states] ep52 val=0.1424 best=0.1413
    shared-adapter[japan+us-regions+us-states] ep53 val=0.1452 best=0.1413
    shared-adapter[japan+us-regions+us-states] ep54 val=0.1420 best=0.1413
[seed 62] scored; results\misc\anil_ldo3influenza_affine_anil.json updated (3 seeds)

=== fold=influenza arm=anil surface=affine, 3 seeds ===

reference: LDO3 freeze-then-adapt (influenza held out) (freeze-then-adapt, LDO3 fold of the same name, same seeds and scorer)
delta% = (reference_rmse - arm_rmse) / |reference_rmse| x 100; positive = arm better; units = per cent of reference RMSE (country-macro, count space)

cell                          n   mean d%      sd               95% CI   verdict
influenza_japan|h10           3      -1.2     0.9         [-3.5, +1.1]   within noise
influenza_japan|h15           3      -3.9     1.7         [-8.2, +0.3]   within noise
influenza_japan|h3            3     -10.4     9.5       [-34.0, +13.3]   within noise
influenza_japan|h5            3      -7.8     4.7        [-19.5, +3.9]   within noise
influenza_us-regions|h10      3      +1.3     3.1         [-6.4, +9.1]   within noise
influenza_us-regions|h15      3      +0.2     6.2       [-15.1, +15.6]   within noise
influenza_us-regions|h3       3      +1.3     7.1       [-16.2, +18.9]   within noise
influenza_us-regions|h5       3      +4.2     8.6       [-17.1, +25.6]   within noise
influenza_us-states|h10       3      +3.8     2.6        [-2.6, +10.2]   within noise
influenza_us-states|h15       3      +0.9     1.9         [-3.7, +5.5]   within noise
influenza_us-states|h3        3      +0.2     2.8         [-6.8, +7.3]   within noise
influenza_us-states|h5        3      +0.4     2.3         [-5.3, +6.2]   within noise

0 of 12 cells significantly better than LDO3 freeze-then-adapt (influenza held out), 0 significantly worse.

wrote results\misc\anil_ldo3influenza_affine_anil_summary.json

wrote results\misc\anil_ldo3influenza_affine_anil.json
ABLATION ONLY. This is an ablation of the adaptation procedure, not a headline, and that does not change if the sign is positive.
Report with ALL of: (1) episodes here DO vary disease -- meta-train ['dengue', 'covid_us-states'] over 2 panels, held out ['influenza_japan', 'influenza_us-regions', 'influenza_us-states'] -- which answers D13's objection for this fold but NOT for the dengue2flu run, so do not read this back onto that table; (2) warm start, so this is meta-FINE-TUNING; (3) the meta-test fits a fresh adapter on FULL train folds, so nothing here measures few-shot; (4) the surface was selected on h15, where the Ebola primary arm has zero adaptation pairs.

===== anil influenza seed72 control :: 2026-09-04 01:10:46 =====
[preflight] ok: fold=influenza meta-train=['dengue', 'covid_us-states'] -> meta-test=['influenza_japan', 'influenza_us-regions', 'influenza_us-states'], 1 seeds, device cuda, arm=control, surface=affine, target lag 12 origins, second_order=True, warm_start=True
[resume] already scored: [42, 52, 62]
[anil] seed 72 arm=control surface=affine: warm start from results\lodo\encoder_ldo3__influenza__seed72__ckpt.pt
    anil(72,control) upd   100 train=0.1866 (0.2 min, 66 skipped)
    anil(72,control) upd   200 train=0.1291 (0.4 min, 126 skipped)
    anil(72,control) upd   250 val=0.1546 best=0.1546 (0.5 min)
    anil(72,control) upd   300 train=0.1105 (0.6 min, 180 skipped)
    anil(72,control) upd   400 train=0.1062 (0.7 min, 238 skipped)
    anil(72,control) upd   500 val=0.1480 best=0.1480 (0.9 min)
    anil(72,control) upd   600 train=0.0921 (1.1 min, 380 skipped)
    anil(72,control) upd   700 train=0.0828 (1.3 min, 426 skipped)
    anil(72,control) upd   750 val=0.1557 best=0.1480 (1.4 min)
    anil(72,control) upd   800 train=0.0841 (1.5 min, 486 skipped)
    anil(72,control) upd   900 train=0.0763 (1.7 min, 553 skipped)
    anil(72,control) upd  1000 val=0.1523 best=0.1480 (1.8 min)
    anil(72,control) upd  1100 train=0.0817 (2.0 min, 672 skipped)
    anil(72,control) upd  1200 train=0.0784 (2.2 min, 731 skipped)
    anil(72,control) upd  1250 val=0.1579 best=0.1480 (2.3 min)
    anil(72,control) upd  1300 train=0.0811 (2.4 min, 795 skipped)
    anil(72,control) upd  1400 train=0.0837 (2.6 min, 837 skipped)
    anil(72,control) upd  1500 val=0.1577 best=0.1480 (2.8 min)
    anil(72,control) upd  1600 train=0.0887 (3.0 min, 955 skipped)
    anil(72,control) upd  1700 train=0.0736 (3.1 min, 1010 skipped)
    anil(72,control) upd  1750 val=0.1556 best=0.1480 (3.3 min)
    anil(72,control) upd  1800 train=0.0832 (3.4 min, 1077 skipped)
    anil(72,control) upd  1900 train=0.0719 (3.5 min, 1140 skipped)
    anil(72,control) upd  2000 val=0.1604 best=0.1480 (3.7 min)
    anil(72,control) upd  2100 train=0.0682 (3.9 min, 1272 skipped)
    anil(72,control) upd  2200 train=0.0742 (4.1 min, 1333 skipped)
    anil(72,control) upd  2250 val=0.1585 best=0.1480 (4.1 min)
    anil(72,control) upd  2300 train=0.0708 (4.2 min, 1389 skipped)
    anil(72,control) upd  2400 train=0.0731 (4.4 min, 1467 skipped)
    anil(72,control) upd  2500 val=0.1578 best=0.1480 (4.6 min)
    anil(72,control) early stop at update 2500
    shared-adapter[japan+us-regions+us-states] ep00 val=0.1997 best=0.1997
    shared-adapter[japan+us-regions+us-states] ep01 val=0.1733 best=0.1733
    shared-adapter[japan+us-regions+us-states] ep02 val=0.1679 best=0.1679
    shared-adapter[japan+us-regions+us-states] ep03 val=0.1580 best=0.1580
    shared-adapter[japan+us-regions+us-states] ep04 val=0.1575 best=0.1575
    shared-adapter[japan+us-regions+us-states] ep05 val=0.1522 best=0.1522
    shared-adapter[japan+us-regions+us-states] ep06 val=0.1509 best=0.1509
    shared-adapter[japan+us-regions+us-states] ep07 val=0.1503 best=0.1503
    shared-adapter[japan+us-regions+us-states] ep08 val=0.1509 best=0.1503
    shared-adapter[japan+us-regions+us-states] ep09 val=0.1487 best=0.1487
    shared-adapter[japan+us-regions+us-states] ep10 val=0.1450 best=0.1450
    shared-adapter[japan+us-regions+us-states] ep11 val=0.1495 best=0.1450
    shared-adapter[japan+us-regions+us-states] ep12 val=0.1413 best=0.1413
    shared-adapter[japan+us-regions+us-states] ep13 val=0.1430 best=0.1413
    shared-adapter[japan+us-regions+us-states] ep14 val=0.1441 best=0.1413
    shared-adapter[japan+us-regions+us-states] ep15 val=0.1393 best=0.1393
    shared-adapter[japan+us-regions+us-states] ep16 val=0.1411 best=0.1393
    shared-adapter[japan+us-regions+us-states] ep17 val=0.1441 best=0.1393
    shared-adapter[japan+us-regions+us-states] ep18 val=0.1409 best=0.1393
    shared-adapter[japan+us-regions+us-states] ep19 val=0.1428 best=0.1393
    shared-adapter[japan+us-regions+us-states] ep20 val=0.1386 best=0.1386
    shared-adapter[japan+us-regions+us-states] ep21 val=0.1365 best=0.1365
    shared-adapter[japan+us-regions+us-states] ep22 val=0.1397 best=0.1365
    shared-adapter[japan+us-regions+us-states] ep23 val=0.1366 best=0.1365
    shared-adapter[japan+us-regions+us-states] ep24 val=0.1418 best=0.1365
    shared-adapter[japan+us-regions+us-states] ep25 val=0.1368 best=0.1365
    shared-adapter[japan+us-regions+us-states] ep26 val=0.1364 best=0.1364
    shared-adapter[japan+us-regions+us-states] ep27 val=0.1370 best=0.1364
    shared-adapter[japan+us-regions+us-states] ep28 val=0.1377 best=0.1364
    shared-adapter[japan+us-regions+us-states] ep29 val=0.1364 best=0.1364
    shared-adapter[japan+us-regions+us-states] ep30 val=0.1394 best=0.1364
    shared-adapter[japan+us-regions+us-states] ep31 val=0.1365 best=0.1364
    shared-adapter[japan+us-regions+us-states] ep32 val=0.1372 best=0.1364
    shared-adapter[japan+us-regions+us-states] ep33 val=0.1383 best=0.1364
    shared-adapter[japan+us-regions+us-states] ep34 val=0.1361 best=0.1361
    shared-adapter[japan+us-regions+us-states] ep35 val=0.1373 best=0.1361
    shared-adapter[japan+us-regions+us-states] ep36 val=0.1372 best=0.1361
    shared-adapter[japan+us-regions+us-states] ep37 val=0.1351 best=0.1351
    shared-adapter[japan+us-regions+us-states] ep38 val=0.1388 best=0.1351
    shared-adapter[japan+us-regions+us-states] ep39 val=0.1371 best=0.1351
    shared-adapter[japan+us-regions+us-states] ep40 val=0.1354 best=0.1351
    shared-adapter[japan+us-regions+us-states] ep41 val=0.1344 best=0.1344
    shared-adapter[japan+us-regions+us-states] ep42 val=0.1369 best=0.1344
    shared-adapter[japan+us-regions+us-states] ep43 val=0.1374 best=0.1344
    shared-adapter[japan+us-regions+us-states] ep44 val=0.1339 best=0.1339
    shared-adapter[japan+us-regions+us-states] ep45 val=0.1354 best=0.1339
    shared-adapter[japan+us-regions+us-states] ep46 val=0.1379 best=0.1339
    shared-adapter[japan+us-regions+us-states] ep47 val=0.1342 best=0.1339
    shared-adapter[japan+us-regions+us-states] ep48 val=0.1357 best=0.1339
    shared-adapter[japan+us-regions+us-states] ep49 val=0.1344 best=0.1339
    shared-adapter[japan+us-regions+us-states] ep50 val=0.1347 best=0.1339
    shared-adapter[japan+us-regions+us-states] ep51 val=0.1365 best=0.1339
    shared-adapter[japan+us-regions+us-states] ep52 val=0.1349 best=0.1339
    shared-adapter[japan+us-regions+us-states] ep53 val=0.1361 best=0.1339
    shared-adapter[japan+us-regions+us-states] ep54 val=0.1351 best=0.1339
    shared-adapter[japan+us-regions+us-states] ep55 val=0.1354 best=0.1339
    shared-adapter[japan+us-regions+us-states] ep56 val=0.1349 best=0.1339
    shared-adapter[japan+us-regions+us-states] ep57 val=0.1349 best=0.1339
    shared-adapter[japan+us-regions+us-states] ep58 val=0.1349 best=0.1339
    shared-adapter[japan+us-regions+us-states] ep59 val=0.1361 best=0.1339
[seed 72] scored; results\misc\anil_ldo3influenza_affine_control.json updated (4 seeds)

=== fold=influenza arm=control surface=affine, 4 seeds ===

reference: LDO3 freeze-then-adapt (influenza held out) (freeze-then-adapt, LDO3 fold of the same name, same seeds and scorer)
delta% = (reference_rmse - arm_rmse) / |reference_rmse| x 100; positive = arm better; units = per cent of reference RMSE (country-macro, count space)

cell                          n   mean d%      sd               95% CI   verdict
influenza_japan|h10           4      -2.2     1.0         [-3.8, -0.6]   yes
influenza_japan|h15           4      -3.3     2.8         [-7.8, +1.3]   within noise
influenza_japan|h3            4     -16.6    11.4        [-34.7, +1.5]   within noise
influenza_japan|h5            4     -10.6     8.4        [-24.0, +2.7]   within noise
influenza_us-regions|h10      4      -3.7     2.1         [-7.0, -0.5]   yes
influenza_us-regions|h15      4      -1.4     3.9         [-7.7, +4.8]   within noise
influenza_us-regions|h3       4      -2.4     4.8        [-10.0, +5.2]   within noise
influenza_us-regions|h5       4      +1.7     5.2         [-6.6, +9.9]   within noise
influenza_us-states|h10       4      +2.3     2.4         [-1.6, +6.2]   within noise
influenza_us-states|h15       4      +0.8     1.2         [-1.0, +2.7]   within noise
influenza_us-states|h3        4      -1.7     4.1         [-8.2, +4.8]   within noise
influenza_us-states|h5        4      -0.2     2.6         [-4.3, +3.9]   within noise

0 of 12 cells significantly better than LDO3 freeze-then-adapt (influenza held out), 2 significantly worse.

wrote results\misc\anil_ldo3influenza_affine_control_summary.json

wrote results\misc\anil_ldo3influenza_affine_control.json
ABLATION ONLY. This is an ablation of the adaptation procedure, not a headline, and that does not change if the sign is positive.
Report with ALL of: (1) episodes here DO vary disease -- meta-train ['dengue', 'covid_us-states'] over 2 panels, held out ['influenza_japan', 'influenza_us-regions', 'influenza_us-states'] -- which answers D13's objection for this fold but NOT for the dengue2flu run, so do not read this back onto that table; (2) warm start, so this is meta-FINE-TUNING; (3) the meta-test fits a fresh adapter on FULL train folds, so nothing here measures few-shot; (4) the surface was selected on h15, where the Ebola primary arm has zero adaptation pairs.

===== anil influenza seed72 anil :: 2026-09-04 01:20:14 =====
[preflight] ok: fold=influenza meta-train=['dengue', 'covid_us-states'] -> meta-test=['influenza_japan', 'influenza_us-regions', 'influenza_us-states'], 1 seeds, device cuda, arm=anil, surface=affine, target lag 12 origins, second_order=True, warm_start=True
[resume] already scored: [42, 52, 62]
[anil] seed 72 arm=anil surface=affine: warm start from results\lodo\encoder_ldo3__influenza__seed72__ckpt.pt
    anil(72,anil) upd   100 train=0.1879 (0.2 min, 66 skipped)
    anil(72,anil) upd   200 train=0.1383 (0.4 min, 126 skipped)
    anil(72,anil) upd   250 val=0.1603 best=0.1603 (0.5 min)
    anil(72,anil) upd   300 train=0.1151 (0.6 min, 180 skipped)
    anil(72,anil) upd   400 train=0.1114 (0.8 min, 238 skipped)
    anil(72,anil) upd   500 val=0.1487 best=0.1487 (1.1 min)
    anil(72,anil) upd   600 train=0.0879 (1.3 min, 380 skipped)
    anil(72,anil) upd   700 train=0.0861 (1.5 min, 426 skipped)
    anil(72,anil) upd   750 val=0.1526 best=0.1487 (1.6 min)
    anil(72,anil) upd   800 train=0.0843 (1.7 min, 486 skipped)
    anil(72,anil) upd   900 train=0.0769 (1.9 min, 553 skipped)
    anil(72,anil) upd  1000 val=0.1501 best=0.1487 (2.1 min)
    anil(72,anil) upd  1100 train=0.0835 (2.3 min, 672 skipped)
    anil(72,anil) upd  1200 train=0.0795 (2.5 min, 731 skipped)
    anil(72,anil) upd  1250 val=0.1533 best=0.1487 (2.6 min)
    anil(72,anil) upd  1300 train=0.0820 (2.8 min, 795 skipped)
    anil(72,anil) upd  1400 train=0.0825 (3.0 min, 837 skipped)
    anil(72,anil) upd  1500 val=0.1539 best=0.1487 (3.2 min)
    anil(72,anil) upd  1600 train=0.0928 (3.4 min, 955 skipped)
    anil(72,anil) upd  1700 train=0.0698 (3.6 min, 1010 skipped)
    anil(72,anil) upd  1750 val=0.1518 best=0.1487 (3.8 min)
    anil(72,anil) upd  1800 train=0.0825 (3.9 min, 1077 skipped)
    anil(72,anil) upd  1900 train=0.0734 (4.1 min, 1140 skipped)
    anil(72,anil) upd  2000 val=0.1544 best=0.1487 (4.3 min)
    anil(72,anil) upd  2100 train=0.0655 (4.5 min, 1272 skipped)
    anil(72,anil) upd  2200 train=0.0738 (4.7 min, 1333 skipped)
    anil(72,anil) upd  2250 val=0.1530 best=0.1487 (4.8 min)
    anil(72,anil) upd  2300 train=0.0695 (4.9 min, 1389 skipped)
    anil(72,anil) upd  2400 train=0.0710 (5.1 min, 1467 skipped)
    anil(72,anil) upd  2500 val=0.1530 best=0.1487 (5.3 min)
    anil(72,anil) early stop at update 2500
    shared-adapter[japan+us-regions+us-states] ep00 val=0.2006 best=0.2006
    shared-adapter[japan+us-regions+us-states] ep01 val=0.1743 best=0.1743
    shared-adapter[japan+us-regions+us-states] ep02 val=0.1693 best=0.1693
    shared-adapter[japan+us-regions+us-states] ep03 val=0.1592 best=0.1592
    shared-adapter[japan+us-regions+us-states] ep04 val=0.1586 best=0.1586
    shared-adapter[japan+us-regions+us-states] ep05 val=0.1526 best=0.1526
    shared-adapter[japan+us-regions+us-states] ep06 val=0.1516 best=0.1516
    shared-adapter[japan+us-regions+us-states] ep07 val=0.1508 best=0.1508
    shared-adapter[japan+us-regions+us-states] ep08 val=0.1511 best=0.1508
    shared-adapter[japan+us-regions+us-states] ep09 val=0.1495 best=0.1495
    shared-adapter[japan+us-regions+us-states] ep10 val=0.1458 best=0.1458
    shared-adapter[japan+us-regions+us-states] ep11 val=0.1501 best=0.1458
    shared-adapter[japan+us-regions+us-states] ep12 val=0.1417 best=0.1417
    shared-adapter[japan+us-regions+us-states] ep13 val=0.1432 best=0.1417
    shared-adapter[japan+us-regions+us-states] ep14 val=0.1448 best=0.1417
    shared-adapter[japan+us-regions+us-states] ep15 val=0.1401 best=0.1401
    shared-adapter[japan+us-regions+us-states] ep16 val=0.1413 best=0.1401
    shared-adapter[japan+us-regions+us-states] ep17 val=0.1443 best=0.1401
    shared-adapter[japan+us-regions+us-states] ep18 val=0.1413 best=0.1401
    shared-adapter[japan+us-regions+us-states] ep19 val=0.1432 best=0.1401
    shared-adapter[japan+us-regions+us-states] ep20 val=0.1390 best=0.1390
    shared-adapter[japan+us-regions+us-states] ep21 val=0.1366 best=0.1366
    shared-adapter[japan+us-regions+us-states] ep22 val=0.1397 best=0.1366
    shared-adapter[japan+us-regions+us-states] ep23 val=0.1369 best=0.1366
    shared-adapter[japan+us-regions+us-states] ep24 val=0.1426 best=0.1366
    shared-adapter[japan+us-regions+us-states] ep25 val=0.1371 best=0.1366
    shared-adapter[japan+us-regions+us-states] ep26 val=0.1370 best=0.1366
    shared-adapter[japan+us-regions+us-states] ep27 val=0.1377 best=0.1366
    shared-adapter[japan+us-regions+us-states] ep28 val=0.1382 best=0.1366
    shared-adapter[japan+us-regions+us-states] ep29 val=0.1367 best=0.1366
    shared-adapter[japan+us-regions+us-states] ep30 val=0.1401 best=0.1366
    shared-adapter[japan+us-regions+us-states] ep31 val=0.1371 best=0.1366
    shared-adapter[japan+us-regions+us-states] ep32 val=0.1378 best=0.1366
    shared-adapter[japan+us-regions+us-states] ep33 val=0.1383 best=0.1366
    shared-adapter[japan+us-regions+us-states] ep34 val=0.1370 best=0.1366
    shared-adapter[japan+us-regions+us-states] ep35 val=0.1381 best=0.1366
    shared-adapter[japan+us-regions+us-states] ep36 val=0.1374 best=0.1366
[seed 72] scored; results\misc\anil_ldo3influenza_affine_anil.json updated (4 seeds)

=== fold=influenza arm=anil surface=affine, 4 seeds ===

reference: LDO3 freeze-then-adapt (influenza held out) (freeze-then-adapt, LDO3 fold of the same name, same seeds and scorer)
delta% = (reference_rmse - arm_rmse) / |reference_rmse| x 100; positive = arm better; units = per cent of reference RMSE (country-macro, count space)

cell                          n   mean d%      sd               95% CI   verdict
influenza_japan|h10           4      -1.0     0.8         [-2.3, +0.3]   within noise
influenza_japan|h15           4      -3.0     2.4         [-6.7, +0.8]   within noise
influenza_japan|h3            4     -11.4     8.0        [-24.2, +1.4]   within noise
influenza_japan|h5            4     -10.9     7.3        [-22.5, +0.7]   within noise
influenza_us-regions|h10      4      -1.3     5.9        [-10.7, +8.0]   within noise
influenza_us-regions|h15      4      +0.4     5.1         [-7.7, +8.4]   within noise
influenza_us-regions|h3       4      +0.9     5.8        [-8.4, +10.2]   within noise
influenza_us-regions|h5       4      +2.6     7.7        [-9.7, +14.9]   within noise
influenza_us-states|h10       4      +3.0     2.7         [-1.3, +7.3]   within noise
influenza_us-states|h15       4      +0.7     1.6         [-1.9, +3.2]   within noise
influenza_us-states|h3        4      -0.2     2.5         [-4.1, +3.7]   within noise
influenza_us-states|h5        4      +0.4     1.9         [-2.6, +3.4]   within noise

0 of 12 cells significantly better than LDO3 freeze-then-adapt (influenza held out), 0 significantly worse.

wrote results\misc\anil_ldo3influenza_affine_anil_summary.json

wrote results\misc\anil_ldo3influenza_affine_anil.json
ABLATION ONLY. This is an ablation of the adaptation procedure, not a headline, and that does not change if the sign is positive.
Report with ALL of: (1) episodes here DO vary disease -- meta-train ['dengue', 'covid_us-states'] over 2 panels, held out ['influenza_japan', 'influenza_us-regions', 'influenza_us-states'] -- which answers D13's objection for this fold but NOT for the dengue2flu run, so do not read this back onto that table; (2) warm start, so this is meta-FINE-TUNING; (3) the meta-test fits a fresh adapter on FULL train folds, so nothing here measures few-shot; (4) the surface was selected on h15, where the Ebola primary arm has zero adaptation pairs.

===== anil influenza seed82 control :: 2026-09-04 01:28:36 =====
[preflight] ok: fold=influenza meta-train=['dengue', 'covid_us-states'] -> meta-test=['influenza_japan', 'influenza_us-regions', 'influenza_us-states'], 1 seeds, device cuda, arm=control, surface=affine, target lag 12 origins, second_order=True, warm_start=True
[resume] already scored: [42, 52, 62, 72]
[anil] seed 82 arm=control surface=affine: warm start from results\lodo\encoder_ldo3__influenza__seed82__ckpt.pt
    anil(82,control) upd   100 train=0.2562 (0.3 min, 61 skipped)
    anil(82,control) upd   200 train=0.1323 (0.4 min, 113 skipped)
    anil(82,control) upd   250 val=0.1879 best=0.1879 (0.6 min)
    anil(82,control) upd   300 train=0.1177 (0.6 min, 159 skipped)
    anil(82,control) upd   400 train=0.1032 (0.8 min, 229 skipped)
    anil(82,control) upd   500 val=0.1725 best=0.1725 (1.1 min)
    anil(82,control) upd   600 train=0.0834 (1.2 min, 325 skipped)
    anil(82,control) upd   700 train=0.0962 (1.4 min, 394 skipped)
    anil(82,control) upd   750 val=0.1696 best=0.1696 (1.5 min)
    anil(82,control) upd   800 train=0.0948 (1.7 min, 452 skipped)
    anil(82,control) upd   900 train=0.0854 (1.9 min, 513 skipped)
    anil(82,control) upd  1000 val=0.1688 best=0.1688 (2.1 min)
    anil(82,control) upd  1100 train=0.0831 (2.3 min, 633 skipped)
    anil(82,control) upd  1200 train=0.0838 (2.5 min, 696 skipped)
    anil(82,control) upd  1250 val=0.1679 best=0.1679 (2.6 min)
    anil(82,control) upd  1300 train=0.0757 (2.7 min, 763 skipped)
    anil(82,control) upd  1400 train=0.0679 (2.9 min, 814 skipped)
    anil(82,control) upd  1500 val=0.1685 best=0.1679 (3.1 min)
    anil(82,control) upd  1600 train=0.0772 (3.2 min, 934 skipped)
    anil(82,control) upd  1700 train=0.0718 (3.4 min, 1007 skipped)
    anil(82,control) upd  1750 val=0.1685 best=0.1679 (3.5 min)
    anil(82,control) upd  1800 train=0.0708 (3.6 min, 1080 skipped)
    anil(82,control) upd  1900 train=0.0667 (3.7 min, 1135 skipped)
    anil(82,control) upd  2000 val=0.1689 best=0.1679 (3.9 min)
    anil(82,control) upd  2100 train=0.0703 (4.1 min, 1267 skipped)
    anil(82,control) upd  2200 train=0.0796 (4.3 min, 1325 skipped)
    anil(82,control) upd  2250 val=0.1669 best=0.1669 (4.4 min)
    anil(82,control) upd  2300 train=0.0665 (4.5 min, 1381 skipped)
    anil(82,control) upd  2400 train=0.0697 (4.7 min, 1447 skipped)
    anil(82,control) upd  2500 val=0.1646 best=0.1646 (4.9 min)
    anil(82,control) upd  2600 train=0.0627 (5.1 min, 1574 skipped)
    anil(82,control) upd  2700 train=0.0750 (5.3 min, 1617 skipped)
    anil(82,control) upd  2750 val=0.1654 best=0.1646 (5.4 min)
    anil(82,control) upd  2800 train=0.0755 (5.5 min, 1679 skipped)
    anil(82,control) upd  2900 train=0.0564 (5.7 min, 1745 skipped)
    anil(82,control) upd  3000 val=0.1623 best=0.1623 (5.9 min)
    anil(82,control) upd  3100 train=0.0642 (6.0 min, 1872 skipped)
    anil(82,control) upd  3200 train=0.0696 (6.2 min, 1935 skipped)
    anil(82,control) upd  3250 val=0.1627 best=0.1623 (6.3 min)
    anil(82,control) upd  3300 train=0.0646 (6.4 min, 2000 skipped)
    anil(82,control) upd  3400 train=0.0794 (6.7 min, 2045 skipped)
    anil(82,control) upd  3500 val=0.1603 best=0.1603 (6.9 min)
    anil(82,control) upd  3600 train=0.0650 (7.2 min, 2174 skipped)
    anil(82,control) upd  3700 train=0.0665 (7.4 min, 2238 skipped)
    anil(82,control) upd  3750 val=0.1624 best=0.1603 (7.6 min)
    anil(82,control) upd  3800 train=0.0632 (7.7 min, 2299 skipped)
    anil(82,control) upd  3900 train=0.0638 (7.9 min, 2349 skipped)
    anil(82,control) upd  4000 val=0.1635 best=0.1603 (8.2 min)
    anil(82,control) upd  4100 train=0.0694 (8.4 min, 2442 skipped)
    anil(82,control) upd  4200 train=0.0693 (8.7 min, 2503 skipped)
    anil(82,control) upd  4250 val=0.1643 best=0.1603 (8.8 min)
    anil(82,control) upd  4300 train=0.0615 (8.9 min, 2551 skipped)
    anil(82,control) upd  4400 train=0.0726 (9.2 min, 2619 skipped)
    anil(82,control) upd  4500 val=0.1613 best=0.1603 (9.5 min)
    anil(82,control) upd  4600 train=0.0643 (9.7 min, 2697 skipped)
    anil(82,control) upd  4700 train=0.0728 (10.0 min, 2774 skipped)
    anil(82,control) upd  4750 val=0.1611 best=0.1603 (10.1 min)
    anil(82,control) upd  4800 train=0.0630 (10.2 min, 2842 skipped)
    anil(82,control) upd  4900 train=0.0672 (10.5 min, 2892 skipped)
    anil(82,control) upd  5000 val=0.1605 best=0.1603 (10.8 min)
    shared-adapter[japan+us-regions+us-states] ep00 val=0.1963 best=0.1963
    shared-adapter[japan+us-regions+us-states] ep01 val=0.1771 best=0.1771
    shared-adapter[japan+us-regions+us-states] ep02 val=0.1727 best=0.1727
    shared-adapter[japan+us-regions+us-states] ep03 val=0.1703 best=0.1703
    shared-adapter[japan+us-regions+us-states] ep04 val=0.1669 best=0.1669
    shared-adapter[japan+us-regions+us-states] ep05 val=0.1647 best=0.1647
    shared-adapter[japan+us-regions+us-states] ep06 val=0.1616 best=0.1616
    shared-adapter[japan+us-regions+us-states] ep07 val=0.1608 best=0.1608
    shared-adapter[japan+us-regions+us-states] ep08 val=0.1616 best=0.1608
    shared-adapter[japan+us-regions+us-states] ep09 val=0.1587 best=0.1587
    shared-adapter[japan+us-regions+us-states] ep10 val=0.1571 best=0.1571
    shared-adapter[japan+us-regions+us-states] ep11 val=0.1538 best=0.1538
    shared-adapter[japan+us-regions+us-states] ep12 val=0.1592 best=0.1538
    shared-adapter[japan+us-regions+us-states] ep13 val=0.1571 best=0.1538
    shared-adapter[japan+us-regions+us-states] ep14 val=0.1559 best=0.1538
    shared-adapter[japan+us-regions+us-states] ep15 val=0.1568 best=0.1538
    shared-adapter[japan+us-regions+us-states] ep16 val=0.1562 best=0.1538
    shared-adapter[japan+us-regions+us-states] ep17 val=0.1552 best=0.1538
    shared-adapter[japan+us-regions+us-states] ep18 val=0.1509 best=0.1509
    shared-adapter[japan+us-regions+us-states] ep19 val=0.1540 best=0.1509
    shared-adapter[japan+us-regions+us-states] ep20 val=0.1555 best=0.1509
    shared-adapter[japan+us-regions+us-states] ep21 val=0.1522 best=0.1509
    shared-adapter[japan+us-regions+us-states] ep22 val=0.1506 best=0.1506
    shared-adapter[japan+us-regions+us-states] ep23 val=0.1492 best=0.1492
    shared-adapter[japan+us-regions+us-states] ep24 val=0.1494 best=0.1492
    shared-adapter[japan+us-regions+us-states] ep25 val=0.1507 best=0.1492
    shared-adapter[japan+us-regions+us-states] ep26 val=0.1486 best=0.1486
    shared-adapter[japan+us-regions+us-states] ep27 val=0.1497 best=0.1486
    shared-adapter[japan+us-regions+us-states] ep28 val=0.1487 best=0.1486
    shared-adapter[japan+us-regions+us-states] ep29 val=0.1517 best=0.1486
    shared-adapter[japan+us-regions+us-states] ep30 val=0.1487 best=0.1486
    shared-adapter[japan+us-regions+us-states] ep31 val=0.1492 best=0.1486
    shared-adapter[japan+us-regions+us-states] ep32 val=0.1491 best=0.1486
    shared-adapter[japan+us-regions+us-states] ep33 val=0.1511 best=0.1486
    shared-adapter[japan+us-regions+us-states] ep34 val=0.1472 best=0.1472
    shared-adapter[japan+us-regions+us-states] ep35 val=0.1512 best=0.1472
    shared-adapter[japan+us-regions+us-states] ep36 val=0.1471 best=0.1471
    shared-adapter[japan+us-regions+us-states] ep37 val=0.1476 best=0.1471
    shared-adapter[japan+us-regions+us-states] ep38 val=0.1496 best=0.1471
    shared-adapter[japan+us-regions+us-states] ep39 val=0.1500 best=0.1471
    shared-adapter[japan+us-regions+us-states] ep40 val=0.1475 best=0.1471
    shared-adapter[japan+us-regions+us-states] ep41 val=0.1494 best=0.1471
    shared-adapter[japan+us-regions+us-states] ep42 val=0.1502 best=0.1471
    shared-adapter[japan+us-regions+us-states] ep43 val=0.1492 best=0.1471
    shared-adapter[japan+us-regions+us-states] ep44 val=0.1474 best=0.1471
    shared-adapter[japan+us-regions+us-states] ep45 val=0.1455 best=0.1455
    shared-adapter[japan+us-regions+us-states] ep46 val=0.1476 best=0.1455
    shared-adapter[japan+us-regions+us-states] ep47 val=0.1486 best=0.1455
    shared-adapter[japan+us-regions+us-states] ep48 val=0.1476 best=0.1455
    shared-adapter[japan+us-regions+us-states] ep49 val=0.1479 best=0.1455
    shared-adapter[japan+us-regions+us-states] ep50 val=0.1472 best=0.1455
    shared-adapter[japan+us-regions+us-states] ep51 val=0.1480 best=0.1455
    shared-adapter[japan+us-regions+us-states] ep52 val=0.1469 best=0.1455
    shared-adapter[japan+us-regions+us-states] ep53 val=0.1481 best=0.1455
    shared-adapter[japan+us-regions+us-states] ep54 val=0.1488 best=0.1455
    shared-adapter[japan+us-regions+us-states] ep55 val=0.1466 best=0.1455
    shared-adapter[japan+us-regions+us-states] ep56 val=0.1476 best=0.1455
    shared-adapter[japan+us-regions+us-states] ep57 val=0.1478 best=0.1455
    shared-adapter[japan+us-regions+us-states] ep58 val=0.1470 best=0.1455
    shared-adapter[japan+us-regions+us-states] ep59 val=0.1480 best=0.1455
    shared-adapter[japan+us-regions+us-states] ep60 val=0.1472 best=0.1455
[seed 82] scored; results\misc\anil_ldo3influenza_affine_control.json updated (5 seeds)

=== fold=influenza arm=control surface=affine, 5 seeds ===

reference: LDO3 freeze-then-adapt (influenza held out) (freeze-then-adapt, LDO3 fold of the same name, same seeds and scorer)
delta% = (reference_rmse - arm_rmse) / |reference_rmse| x 100; positive = arm better; units = per cent of reference RMSE (country-macro, count space)

cell                          n   mean d%      sd               95% CI   verdict
influenza_japan|h10           5      -1.4     2.0         [-3.9, +1.0]   within noise
influenza_japan|h15           5      -3.1     2.5         [-6.2, -0.1]   yes
influenza_japan|h3            5     -13.3    12.3        [-28.6, +1.9]   within noise
influenza_japan|h5            5      -6.7    11.5        [-20.9, +7.5]   within noise
influenza_us-regions|h10      5      -2.4     3.5         [-6.7, +1.9]   within noise
influenza_us-regions|h15      5      -1.8     3.5         [-6.1, +2.6]   within noise
influenza_us-regions|h3       5      -5.1     7.3        [-14.1, +4.0]   within noise
influenza_us-regions|h5       5      +0.1     5.7         [-6.9, +7.1]   within noise
influenza_us-states|h10       5      +0.5     4.5         [-5.1, +6.2]   within noise
influenza_us-states|h15       5      +0.6     1.2         [-0.8, +2.0]   within noise
influenza_us-states|h3        5      -2.1     3.7         [-6.6, +2.4]   within noise
influenza_us-states|h5        5      -1.1     3.1         [-5.0, +2.7]   within noise

0 of 12 cells significantly better than LDO3 freeze-then-adapt (influenza held out), 1 significantly worse.

wrote results\misc\anil_ldo3influenza_affine_control_summary.json

wrote results\misc\anil_ldo3influenza_affine_control.json
ABLATION ONLY. This is an ablation of the adaptation procedure, not a headline, and that does not change if the sign is positive.
Report with ALL of: (1) episodes here DO vary disease -- meta-train ['dengue', 'covid_us-states'] over 2 panels, held out ['influenza_japan', 'influenza_us-regions', 'influenza_us-states'] -- which answers D13's objection for this fold but NOT for the dengue2flu run, so do not read this back onto that table; (2) warm start, so this is meta-FINE-TUNING; (3) the meta-test fits a fresh adapter on FULL train folds, so nothing here measures few-shot; (4) the surface was selected on h15, where the Ebola primary arm has zero adaptation pairs.

===== anil influenza seed82 anil :: 2026-09-04 01:51:01 =====
[preflight] ok: fold=influenza meta-train=['dengue', 'covid_us-states'] -> meta-test=['influenza_japan', 'influenza_us-regions', 'influenza_us-states'], 1 seeds, device cuda, arm=anil, surface=affine, target lag 12 origins, second_order=True, warm_start=True
[resume] already scored: [42, 52, 62, 72]
[anil] seed 82 arm=anil surface=affine: warm start from results\lodo\encoder_ldo3__influenza__seed82__ckpt.pt
    anil(82,anil) upd   100 train=0.2566 (0.5 min, 61 skipped)
    anil(82,anil) upd   200 train=0.1456 (0.8 min, 113 skipped)
    anil(82,anil) upd   250 val=0.1970 best=0.1970 (1.1 min)
    anil(82,anil) upd   300 train=0.1242 (1.2 min, 159 skipped)
    anil(82,anil) upd   400 train=0.1073 (1.6 min, 229 skipped)
    anil(82,anil) upd   500 val=0.1778 best=0.1778 (2.0 min)
    anil(82,anil) upd   600 train=0.0874 (2.3 min, 325 skipped)
    anil(82,anil) upd   700 train=0.0983 (2.7 min, 394 skipped)
    anil(82,anil) upd   750 val=0.1718 best=0.1718 (2.9 min)
    anil(82,anil) upd   800 train=0.0933 (3.2 min, 452 skipped)
    anil(82,anil) upd   900 train=0.0891 (3.5 min, 513 skipped)
    anil(82,anil) upd  1000 val=0.1669 best=0.1669 (4.0 min)
    anil(82,anil) upd  1100 train=0.0862 (4.4 min, 633 skipped)
    anil(82,anil) upd  1200 train=0.0877 (4.8 min, 696 skipped)
    anil(82,anil) upd  1250 val=0.1672 best=0.1669 (5.0 min)
    anil(82,anil) upd  1300 train=0.0798 (5.1 min, 763 skipped)
    anil(82,anil) upd  1400 train=0.0694 (5.5 min, 814 skipped)
    anil(82,anil) upd  1500 val=0.1655 best=0.1655 (5.8 min)
    anil(82,anil) upd  1600 train=0.0784 (6.2 min, 934 skipped)
    anil(82,anil) upd  1700 train=0.0740 (6.5 min, 1007 skipped)
    anil(82,anil) upd  1750 val=0.1673 best=0.1655 (6.7 min)
    anil(82,anil) upd  1800 train=0.0702 (6.9 min, 1080 skipped)
    anil(82,anil) upd  1900 train=0.0650 (7.3 min, 1135 skipped)
    anil(82,anil) upd  2000 val=0.1666 best=0.1655 (7.7 min)
    anil(82,anil) upd  2100 train=0.0728 (8.0 min, 1267 skipped)
    anil(82,anil) upd  2200 train=0.0827 (8.4 min, 1325 skipped)
    anil(82,anil) upd  2250 val=0.1660 best=0.1655 (8.6 min)
    anil(82,anil) upd  2300 train=0.0675 (8.8 min, 1381 skipped)
    anil(82,anil) upd  2400 train=0.0751 (9.2 min, 1447 skipped)
    anil(82,anil) upd  2500 val=0.1652 best=0.1652 (9.7 min)
    anil(82,anil) upd  2600 train=0.0644 (10.0 min, 1574 skipped)
    anil(82,anil) upd  2700 train=0.0741 (10.4 min, 1617 skipped)
    anil(82,anil) upd  2750 val=0.1647 best=0.1647 (10.7 min)
    anil(82,anil) upd  2800 train=0.0705 (10.8 min, 1679 skipped)
    anil(82,anil) upd  2900 train=0.0556 (11.2 min, 1745 skipped)
    anil(82,anil) upd  3000 val=0.1641 best=0.1641 (11.6 min)
    anil(82,anil) upd  3100 train=0.0659 (12.0 min, 1872 skipped)
    anil(82,anil) upd  3200 train=0.0720 (12.3 min, 1935 skipped)
    anil(82,anil) upd  3250 val=0.1636 best=0.1636 (12.5 min)
    anil(82,anil) upd  3300 train=0.0595 (12.7 min, 2000 skipped)
    anil(82,anil) upd  3400 train=0.0752 (13.1 min, 2045 skipped)
    anil(82,anil) upd  3500 val=0.1624 best=0.1624 (13.5 min)
    anil(82,anil) upd  3600 train=0.0648 (13.9 min, 2174 skipped)
    anil(82,anil) upd  3700 train=0.0692 (14.3 min, 2238 skipped)
    anil(82,anil) upd  3750 val=0.1623 best=0.1623 (14.5 min)
    anil(82,anil) upd  3800 train=0.0612 (14.6 min, 2299 skipped)
    anil(82,anil) upd  3900 train=0.0642 (15.0 min, 2349 skipped)
    anil(82,anil) upd  4000 val=0.1638 best=0.1623 (15.3 min)
    anil(82,anil) upd  4100 train=0.0723 (15.7 min, 2442 skipped)
    anil(82,anil) upd  4200 train=0.0672 (16.1 min, 2503 skipped)
    anil(82,anil) upd  4250 val=0.1619 best=0.1619 (16.3 min)
    anil(82,anil) upd  4300 train=0.0629 (16.5 min, 2551 skipped)
    anil(82,anil) upd  4400 train=0.0736 (16.8 min, 2619 skipped)
    anil(82,anil) upd  4500 val=0.1620 best=0.1619 (17.3 min)
    anil(82,anil) upd  4600 train=0.0665 (17.6 min, 2697 skipped)
    anil(82,anil) upd  4700 train=0.0744 (17.9 min, 2774 skipped)
    anil(82,anil) upd  4750 val=0.1609 best=0.1609 (18.0 min)
    anil(82,anil) upd  4800 train=0.0603 (18.2 min, 2842 skipped)
    anil(82,anil) upd  4900 train=0.0675 (18.5 min, 2892 skipped)
    anil(82,anil) upd  5000 val=0.1594 best=0.1594 (18.7 min)
    shared-adapter[japan+us-regions+us-states] ep00 val=0.1988 best=0.1988
    shared-adapter[japan+us-regions+us-states] ep01 val=0.1765 best=0.1765
    shared-adapter[japan+us-regions+us-states] ep02 val=0.1734 best=0.1734
    shared-adapter[japan+us-regions+us-states] ep03 val=0.1710 best=0.1710
    shared-adapter[japan+us-regions+us-states] ep04 val=0.1673 best=0.1673
    shared-adapter[japan+us-regions+us-states] ep05 val=0.1653 best=0.1653
    shared-adapter[japan+us-regions+us-states] ep06 val=0.1631 best=0.1631
    shared-adapter[japan+us-regions+us-states] ep07 val=0.1611 best=0.1611
    shared-adapter[japan+us-regions+us-states] ep08 val=0.1616 best=0.1611
    shared-adapter[japan+us-regions+us-states] ep09 val=0.1600 best=0.1600
    shared-adapter[japan+us-regions+us-states] ep10 val=0.1582 best=0.1582
    shared-adapter[japan+us-regions+us-states] ep11 val=0.1544 best=0.1544
    shared-adapter[japan+us-regions+us-states] ep12 val=0.1607 best=0.1544
    shared-adapter[japan+us-regions+us-states] ep13 val=0.1574 best=0.1544
    shared-adapter[japan+us-regions+us-states] ep14 val=0.1564 best=0.1544
    shared-adapter[japan+us-regions+us-states] ep15 val=0.1580 best=0.1544
    shared-adapter[japan+us-regions+us-states] ep16 val=0.1564 best=0.1544
    shared-adapter[japan+us-regions+us-states] ep17 val=0.1561 best=0.1544
    shared-adapter[japan+us-regions+us-states] ep18 val=0.1519 best=0.1519
    shared-adapter[japan+us-regions+us-states] ep19 val=0.1547 best=0.1519
    shared-adapter[japan+us-regions+us-states] ep20 val=0.1564 best=0.1519
    shared-adapter[japan+us-regions+us-states] ep21 val=0.1518 best=0.1518
    shared-adapter[japan+us-regions+us-states] ep22 val=0.1512 best=0.1512
    shared-adapter[japan+us-regions+us-states] ep23 val=0.1500 best=0.1500
    shared-adapter[japan+us-regions+us-states] ep24 val=0.1498 best=0.1498
    shared-adapter[japan+us-regions+us-states] ep25 val=0.1516 best=0.1498
    shared-adapter[japan+us-regions+us-states] ep26 val=0.1500 best=0.1498
    shared-adapter[japan+us-regions+us-states] ep27 val=0.1499 best=0.1498
    shared-adapter[japan+us-regions+us-states] ep28 val=0.1504 best=0.1498
    shared-adapter[japan+us-regions+us-states] ep29 val=0.1526 best=0.1498
    shared-adapter[japan+us-regions+us-states] ep30 val=0.1494 best=0.1494
    shared-adapter[japan+us-regions+us-states] ep31 val=0.1506 best=0.1494
    shared-adapter[japan+us-regions+us-states] ep32 val=0.1493 best=0.1493
    shared-adapter[japan+us-regions+us-states] ep33 val=0.1518 best=0.1493
    shared-adapter[japan+us-regions+us-states] ep34 val=0.1479 best=0.1479
    shared-adapter[japan+us-regions+us-states] ep35 val=0.1520 best=0.1479
    shared-adapter[japan+us-regions+us-states] ep36 val=0.1482 best=0.1479
    shared-adapter[japan+us-regions+us-states] ep37 val=0.1486 best=0.1479
    shared-adapter[japan+us-regions+us-states] ep38 val=0.1501 best=0.1479
    shared-adapter[japan+us-regions+us-states] ep39 val=0.1497 best=0.1479
    shared-adapter[japan+us-regions+us-states] ep40 val=0.1479 best=0.1479
    shared-adapter[japan+us-regions+us-states] ep41 val=0.1500 best=0.1479
    shared-adapter[japan+us-regions+us-states] ep42 val=0.1511 best=0.1479
    shared-adapter[japan+us-regions+us-states] ep43 val=0.1496 best=0.1479
    shared-adapter[japan+us-regions+us-states] ep44 val=0.1482 best=0.1479
    shared-adapter[japan+us-regions+us-states] ep45 val=0.1465 best=0.1465
    shared-adapter[japan+us-regions+us-states] ep46 val=0.1487 best=0.1465
    shared-adapter[japan+us-regions+us-states] ep47 val=0.1497 best=0.1465
    shared-adapter[japan+us-regions+us-states] ep48 val=0.1483 best=0.1465
    shared-adapter[japan+us-regions+us-states] ep49 val=0.1491 best=0.1465
    shared-adapter[japan+us-regions+us-states] ep50 val=0.1481 best=0.1465
    shared-adapter[japan+us-regions+us-states] ep51 val=0.1488 best=0.1465
    shared-adapter[japan+us-regions+us-states] ep52 val=0.1478 best=0.1465
    shared-adapter[japan+us-regions+us-states] ep53 val=0.1488 best=0.1465
    shared-adapter[japan+us-regions+us-states] ep54 val=0.1497 best=0.1465
    shared-adapter[japan+us-regions+us-states] ep55 val=0.1473 best=0.1465
    shared-adapter[japan+us-regions+us-states] ep56 val=0.1485 best=0.1465
    shared-adapter[japan+us-regions+us-states] ep57 val=0.1483 best=0.1465
    shared-adapter[japan+us-regions+us-states] ep58 val=0.1483 best=0.1465
    shared-adapter[japan+us-regions+us-states] ep59 val=0.1487 best=0.1465
    shared-adapter[japan+us-regions+us-states] ep60 val=0.1483 best=0.1465
[seed 82] scored; results\misc\anil_ldo3influenza_affine_anil.json updated (5 seeds)

=== fold=influenza arm=anil surface=affine, 5 seeds ===

reference: LDO3 freeze-then-adapt (influenza held out) (freeze-then-adapt, LDO3 fold of the same name, same seeds and scorer)
delta% = (reference_rmse - arm_rmse) / |reference_rmse| x 100; positive = arm better; units = per cent of reference RMSE (country-macro, count space)

cell                          n   mean d%      sd               95% CI   verdict
influenza_japan|h10           5      -0.6     1.3         [-2.1, +1.0]   within noise
influenza_japan|h15           5      -2.8     2.1         [-5.4, -0.2]   yes
influenza_japan|h3            5     -10.4     7.3        [-19.5, -1.4]   yes
influenza_japan|h5            5      -7.6     9.6        [-19.6, +4.3]   within noise
influenza_us-regions|h10      5      -1.2     5.1         [-7.6, +5.1]   within noise
influenza_us-regions|h15      5      -0.1     4.5         [-5.7, +5.5]   within noise
influenza_us-regions|h3       5      -2.8     9.7        [-14.9, +9.3]   within noise
influenza_us-regions|h5       5      +0.6     8.1        [-9.4, +10.6]   within noise
influenza_us-states|h10       5      +1.2     4.6         [-4.6, +6.9]   within noise
influenza_us-states|h15       5      +0.7     1.4         [-1.0, +2.4]   within noise
influenza_us-states|h3        5      -0.9     2.6         [-4.2, +2.4]   within noise
influenza_us-states|h5        5      -0.7     2.8         [-4.2, +2.8]   within noise

0 of 12 cells significantly better than LDO3 freeze-then-adapt (influenza held out), 2 significantly worse.

wrote results\misc\anil_ldo3influenza_affine_anil_summary.json

wrote results\misc\anil_ldo3influenza_affine_anil.json
ABLATION ONLY. This is an ablation of the adaptation procedure, not a headline, and that does not change if the sign is positive.
Report with ALL of: (1) episodes here DO vary disease -- meta-train ['dengue', 'covid_us-states'] over 2 panels, held out ['influenza_japan', 'influenza_us-regions', 'influenza_us-states'] -- which answers D13's objection for this fold but NOT for the dengue2flu run, so do not read this back onto that table; (2) warm start, so this is meta-FINE-TUNING; (3) the meta-test fits a fresh adapter on FULL train folds, so nothing here measures few-shot; (4) the surface was selected on h15, where the Ebola primary arm has zero adaptation pairs.

===== anil covid seed42 control :: 2026-09-04 02:15:45 =====
[preflight] ok: fold=covid meta-train=['dengue', 'influenza_japan', 'influenza_us-regions', 'influenza_us-states'] -> meta-test=['covid_us-states'], 1 seeds, device cuda, arm=control, surface=affine, target lag 12 origins, second_order=True, warm_start=True
[anil] seed 42 arm=control surface=affine: warm start from results\lodo\encoder_ldo3__covid__seed42__ckpt.pt
    anil(42,control) upd   100 train=0.2860 (0.1 min, 19 skipped)
    anil(42,control) upd   200 train=0.1783 (0.2 min, 45 skipped)
    anil(42,control) upd   250 val=0.1598 best=0.1598 (0.3 min)
    anil(42,control) upd   300 train=0.1528 (0.4 min, 70 skipped)
    anil(42,control) upd   400 train=0.1373 (0.5 min, 98 skipped)
    anil(42,control) upd   500 val=0.1525 best=0.1525 (0.6 min)
    anil(42,control) upd   600 train=0.1366 (0.8 min, 146 skipped)
    anil(42,control) upd   700 train=0.1275 (0.9 min, 182 skipped)
    anil(42,control) upd   750 val=0.1423 best=0.1423 (0.9 min)
    anil(42,control) upd   800 train=0.1288 (1.0 min, 201 skipped)
    anil(42,control) upd   900 train=0.1242 (1.1 min, 224 skipped)
    anil(42,control) upd  1000 val=0.1431 best=0.1423 (1.3 min)
    anil(42,control) upd  1100 train=0.1227 (1.4 min, 276 skipped)
    anil(42,control) upd  1200 train=0.1217 (1.5 min, 292 skipped)
    anil(42,control) upd  1250 val=0.1431 best=0.1423 (1.6 min)
    anil(42,control) upd  1300 train=0.1274 (1.7 min, 317 skipped)
    anil(42,control) upd  1400 train=0.1211 (1.8 min, 341 skipped)
    anil(42,control) upd  1500 val=0.1383 best=0.1383 (1.9 min)
    anil(42,control) upd  1600 train=0.1139 (2.0 min, 380 skipped)
    anil(42,control) upd  1700 train=0.1245 (2.1 min, 408 skipped)
    anil(42,control) upd  1750 val=0.1463 best=0.1383 (2.2 min)
    anil(42,control) upd  1800 train=0.1141 (2.3 min, 427 skipped)
    anil(42,control) upd  1900 train=0.1176 (2.4 min, 442 skipped)
    anil(42,control) upd  2000 val=0.1410 best=0.1383 (2.5 min)
    anil(42,control) upd  2100 train=0.1305 (2.7 min, 492 skipped)
    anil(42,control) upd  2200 train=0.1156 (2.8 min, 514 skipped)
    anil(42,control) upd  2250 val=0.1396 best=0.1383 (2.9 min)
    anil(42,control) upd  2300 train=0.1190 (3.0 min, 543 skipped)
    anil(42,control) upd  2400 train=0.1217 (3.1 min, 570 skipped)
    anil(42,control) upd  2500 val=0.1372 best=0.1372 (3.2 min)
    anil(42,control) upd  2600 train=0.1164 (3.4 min, 600 skipped)
    anil(42,control) upd  2700 train=0.1143 (3.5 min, 625 skipped)
    anil(42,control) upd  2750 val=0.1392 best=0.1372 (3.6 min)
    anil(42,control) upd  2800 train=0.1238 (3.6 min, 647 skipped)
    anil(42,control) upd  2900 train=0.1091 (3.7 min, 672 skipped)
    anil(42,control) upd  3000 val=0.1368 best=0.1368 (3.9 min)
    anil(42,control) upd  3100 train=0.1172 (4.0 min, 716 skipped)
    anil(42,control) upd  3200 train=0.1162 (4.1 min, 740 skipped)
    anil(42,control) upd  3250 val=0.1387 best=0.1368 (4.2 min)
    anil(42,control) upd  3300 train=0.1134 (4.2 min, 760 skipped)
    anil(42,control) upd  3400 train=0.1189 (4.4 min, 774 skipped)
    anil(42,control) upd  3500 val=0.1374 best=0.1368 (4.5 min)
    anil(42,control) upd  3600 train=0.1215 (4.6 min, 808 skipped)
    anil(42,control) upd  3700 train=0.1139 (4.8 min, 830 skipped)
    anil(42,control) upd  3750 val=0.1372 best=0.1368 (4.8 min)
    anil(42,control) upd  3800 train=0.1130 (4.9 min, 846 skipped)
    anil(42,control) upd  3900 train=0.1094 (5.0 min, 871 skipped)
    anil(42,control) upd  4000 val=0.1385 best=0.1368 (5.2 min)
    anil(42,control) upd  4100 train=0.1203 (5.3 min, 909 skipped)
    anil(42,control) upd  4200 train=0.1092 (5.4 min, 932 skipped)
    anil(42,control) upd  4250 val=0.1381 best=0.1368 (5.5 min)
    anil(42,control) upd  4300 train=0.1151 (5.5 min, 961 skipped)
    anil(42,control) upd  4400 train=0.1175 (5.7 min, 981 skipped)
    anil(42,control) upd  4500 val=0.1356 best=0.1356 (5.8 min)
    anil(42,control) upd  4600 train=0.1106 (5.9 min, 1030 skipped)
    anil(42,control) upd  4700 train=0.1125 (6.1 min, 1058 skipped)
    anil(42,control) upd  4750 val=0.1370 best=0.1356 (6.1 min)
    anil(42,control) upd  4800 train=0.1131 (6.2 min, 1077 skipped)
    anil(42,control) upd  4900 train=0.1095 (6.3 min, 1095 skipped)
    anil(42,control) upd  5000 val=0.1381 best=0.1356 (6.4 min)
    anil(42,control) upd  5100 train=0.1168 (6.6 min, 1133 skipped)
    anil(42,control) upd  5200 train=0.1165 (6.7 min, 1155 skipped)
    anil(42,control) upd  5250 val=0.1364 best=0.1356 (6.8 min)
    anil(42,control) upd  5300 train=0.1081 (6.8 min, 1175 skipped)
    anil(42,control) upd  5400 train=0.1211 (7.0 min, 1194 skipped)
    anil(42,control) upd  5500 val=0.1346 best=0.1346 (7.1 min)
    anil(42,control) upd  5600 train=0.1132 (7.2 min, 1225 skipped)
    anil(42,control) upd  5700 train=0.1197 (7.4 min, 1250 skipped)
    anil(42,control) upd  5750 val=0.1363 best=0.1346 (7.5 min)
    anil(42,control) upd  5800 train=0.1107 (7.5 min, 1271 skipped)
    anil(42,control) upd  5900 train=0.1144 (7.7 min, 1297 skipped)
    anil(42,control) upd  6000 val=0.1351 best=0.1346 (7.8 min)
    anil(42,control) upd  6100 train=0.1134 (7.9 min, 1344 skipped)
    anil(42,control) upd  6200 train=0.1123 (8.1 min, 1376 skipped)
    anil(42,control) upd  6250 val=0.1357 best=0.1346 (8.2 min)
    anil(42,control) upd  6300 train=0.1168 (8.2 min, 1403 skipped)
    anil(42,control) upd  6400 train=0.1085 (8.3 min, 1423 skipped)
    anil(42,control) upd  6500 val=0.1359 best=0.1346 (8.5 min)
    shared-adapter[us-states] ep00 val=0.4052 best=0.4052
    shared-adapter[us-states] ep01 val=0.2551 best=0.2551
    shared-adapter[us-states] ep02 val=0.1634 best=0.1634
    shared-adapter[us-states] ep03 val=0.1408 best=0.1408
    shared-adapter[us-states] ep04 val=0.1326 best=0.1326
    shared-adapter[us-states] ep05 val=0.1250 best=0.1250
    shared-adapter[us-states] ep06 val=0.1229 best=0.1229
    shared-adapter[us-states] ep07 val=0.1195 best=0.1195
    shared-adapter[us-states] ep08 val=0.1174 best=0.1174
    shared-adapter[us-states] ep09 val=0.1170 best=0.1170
    shared-adapter[us-states] ep10 val=0.1144 best=0.1144
    shared-adapter[us-states] ep11 val=0.1138 best=0.1138
    shared-adapter[us-states] ep12 val=0.1134 best=0.1134
    shared-adapter[us-states] ep13 val=0.1128 best=0.1128
    shared-adapter[us-states] ep14 val=0.1115 best=0.1115
    shared-adapter[us-states] ep15 val=0.1109 best=0.1109
    shared-adapter[us-states] ep16 val=0.1108 best=0.1108
    shared-adapter[us-states] ep17 val=0.1104 best=0.1104
    shared-adapter[us-states] ep18 val=0.1105 best=0.1104
    shared-adapter[us-states] ep19 val=0.1107 best=0.1104
    shared-adapter[us-states] ep20 val=0.1103 best=0.1103
    shared-adapter[us-states] ep21 val=0.1103 best=0.1103
    shared-adapter[us-states] ep22 val=0.1101 best=0.1101
    shared-adapter[us-states] ep23 val=0.1099 best=0.1099
    shared-adapter[us-states] ep24 val=0.1099 best=0.1099
    shared-adapter[us-states] ep25 val=0.1092 best=0.1092
    shared-adapter[us-states] ep26 val=0.1110 best=0.1092
    shared-adapter[us-states] ep27 val=0.1100 best=0.1092
    shared-adapter[us-states] ep28 val=0.1103 best=0.1092
    shared-adapter[us-states] ep29 val=0.1102 best=0.1092
    shared-adapter[us-states] ep30 val=0.1102 best=0.1092
    shared-adapter[us-states] ep31 val=0.1109 best=0.1092
    shared-adapter[us-states] ep32 val=0.1096 best=0.1092
    shared-adapter[us-states] ep33 val=0.1096 best=0.1092
    shared-adapter[us-states] ep34 val=0.1108 best=0.1092
    shared-adapter[us-states] ep35 val=0.1094 best=0.1092
    shared-adapter[us-states] ep36 val=0.1109 best=0.1092
    shared-adapter[us-states] ep37 val=0.1098 best=0.1092
    shared-adapter[us-states] ep38 val=0.1100 best=0.1092
    shared-adapter[us-states] ep39 val=0.1102 best=0.1092
    shared-adapter[us-states] ep40 val=0.1093 best=0.1092
[seed 42] scored; results\misc\anil_ldo3covid_affine_control.json updated (1 seeds)

=== fold=covid arm=control surface=affine, 1 seeds ===

reference: LDO3 freeze-then-adapt (covid held out) (freeze-then-adapt, LDO3 fold of the same name, same seeds and scorer)
delta% = (reference_rmse - arm_rmse) / |reference_rmse| x 100; positive = arm better; units = per cent of reference RMSE (country-macro, count space)

cell                          n   mean d%      sd               95% CI   verdict
covid_us-states|h10           1      -9.5     nan          n too small   within noise
covid_us-states|h15           1    -255.1     nan          n too small   within noise
covid_us-states|h3            1     -43.8     nan          n too small   within noise
covid_us-states|h5            1     -55.5     nan          n too small   within noise

0 of 4 cells significantly better than LDO3 freeze-then-adapt (covid held out), 0 significantly worse.

wrote results\misc\anil_ldo3covid_affine_control_summary.json

wrote results\misc\anil_ldo3covid_affine_control.json
ABLATION ONLY. This is an ablation of the adaptation procedure, not a headline, and that does not change if the sign is positive.
Report with ALL of: (1) episodes here DO vary disease -- meta-train ['dengue', 'influenza_japan', 'influenza_us-regions', 'influenza_us-states'] over 4 panels, held out ['covid_us-states'] -- which answers D13's objection for this fold but NOT for the dengue2flu run, so do not read this back onto that table; (2) warm start, so this is meta-FINE-TUNING; (3) the meta-test fits a fresh adapter on FULL train folds, so nothing here measures few-shot; (4) the surface was selected on h15, where the Ebola primary arm has zero adaptation pairs.

===== anil covid seed42 anil :: 2026-09-04 02:24:48 =====
[preflight] ok: fold=covid meta-train=['dengue', 'influenza_japan', 'influenza_us-regions', 'influenza_us-states'] -> meta-test=['covid_us-states'], 1 seeds, device cuda, arm=anil, surface=affine, target lag 12 origins, second_order=True, warm_start=True
[anil] seed 42 arm=anil surface=affine: warm start from results\lodo\encoder_ldo3__covid__seed42__ckpt.pt
    anil(42,anil) upd   100 train=0.2988 (0.2 min, 19 skipped)
    anil(42,anil) upd   200 train=0.1970 (0.3 min, 45 skipped)
    anil(42,anil) upd   250 val=0.1683 best=0.1683 (0.4 min)
    anil(42,anil) upd   300 train=0.1621 (0.5 min, 70 skipped)
    anil(42,anil) upd   400 train=0.1467 (0.6 min, 98 skipped)
    anil(42,anil) upd   500 val=0.1602 best=0.1602 (0.8 min)
    anil(42,anil) upd   600 train=0.1441 (0.9 min, 146 skipped)
    anil(42,anil) upd   700 train=0.1318 (1.1 min, 182 skipped)
    anil(42,anil) upd   750 val=0.1429 best=0.1429 (1.2 min)
    anil(42,anil) upd   800 train=0.1292 (1.3 min, 201 skipped)
    anil(42,anil) upd   900 train=0.1257 (1.4 min, 224 skipped)
    anil(42,anil) upd  1000 val=0.1464 best=0.1429 (1.6 min)
    anil(42,anil) upd  1100 train=0.1274 (1.8 min, 276 skipped)
    anil(42,anil) upd  1200 train=0.1241 (1.9 min, 292 skipped)
    anil(42,anil) upd  1250 val=0.1440 best=0.1429 (2.0 min)
    anil(42,anil) upd  1300 train=0.1295 (2.1 min, 317 skipped)
    anil(42,anil) upd  1400 train=0.1240 (2.2 min, 341 skipped)
    anil(42,anil) upd  1500 val=0.1395 best=0.1395 (2.4 min)
    anil(42,anil) upd  1600 train=0.1184 (2.5 min, 380 skipped)
    anil(42,anil) upd  1700 train=0.1270 (2.7 min, 408 skipped)
    anil(42,anil) upd  1750 val=0.1454 best=0.1395 (2.8 min)
    anil(42,anil) upd  1800 train=0.1175 (2.9 min, 427 skipped)
    anil(42,anil) upd  1900 train=0.1164 (3.0 min, 442 skipped)
    anil(42,anil) upd  2000 val=0.1378 best=0.1378 (3.2 min)
    anil(42,anil) upd  2100 train=0.1291 (3.4 min, 492 skipped)
    anil(42,anil) upd  2200 train=0.1170 (3.5 min, 514 skipped)
    anil(42,anil) upd  2250 val=0.1378 best=0.1378 (3.6 min)
    anil(42,anil) upd  2300 train=0.1226 (3.7 min, 543 skipped)
    anil(42,anil) upd  2400 train=0.1221 (3.9 min, 570 skipped)
    anil(42,anil) upd  2500 val=0.1387 best=0.1378 (4.0 min)
    anil(42,anil) upd  2600 train=0.1134 (4.2 min, 600 skipped)
    anil(42,anil) upd  2700 train=0.1170 (4.3 min, 625 skipped)
    anil(42,anil) upd  2750 val=0.1353 best=0.1353 (4.4 min)
    anil(42,anil) upd  2800 train=0.1230 (4.5 min, 647 skipped)
    anil(42,anil) upd  2900 train=0.1146 (4.7 min, 672 skipped)
    anil(42,anil) upd  3000 val=0.1370 best=0.1353 (4.8 min)
    anil(42,anil) upd  3100 train=0.1141 (5.0 min, 716 skipped)
    anil(42,anil) upd  3200 train=0.1161 (5.1 min, 740 skipped)
    anil(42,anil) upd  3250 val=0.1403 best=0.1353 (5.2 min)
    anil(42,anil) upd  3300 train=0.1132 (5.3 min, 760 skipped)
    anil(42,anil) upd  3400 train=0.1213 (5.4 min, 774 skipped)
    anil(42,anil) upd  3500 val=0.1408 best=0.1353 (5.6 min)
    anil(42,anil) upd  3600 train=0.1259 (5.8 min, 808 skipped)
    anil(42,anil) upd  3700 train=0.1167 (6.0 min, 830 skipped)
    anil(42,anil) upd  3750 val=0.1401 best=0.1353 (6.0 min)
    anil(42,anil) upd  3800 train=0.1143 (6.1 min, 846 skipped)
    anil(42,anil) upd  3900 train=0.1111 (6.3 min, 871 skipped)
    anil(42,anil) upd  4000 val=0.1389 best=0.1353 (6.4 min)
    anil(42,anil) upd  4100 train=0.1240 (6.6 min, 909 skipped)
    anil(42,anil) upd  4200 train=0.1094 (6.7 min, 932 skipped)
    anil(42,anil) upd  4250 val=0.1386 best=0.1353 (6.8 min)
    anil(42,anil) upd  4300 train=0.1151 (6.9 min, 961 skipped)
    anil(42,anil) upd  4400 train=0.1175 (7.1 min, 981 skipped)
    anil(42,anil) upd  4500 val=0.1411 best=0.1353 (7.2 min)
    anil(42,anil) upd  4600 train=0.1140 (7.4 min, 1030 skipped)
    anil(42,anil) upd  4700 train=0.1154 (7.6 min, 1058 skipped)
    anil(42,anil) upd  4750 val=0.1380 best=0.1353 (7.7 min)
    anil(42,anil) early stop at update 4750
    shared-adapter[us-states] ep00 val=0.3865 best=0.3865
    shared-adapter[us-states] ep01 val=0.2415 best=0.2415
    shared-adapter[us-states] ep02 val=0.1571 best=0.1571
    shared-adapter[us-states] ep03 val=0.1390 best=0.1390
    shared-adapter[us-states] ep04 val=0.1319 best=0.1319
    shared-adapter[us-states] ep05 val=0.1249 best=0.1249
    shared-adapter[us-states] ep06 val=0.1216 best=0.1216
    shared-adapter[us-states] ep07 val=0.1194 best=0.1194
    shared-adapter[us-states] ep08 val=0.1176 best=0.1176
    shared-adapter[us-states] ep09 val=0.1163 best=0.1163
    shared-adapter[us-states] ep10 val=0.1144 best=0.1144
    shared-adapter[us-states] ep11 val=0.1137 best=0.1137
    shared-adapter[us-states] ep12 val=0.1129 best=0.1129
    shared-adapter[us-states] ep13 val=0.1126 best=0.1126
    shared-adapter[us-states] ep14 val=0.1116 best=0.1116
    shared-adapter[us-states] ep15 val=0.1108 best=0.1108
    shared-adapter[us-states] ep16 val=0.1111 best=0.1108
    shared-adapter[us-states] ep17 val=0.1103 best=0.1103
    shared-adapter[us-states] ep18 val=0.1109 best=0.1103
    shared-adapter[us-states] ep19 val=0.1112 best=0.1103
    shared-adapter[us-states] ep20 val=0.1106 best=0.1103
    shared-adapter[us-states] ep21 val=0.1107 best=0.1103
    shared-adapter[us-states] ep22 val=0.1106 best=0.1103
    shared-adapter[us-states] ep23 val=0.1102 best=0.1102
    shared-adapter[us-states] ep24 val=0.1106 best=0.1102
    shared-adapter[us-states] ep25 val=0.1103 best=0.1102
    shared-adapter[us-states] ep26 val=0.1116 best=0.1102
    shared-adapter[us-states] ep27 val=0.1107 best=0.1102
    shared-adapter[us-states] ep28 val=0.1115 best=0.1102
    shared-adapter[us-states] ep29 val=0.1112 best=0.1102
    shared-adapter[us-states] ep30 val=0.1110 best=0.1102
    shared-adapter[us-states] ep31 val=0.1116 best=0.1102
    shared-adapter[us-states] ep32 val=0.1106 best=0.1102
    shared-adapter[us-states] ep33 val=0.1109 best=0.1102
    shared-adapter[us-states] ep34 val=0.1121 best=0.1102
    shared-adapter[us-states] ep35 val=0.1106 best=0.1102
    shared-adapter[us-states] ep36 val=0.1114 best=0.1102
    shared-adapter[us-states] ep37 val=0.1111 best=0.1102
    shared-adapter[us-states] ep38 val=0.1115 best=0.1102
[seed 42] scored; results\misc\anil_ldo3covid_affine_anil.json updated (1 seeds)

=== fold=covid arm=anil surface=affine, 1 seeds ===

reference: LDO3 freeze-then-adapt (covid held out) (freeze-then-adapt, LDO3 fold of the same name, same seeds and scorer)
delta% = (reference_rmse - arm_rmse) / |reference_rmse| x 100; positive = arm better; units = per cent of reference RMSE (country-macro, count space)

cell                          n   mean d%      sd               95% CI   verdict
covid_us-states|h10           1     -22.6     nan          n too small   within noise
covid_us-states|h15           1    -161.9     nan          n too small   within noise
covid_us-states|h3            1     -24.1     nan          n too small   within noise
covid_us-states|h5            1     -68.2     nan          n too small   within noise

0 of 4 cells significantly better than LDO3 freeze-then-adapt (covid held out), 0 significantly worse.

wrote results\misc\anil_ldo3covid_affine_anil_summary.json

wrote results\misc\anil_ldo3covid_affine_anil.json
ABLATION ONLY. This is an ablation of the adaptation procedure, not a headline, and that does not change if the sign is positive.
Report with ALL of: (1) episodes here DO vary disease -- meta-train ['dengue', 'influenza_japan', 'influenza_us-regions', 'influenza_us-states'] over 4 panels, held out ['covid_us-states'] -- which answers D13's objection for this fold but NOT for the dengue2flu run, so do not read this back onto that table; (2) warm start, so this is meta-FINE-TUNING; (3) the meta-test fits a fresh adapter on FULL train folds, so nothing here measures few-shot; (4) the surface was selected on h15, where the Ebola primary arm has zero adaptation pairs.

===== anil covid seed52 control :: 2026-09-04 02:32:59 =====
[preflight] ok: fold=covid meta-train=['dengue', 'influenza_japan', 'influenza_us-regions', 'influenza_us-states'] -> meta-test=['covid_us-states'], 1 seeds, device cuda, arm=control, surface=affine, target lag 12 origins, second_order=True, warm_start=True
[resume] already scored: [42]
[anil] seed 52 arm=control surface=affine: warm start from results\lodo\encoder_ldo3__covid__seed52__ckpt.pt
    anil(52,control) upd   100 train=0.3571 (0.1 min, 34 skipped)
    anil(52,control) upd   200 train=0.2303 (0.3 min, 64 skipped)
    anil(52,control) upd   250 val=0.1808 best=0.1808 (0.3 min)
    anil(52,control) upd   300 train=0.1633 (0.4 min, 84 skipped)
    anil(52,control) upd   400 train=0.1430 (0.5 min, 116 skipped)
    anil(52,control) upd   500 val=0.1514 best=0.1514 (0.7 min)
    anil(52,control) upd   600 train=0.1317 (0.8 min, 157 skipped)
    anil(52,control) upd   700 train=0.1224 (0.9 min, 186 skipped)
    anil(52,control) upd   750 val=0.1428 best=0.1428 (1.0 min)
    anil(52,control) upd   800 train=0.1216 (1.1 min, 224 skipped)
    anil(52,control) upd   900 train=0.1194 (1.2 min, 241 skipped)
    anil(52,control) upd  1000 val=0.1375 best=0.1375 (1.3 min)
    anil(52,control) upd  1100 train=0.1159 (1.4 min, 288 skipped)
    anil(52,control) upd  1200 train=0.1224 (1.5 min, 303 skipped)
    anil(52,control) upd  1250 val=0.1288 best=0.1288 (1.6 min)
    anil(52,control) upd  1300 train=0.1136 (1.7 min, 330 skipped)
    anil(52,control) upd  1400 train=0.1115 (1.8 min, 357 skipped)
    anil(52,control) upd  1500 val=0.1320 best=0.1288 (1.9 min)
    anil(52,control) upd  1600 train=0.1179 (2.0 min, 403 skipped)
    anil(52,control) upd  1700 train=0.1181 (2.1 min, 424 skipped)
    anil(52,control) upd  1750 val=0.1288 best=0.1288 (2.2 min)
    anil(52,control) upd  1800 train=0.1146 (2.3 min, 448 skipped)
    anil(52,control) upd  1900 train=0.1108 (2.4 min, 486 skipped)
    anil(52,control) upd  2000 val=0.1319 best=0.1288 (2.5 min)
    anil(52,control) upd  2100 train=0.1126 (2.6 min, 524 skipped)
    anil(52,control) upd  2200 train=0.1171 (2.8 min, 542 skipped)
    anil(52,control) upd  2250 val=0.1300 best=0.1288 (2.8 min)
    anil(52,control) upd  2300 train=0.1084 (2.9 min, 560 skipped)
    anil(52,control) upd  2400 train=0.1117 (3.0 min, 578 skipped)
    anil(52,control) upd  2500 val=0.1267 best=0.1267 (3.1 min)
    anil(52,control) upd  2600 train=0.1100 (3.3 min, 626 skipped)
    anil(52,control) upd  2700 train=0.1156 (3.4 min, 647 skipped)
    anil(52,control) upd  2750 val=0.1253 best=0.1253 (3.5 min)
    anil(52,control) upd  2800 train=0.1146 (3.5 min, 675 skipped)
    anil(52,control) upd  2900 train=0.1173 (3.7 min, 694 skipped)
    anil(52,control) upd  3000 val=0.1233 best=0.1233 (3.8 min)
    anil(52,control) upd  3100 train=0.1076 (3.9 min, 734 skipped)
    anil(52,control) upd  3200 train=0.1108 (4.0 min, 763 skipped)
    anil(52,control) upd  3250 val=0.1248 best=0.1233 (4.1 min)
    anil(52,control) upd  3300 train=0.1093 (4.1 min, 782 skipped)
    anil(52,control) upd  3400 train=0.1018 (4.2 min, 798 skipped)
    anil(52,control) upd  3500 val=0.1265 best=0.1233 (4.4 min)
    anil(52,control) upd  3600 train=0.1122 (4.5 min, 837 skipped)
    anil(52,control) upd  3700 train=0.1133 (4.6 min, 856 skipped)
    anil(52,control) upd  3750 val=0.1246 best=0.1233 (4.7 min)
    anil(52,control) upd  3800 train=0.1134 (4.8 min, 878 skipped)
    anil(52,control) upd  3900 train=0.1142 (4.9 min, 897 skipped)
    anil(52,control) upd  4000 val=0.1255 best=0.1233 (5.0 min)
    anil(52,control) upd  4100 train=0.1076 (5.2 min, 938 skipped)
    anil(52,control) upd  4200 train=0.1026 (5.3 min, 960 skipped)
    anil(52,control) upd  4250 val=0.1240 best=0.1233 (5.4 min)
    anil(52,control) upd  4300 train=0.1088 (5.4 min, 978 skipped)
    anil(52,control) upd  4400 train=0.1065 (5.5 min, 1001 skipped)
    anil(52,control) upd  4500 val=0.1245 best=0.1233 (5.7 min)
    anil(52,control) upd  4600 train=0.1065 (5.8 min, 1045 skipped)
    anil(52,control) upd  4700 train=0.1043 (5.9 min, 1070 skipped)
    anil(52,control) upd  4750 val=0.1235 best=0.1233 (6.0 min)
    anil(52,control) upd  4800 train=0.1143 (6.1 min, 1094 skipped)
    anil(52,control) upd  4900 train=0.1026 (6.2 min, 1125 skipped)
    anil(52,control) upd  5000 val=0.1249 best=0.1233 (6.3 min)
    anil(52,control) early stop at update 5000
    shared-adapter[us-states] ep00 val=0.4004 best=0.4004
    shared-adapter[us-states] ep01 val=0.2683 best=0.2683
    shared-adapter[us-states] ep02 val=0.1871 best=0.1871
    shared-adapter[us-states] ep03 val=0.1504 best=0.1504
    shared-adapter[us-states] ep04 val=0.1390 best=0.1390
    shared-adapter[us-states] ep05 val=0.1356 best=0.1356
    shared-adapter[us-states] ep06 val=0.1288 best=0.1288
    shared-adapter[us-states] ep07 val=0.1289 best=0.1288
    shared-adapter[us-states] ep08 val=0.1270 best=0.1270
    shared-adapter[us-states] ep09 val=0.1268 best=0.1268
    shared-adapter[us-states] ep10 val=0.1246 best=0.1246
    shared-adapter[us-states] ep11 val=0.1224 best=0.1224
    shared-adapter[us-states] ep12 val=0.1228 best=0.1224
    shared-adapter[us-states] ep13 val=0.1199 best=0.1199
    shared-adapter[us-states] ep14 val=0.1218 best=0.1199
    shared-adapter[us-states] ep15 val=0.1197 best=0.1197
    shared-adapter[us-states] ep16 val=0.1181 best=0.1181
    shared-adapter[us-states] ep17 val=0.1190 best=0.1181
    shared-adapter[us-states] ep18 val=0.1197 best=0.1181
    shared-adapter[us-states] ep19 val=0.1183 best=0.1181
    shared-adapter[us-states] ep20 val=0.1218 best=0.1181
    shared-adapter[us-states] ep21 val=0.1172 best=0.1172
    shared-adapter[us-states] ep22 val=0.1188 best=0.1172
    shared-adapter[us-states] ep23 val=0.1172 best=0.1172
    shared-adapter[us-states] ep24 val=0.1184 best=0.1172
    shared-adapter[us-states] ep25 val=0.1187 best=0.1172
    shared-adapter[us-states] ep26 val=0.1177 best=0.1172
    shared-adapter[us-states] ep27 val=0.1166 best=0.1166
    shared-adapter[us-states] ep28 val=0.1175 best=0.1166
    shared-adapter[us-states] ep29 val=0.1180 best=0.1166
    shared-adapter[us-states] ep30 val=0.1169 best=0.1166
    shared-adapter[us-states] ep31 val=0.1158 best=0.1158
    shared-adapter[us-states] ep32 val=0.1176 best=0.1158
    shared-adapter[us-states] ep33 val=0.1169 best=0.1158
    shared-adapter[us-states] ep34 val=0.1178 best=0.1158
    shared-adapter[us-states] ep35 val=0.1171 best=0.1158
    shared-adapter[us-states] ep36 val=0.1158 best=0.1158
    shared-adapter[us-states] ep37 val=0.1183 best=0.1158
    shared-adapter[us-states] ep38 val=0.1178 best=0.1158
    shared-adapter[us-states] ep39 val=0.1161 best=0.1158
    shared-adapter[us-states] ep40 val=0.1172 best=0.1158
    shared-adapter[us-states] ep41 val=0.1174 best=0.1158
    shared-adapter[us-states] ep42 val=0.1165 best=0.1158
    shared-adapter[us-states] ep43 val=0.1170 best=0.1158
    shared-adapter[us-states] ep44 val=0.1166 best=0.1158
    shared-adapter[us-states] ep45 val=0.1171 best=0.1158
    shared-adapter[us-states] ep46 val=0.1170 best=0.1158
[seed 52] scored; results\misc\anil_ldo3covid_affine_control.json updated (2 seeds)

=== fold=covid arm=control surface=affine, 2 seeds ===

reference: LDO3 freeze-then-adapt (covid held out) (freeze-then-adapt, LDO3 fold of the same name, same seeds and scorer)
delta% = (reference_rmse - arm_rmse) / |reference_rmse| x 100; positive = arm better; units = per cent of reference RMSE (country-macro, count space)

cell                          n   mean d%      sd               95% CI   verdict
covid_us-states|h10           2     -29.4    28.2     [-282.5, +223.8]   within noise
covid_us-states|h15           2    -147.3   152.5   [-1517.2, +1222.5]   within noise
covid_us-states|h3            2      -7.3    51.6     [-471.0, +456.4]   within noise
covid_us-states|h5            2     -28.9    37.7     [-367.4, +309.7]   within noise

0 of 4 cells significantly better than LDO3 freeze-then-adapt (covid held out), 0 significantly worse.

wrote results\misc\anil_ldo3covid_affine_control_summary.json

wrote results\misc\anil_ldo3covid_affine_control.json
ABLATION ONLY. This is an ablation of the adaptation procedure, not a headline, and that does not change if the sign is positive.
Report with ALL of: (1) episodes here DO vary disease -- meta-train ['dengue', 'influenza_japan', 'influenza_us-regions', 'influenza_us-states'] over 4 panels, held out ['covid_us-states'] -- which answers D13's objection for this fold but NOT for the dengue2flu run, so do not read this back onto that table; (2) warm start, so this is meta-FINE-TUNING; (3) the meta-test fits a fresh adapter on FULL train folds, so nothing here measures few-shot; (4) the surface was selected on h15, where the Ebola primary arm has zero adaptation pairs.

===== anil covid seed52 anil :: 2026-09-04 02:39:53 =====
[preflight] ok: fold=covid meta-train=['dengue', 'influenza_japan', 'influenza_us-regions', 'influenza_us-states'] -> meta-test=['covid_us-states'], 1 seeds, device cuda, arm=anil, surface=affine, target lag 12 origins, second_order=True, warm_start=True
[resume] already scored: [42]
[anil] seed 52 arm=anil surface=affine: warm start from results\lodo\encoder_ldo3__covid__seed52__ckpt.pt
    anil(52,anil) upd   100 train=0.3750 (0.1 min, 34 skipped)
    anil(52,anil) upd   200 train=0.2435 (0.3 min, 64 skipped)
    anil(52,anil) upd   250 val=0.1992 best=0.1992 (0.4 min)
    anil(52,anil) upd   300 train=0.1870 (0.5 min, 84 skipped)
    anil(52,anil) upd   400 train=0.1578 (0.6 min, 116 skipped)
    anil(52,anil) upd   500 val=0.1563 best=0.1563 (0.8 min)
    anil(52,anil) upd   600 train=0.1373 (1.0 min, 157 skipped)
    anil(52,anil) upd   700 train=0.1278 (1.1 min, 186 skipped)
    anil(52,anil) upd   750 val=0.1503 best=0.1503 (1.2 min)
    anil(52,anil) upd   800 train=0.1262 (1.3 min, 224 skipped)
    anil(52,anil) upd   900 train=0.1233 (1.4 min, 241 skipped)
    anil(52,anil) upd  1000 val=0.1421 best=0.1421 (1.6 min)
    anil(52,anil) upd  1100 train=0.1196 (1.8 min, 288 skipped)
    anil(52,anil) upd  1200 train=0.1231 (1.9 min, 303 skipped)
    anil(52,anil) upd  1250 val=0.1360 best=0.1360 (2.0 min)
    anil(52,anil) upd  1300 train=0.1144 (2.1 min, 330 skipped)
    anil(52,anil) upd  1400 train=0.1114 (2.2 min, 357 skipped)
    anil(52,anil) upd  1500 val=0.1382 best=0.1360 (2.4 min)
    anil(52,anil) upd  1600 train=0.1226 (2.5 min, 403 skipped)
    anil(52,anil) upd  1700 train=0.1204 (2.7 min, 424 skipped)
    anil(52,anil) upd  1750 val=0.1330 best=0.1330 (2.7 min)
    anil(52,anil) upd  1800 train=0.1169 (2.8 min, 448 skipped)
    anil(52,anil) upd  1900 train=0.1163 (3.0 min, 486 skipped)
    anil(52,anil) upd  2000 val=0.1373 best=0.1330 (3.1 min)
    anil(52,anil) upd  2100 train=0.1162 (3.3 min, 524 skipped)
    anil(52,anil) upd  2200 train=0.1216 (3.5 min, 542 skipped)
    anil(52,anil) upd  2250 val=0.1352 best=0.1330 (3.5 min)
    anil(52,anil) upd  2300 train=0.1116 (3.6 min, 560 skipped)
    anil(52,anil) upd  2400 train=0.1140 (3.8 min, 578 skipped)
    anil(52,anil) upd  2500 val=0.1354 best=0.1330 (3.9 min)
    anil(52,anil) upd  2600 train=0.1094 (4.1 min, 626 skipped)
    anil(52,anil) upd  2700 train=0.1173 (4.2 min, 647 skipped)
    anil(52,anil) upd  2750 val=0.1333 best=0.1330 (4.3 min)
    anil(52,anil) upd  2800 train=0.1177 (4.4 min, 675 skipped)
    anil(52,anil) upd  2900 train=0.1183 (4.6 min, 694 skipped)
    anil(52,anil) upd  3000 val=0.1307 best=0.1307 (4.7 min)
    anil(52,anil) upd  3100 train=0.1116 (4.9 min, 734 skipped)
    anil(52,anil) upd  3200 train=0.1123 (5.0 min, 763 skipped)
    anil(52,anil) upd  3250 val=0.1311 best=0.1307 (5.1 min)
    anil(52,anil) upd  3300 train=0.1115 (5.2 min, 782 skipped)
    anil(52,anil) upd  3400 train=0.1042 (5.3 min, 798 skipped)
    anil(52,anil) upd  3500 val=0.1296 best=0.1296 (5.5 min)
    anil(52,anil) upd  3600 train=0.1124 (5.6 min, 837 skipped)
    anil(52,anil) upd  3700 train=0.1161 (5.8 min, 856 skipped)
    anil(52,anil) upd  3750 val=0.1302 best=0.1296 (5.9 min)
    anil(52,anil) upd  3800 train=0.1198 (5.9 min, 878 skipped)
    anil(52,anil) upd  3900 train=0.1160 (6.1 min, 897 skipped)
    anil(52,anil) upd  4000 val=0.1302 best=0.1296 (6.3 min)
    anil(52,anil) upd  4100 train=0.1056 (6.5 min, 938 skipped)
    anil(52,anil) upd  4200 train=0.1046 (6.6 min, 960 skipped)
    anil(52,anil) upd  4250 val=0.1300 best=0.1296 (6.7 min)
    anil(52,anil) upd  4300 train=0.1130 (6.8 min, 978 skipped)
    anil(52,anil) upd  4400 train=0.1065 (6.9 min, 1001 skipped)
    anil(52,anil) upd  4500 val=0.1295 best=0.1295 (7.1 min)
    anil(52,anil) upd  4600 train=0.1044 (7.2 min, 1045 skipped)
    anil(52,anil) upd  4700 train=0.1036 (7.4 min, 1070 skipped)
    anil(52,anil) upd  4750 val=0.1314 best=0.1295 (7.5 min)
    anil(52,anil) upd  4800 train=0.1170 (7.6 min, 1094 skipped)
    anil(52,anil) upd  4900 train=0.1047 (7.7 min, 1125 skipped)
    anil(52,anil) upd  5000 val=0.1308 best=0.1295 (7.9 min)
    anil(52,anil) upd  5100 train=0.1099 (8.0 min, 1172 skipped)
    anil(52,anil) upd  5200 train=0.1193 (8.2 min, 1199 skipped)
    anil(52,anil) upd  5250 val=0.1290 best=0.1290 (8.3 min)
    anil(52,anil) upd  5300 train=0.1056 (8.4 min, 1218 skipped)
    anil(52,anil) upd  5400 train=0.1093 (8.5 min, 1239 skipped)
    anil(52,anil) upd  5500 val=0.1295 best=0.1290 (8.7 min)
    anil(52,anil) upd  5600 train=0.1078 (8.8 min, 1282 skipped)
    anil(52,anil) upd  5700 train=0.1115 (9.0 min, 1304 skipped)
    anil(52,anil) upd  5750 val=0.1288 best=0.1288 (9.1 min)
    anil(52,anil) upd  5800 train=0.1110 (9.2 min, 1325 skipped)
    anil(52,anil) upd  5900 train=0.1048 (9.3 min, 1348 skipped)
    anil(52,anil) upd  6000 val=0.1298 best=0.1288 (9.4 min)
    anil(52,anil) upd  6100 train=0.1090 (9.6 min, 1387 skipped)
    anil(52,anil) upd  6200 train=0.1255 (9.8 min, 1413 skipped)
    anil(52,anil) upd  6250 val=0.1304 best=0.1288 (9.9 min)
    anil(52,anil) upd  6300 train=0.1073 (9.9 min, 1433 skipped)
    anil(52,anil) upd  6400 train=0.1163 (10.1 min, 1451 skipped)
    anil(52,anil) upd  6500 val=0.1302 best=0.1288 (10.3 min)
    shared-adapter[us-states] ep00 val=0.3898 best=0.3898
    shared-adapter[us-states] ep01 val=0.2604 best=0.2604
    shared-adapter[us-states] ep02 val=0.1848 best=0.1848
    shared-adapter[us-states] ep03 val=0.1501 best=0.1501
    shared-adapter[us-states] ep04 val=0.1371 best=0.1371
    shared-adapter[us-states] ep05 val=0.1344 best=0.1344
    shared-adapter[us-states] ep06 val=0.1273 best=0.1273
    shared-adapter[us-states] ep07 val=0.1280 best=0.1273
    shared-adapter[us-states] ep08 val=0.1259 best=0.1259
    shared-adapter[us-states] ep09 val=0.1260 best=0.1259
    shared-adapter[us-states] ep10 val=0.1234 best=0.1234
    shared-adapter[us-states] ep11 val=0.1213 best=0.1213
    shared-adapter[us-states] ep12 val=0.1219 best=0.1213
    shared-adapter[us-states] ep13 val=0.1193 best=0.1193
    shared-adapter[us-states] ep14 val=0.1210 best=0.1193
    shared-adapter[us-states] ep15 val=0.1195 best=0.1193
    shared-adapter[us-states] ep16 val=0.1176 best=0.1176
    shared-adapter[us-states] ep17 val=0.1186 best=0.1176
    shared-adapter[us-states] ep18 val=0.1193 best=0.1176
    shared-adapter[us-states] ep19 val=0.1175 best=0.1175
    shared-adapter[us-states] ep20 val=0.1211 best=0.1175
    shared-adapter[us-states] ep21 val=0.1171 best=0.1171
    shared-adapter[us-states] ep22 val=0.1179 best=0.1171
    shared-adapter[us-states] ep23 val=0.1172 best=0.1171
    shared-adapter[us-states] ep24 val=0.1180 best=0.1171
    shared-adapter[us-states] ep25 val=0.1187 best=0.1171
    shared-adapter[us-states] ep26 val=0.1174 best=0.1171
    shared-adapter[us-states] ep27 val=0.1162 best=0.1162
    shared-adapter[us-states] ep28 val=0.1171 best=0.1162
    shared-adapter[us-states] ep29 val=0.1179 best=0.1162
    shared-adapter[us-states] ep30 val=0.1167 best=0.1162
    shared-adapter[us-states] ep31 val=0.1156 best=0.1156
    shared-adapter[us-states] ep32 val=0.1173 best=0.1156
    shared-adapter[us-states] ep33 val=0.1166 best=0.1156
    shared-adapter[us-states] ep34 val=0.1176 best=0.1156
    shared-adapter[us-states] ep35 val=0.1168 best=0.1156
    shared-adapter[us-states] ep36 val=0.1155 best=0.1155
    shared-adapter[us-states] ep37 val=0.1179 best=0.1155
    shared-adapter[us-states] ep38 val=0.1177 best=0.1155
    shared-adapter[us-states] ep39 val=0.1162 best=0.1155
    shared-adapter[us-states] ep40 val=0.1174 best=0.1155
    shared-adapter[us-states] ep41 val=0.1173 best=0.1155
    shared-adapter[us-states] ep42 val=0.1167 best=0.1155
    shared-adapter[us-states] ep43 val=0.1169 best=0.1155
    shared-adapter[us-states] ep44 val=0.1165 best=0.1155
    shared-adapter[us-states] ep45 val=0.1172 best=0.1155
    shared-adapter[us-states] ep46 val=0.1170 best=0.1155
    shared-adapter[us-states] ep47 val=0.1171 best=0.1155
    shared-adapter[us-states] ep48 val=0.1166 best=0.1155
    shared-adapter[us-states] ep49 val=0.1166 best=0.1155
    shared-adapter[us-states] ep50 val=0.1175 best=0.1155
    shared-adapter[us-states] ep51 val=0.1175 best=0.1155
[seed 52] scored; results\misc\anil_ldo3covid_affine_anil.json updated (2 seeds)

=== fold=covid arm=anil surface=affine, 2 seeds ===

reference: LDO3 freeze-then-adapt (covid held out) (freeze-then-adapt, LDO3 fold of the same name, same seeds and scorer)
delta% = (reference_rmse - arm_rmse) / |reference_rmse| x 100; positive = arm better; units = per cent of reference RMSE (country-macro, count space)

cell                          n   mean d%      sd               95% CI   verdict
covid_us-states|h10           2     -21.3     1.8        [-37.8, -4.9]   yes
covid_us-states|h15           2    -113.1    69.0     [-732.7, +506.5]   within noise
covid_us-states|h3            2      -1.2    32.3     [-291.7, +289.3]   within noise
covid_us-states|h5            2     -32.4    50.5     [-486.2, +421.3]   within noise

0 of 4 cells significantly better than LDO3 freeze-then-adapt (covid held out), 1 significantly worse.

wrote results\misc\anil_ldo3covid_affine_anil_summary.json

wrote results\misc\anil_ldo3covid_affine_anil.json
ABLATION ONLY. This is an ablation of the adaptation procedure, not a headline, and that does not change if the sign is positive.
Report with ALL of: (1) episodes here DO vary disease -- meta-train ['dengue', 'influenza_japan', 'influenza_us-regions', 'influenza_us-states'] over 4 panels, held out ['covid_us-states'] -- which answers D13's objection for this fold but NOT for the dengue2flu run, so do not read this back onto that table; (2) warm start, so this is meta-FINE-TUNING; (3) the meta-test fits a fresh adapter on FULL train folds, so nothing here measures few-shot; (4) the surface was selected on h15, where the Ebola primary arm has zero adaptation pairs.

===== anil covid seed62 control :: 2026-09-04 02:50:52 =====
[preflight] ok: fold=covid meta-train=['dengue', 'influenza_japan', 'influenza_us-regions', 'influenza_us-states'] -> meta-test=['covid_us-states'], 1 seeds, device cuda, arm=control, surface=affine, target lag 12 origins, second_order=True, warm_start=True
[resume] already scored: [42, 52]
[anil] seed 62 arm=control surface=affine: warm start from results\lodo\encoder_ldo3__covid__seed62__ckpt.pt
    anil(62,control) upd   100 train=0.3167 (0.1 min, 14 skipped)
    anil(62,control) upd   200 train=0.1955 (0.2 min, 39 skipped)
    anil(62,control) upd   250 val=0.1710 best=0.1710 (0.3 min)
    anil(62,control) upd   300 train=0.1475 (0.4 min, 62 skipped)
    anil(62,control) upd   400 train=0.1366 (0.5 min, 92 skipped)
    anil(62,control) upd   500 val=0.1499 best=0.1499 (0.6 min)
    anil(62,control) upd   600 train=0.1306 (0.8 min, 141 skipped)
    anil(62,control) upd   700 train=0.1284 (0.9 min, 166 skipped)
    anil(62,control) upd   750 val=0.1457 best=0.1457 (1.0 min)
    anil(62,control) upd   800 train=0.1274 (1.0 min, 188 skipped)
    anil(62,control) upd   900 train=0.1233 (1.1 min, 213 skipped)
    anil(62,control) upd  1000 val=0.1425 best=0.1425 (1.2 min)
    anil(62,control) upd  1100 train=0.1160 (1.4 min, 262 skipped)
    anil(62,control) upd  1200 train=0.1124 (1.5 min, 285 skipped)
    anil(62,control) upd  1250 val=0.1400 best=0.1400 (1.5 min)
    anil(62,control) upd  1300 train=0.1170 (1.6 min, 304 skipped)
    anil(62,control) upd  1400 train=0.1095 (1.7 min, 322 skipped)
    anil(62,control) upd  1500 val=0.1332 best=0.1332 (1.8 min)
    anil(62,control) upd  1600 train=0.1179 (2.0 min, 364 skipped)
    anil(62,control) upd  1700 train=0.1180 (2.1 min, 384 skipped)
    anil(62,control) upd  1750 val=0.1379 best=0.1332 (2.1 min)
    anil(62,control) upd  1800 train=0.1113 (2.2 min, 416 skipped)
    anil(62,control) upd  1900 train=0.1166 (2.3 min, 445 skipped)
    anil(62,control) upd  2000 val=0.1325 best=0.1325 (2.4 min)
    anil(62,control) upd  2100 train=0.1200 (2.6 min, 493 skipped)
    anil(62,control) upd  2200 train=0.1064 (2.7 min, 517 skipped)
    anil(62,control) upd  2250 val=0.1386 best=0.1325 (2.7 min)
    anil(62,control) upd  2300 train=0.1040 (2.8 min, 545 skipped)
    anil(62,control) upd  2400 train=0.1132 (2.9 min, 564 skipped)
    anil(62,control) upd  2500 val=0.1346 best=0.1325 (3.0 min)
    anil(62,control) upd  2600 train=0.1201 (3.2 min, 618 skipped)
    anil(62,control) upd  2700 train=0.1130 (3.3 min, 643 skipped)
    anil(62,control) upd  2750 val=0.1354 best=0.1325 (3.4 min)
    anil(62,control) upd  2800 train=0.1168 (3.5 min, 669 skipped)
    anil(62,control) upd  2900 train=0.1139 (3.6 min, 692 skipped)
    anil(62,control) upd  3000 val=0.1338 best=0.1325 (3.7 min)
    anil(62,control) upd  3100 train=0.1227 (3.9 min, 756 skipped)
    anil(62,control) upd  3200 train=0.1097 (4.0 min, 777 skipped)
    anil(62,control) upd  3250 val=0.1364 best=0.1325 (4.0 min)
    anil(62,control) upd  3300 train=0.1100 (4.1 min, 796 skipped)
    anil(62,control) upd  3400 train=0.1015 (4.2 min, 822 skipped)
    anil(62,control) upd  3500 val=0.1360 best=0.1325 (4.4 min)
    anil(62,control) upd  3600 train=0.1047 (4.5 min, 870 skipped)
    anil(62,control) upd  3700 train=0.1116 (4.6 min, 885 skipped)
    anil(62,control) upd  3750 val=0.1350 best=0.1325 (4.7 min)
    anil(62,control) upd  3800 train=0.1086 (4.7 min, 902 skipped)
    anil(62,control) upd  3900 train=0.1201 (4.9 min, 923 skipped)
    anil(62,control) upd  4000 val=0.1380 best=0.1325 (5.0 min)
    anil(62,control) early stop at update 4000
    shared-adapter[us-states] ep00 val=0.3321 best=0.3321
    shared-adapter[us-states] ep01 val=0.2390 best=0.2390
    shared-adapter[us-states] ep02 val=0.1808 best=0.1808
    shared-adapter[us-states] ep03 val=0.1393 best=0.1393
    shared-adapter[us-states] ep04 val=0.1230 best=0.1230
    shared-adapter[us-states] ep05 val=0.1172 best=0.1172
    shared-adapter[us-states] ep06 val=0.1150 best=0.1150
    shared-adapter[us-states] ep07 val=0.1132 best=0.1132
    shared-adapter[us-states] ep08 val=0.1128 best=0.1128
    shared-adapter[us-states] ep09 val=0.1114 best=0.1114
    shared-adapter[us-states] ep10 val=0.1089 best=0.1089
    shared-adapter[us-states] ep11 val=0.1081 best=0.1081
    shared-adapter[us-states] ep12 val=0.1071 best=0.1071
    shared-adapter[us-states] ep13 val=0.1062 best=0.1062
    shared-adapter[us-states] ep14 val=0.1058 best=0.1058
    shared-adapter[us-states] ep15 val=0.1058 best=0.1058
    shared-adapter[us-states] ep16 val=0.1053 best=0.1053
    shared-adapter[us-states] ep17 val=0.1044 best=0.1044
    shared-adapter[us-states] ep18 val=0.1047 best=0.1044
    shared-adapter[us-states] ep19 val=0.1044 best=0.1044
    shared-adapter[us-states] ep20 val=0.1040 best=0.1040
    shared-adapter[us-states] ep21 val=0.1040 best=0.1040
    shared-adapter[us-states] ep22 val=0.1032 best=0.1032
    shared-adapter[us-states] ep23 val=0.1041 best=0.1032
    shared-adapter[us-states] ep24 val=0.1034 best=0.1032
    shared-adapter[us-states] ep25 val=0.1033 best=0.1032
    shared-adapter[us-states] ep26 val=0.1033 best=0.1032
    shared-adapter[us-states] ep27 val=0.1026 best=0.1026
    shared-adapter[us-states] ep28 val=0.1028 best=0.1026
    shared-adapter[us-states] ep29 val=0.1021 best=0.1021
    shared-adapter[us-states] ep30 val=0.1035 best=0.1021
    shared-adapter[us-states] ep31 val=0.1031 best=0.1021
    shared-adapter[us-states] ep32 val=0.1025 best=0.1021
    shared-adapter[us-states] ep33 val=0.1035 best=0.1021
    shared-adapter[us-states] ep34 val=0.1023 best=0.1021
    shared-adapter[us-states] ep35 val=0.1029 best=0.1021
    shared-adapter[us-states] ep36 val=0.1036 best=0.1021
    shared-adapter[us-states] ep37 val=0.1024 best=0.1021
    shared-adapter[us-states] ep38 val=0.1031 best=0.1021
    shared-adapter[us-states] ep39 val=0.1034 best=0.1021
    shared-adapter[us-states] ep40 val=0.1029 best=0.1021
    shared-adapter[us-states] ep41 val=0.1030 best=0.1021
    shared-adapter[us-states] ep42 val=0.1033 best=0.1021
    shared-adapter[us-states] ep43 val=0.1036 best=0.1021
    shared-adapter[us-states] ep44 val=0.1035 best=0.1021
[seed 62] scored; results\misc\anil_ldo3covid_affine_control.json updated (3 seeds)

=== fold=covid arm=control surface=affine, 3 seeds ===

reference: LDO3 freeze-then-adapt (covid held out) (freeze-then-adapt, LDO3 fold of the same name, same seeds and scorer)
delta% = (reference_rmse - arm_rmse) / |reference_rmse| x 100; positive = arm better; units = per cent of reference RMSE (country-macro, count space)

cell                          n   mean d%      sd               95% CI   verdict
covid_us-states|h10           3     -12.7    35.1       [-99.9, +74.6]   within noise
covid_us-states|h15           3    -106.1   129.3     [-427.4, +215.2]   within noise
covid_us-states|h3            3     -19.2    41.9      [-123.3, +84.9]   within noise
covid_us-states|h5            3     -16.8    33.9      [-101.0, +67.4]   within noise

0 of 4 cells significantly better than LDO3 freeze-then-adapt (covid held out), 0 significantly worse.

wrote results\misc\anil_ldo3covid_affine_control_summary.json

wrote results\misc\anil_ldo3covid_affine_control.json
ABLATION ONLY. This is an ablation of the adaptation procedure, not a headline, and that does not change if the sign is positive.
Report with ALL of: (1) episodes here DO vary disease -- meta-train ['dengue', 'influenza_japan', 'influenza_us-regions', 'influenza_us-states'] over 4 panels, held out ['covid_us-states'] -- which answers D13's objection for this fold but NOT for the dengue2flu run, so do not read this back onto that table; (2) warm start, so this is meta-FINE-TUNING; (3) the meta-test fits a fresh adapter on FULL train folds, so nothing here measures few-shot; (4) the surface was selected on h15, where the Ebola primary arm has zero adaptation pairs.

===== anil covid seed62 anil :: 2026-09-04 02:56:25 =====
[preflight] ok: fold=covid meta-train=['dengue', 'influenza_japan', 'influenza_us-regions', 'influenza_us-states'] -> meta-test=['covid_us-states'], 1 seeds, device cuda, arm=anil, surface=affine, target lag 12 origins, second_order=True, warm_start=True
[resume] already scored: [42, 52]
[anil] seed 62 arm=anil surface=affine: warm start from results\lodo\encoder_ldo3__covid__seed62__ckpt.pt
    anil(62,anil) upd   100 train=0.3279 (0.1 min, 14 skipped)
    anil(62,anil) upd   200 train=0.2174 (0.3 min, 39 skipped)
    anil(62,anil) upd   250 val=0.1909 best=0.1909 (0.4 min)
    anil(62,anil) upd   300 train=0.1621 (0.5 min, 62 skipped)
    anil(62,anil) upd   400 train=0.1466 (0.6 min, 92 skipped)
    anil(62,anil) upd   500 val=0.1560 best=0.1560 (0.8 min)
    anil(62,anil) upd   600 train=0.1367 (0.9 min, 141 skipped)
    anil(62,anil) upd   700 train=0.1285 (1.1 min, 166 skipped)
    anil(62,anil) upd   750 val=0.1490 best=0.1490 (1.2 min)
    anil(62,anil) upd   800 train=0.1319 (1.3 min, 188 skipped)
    anil(62,anil) upd   900 train=0.1281 (1.4 min, 213 skipped)
    anil(62,anil) upd  1000 val=0.1429 best=0.1429 (1.5 min)
    anil(62,anil) upd  1100 train=0.1206 (1.7 min, 262 skipped)
    anil(62,anil) upd  1200 train=0.1158 (1.8 min, 285 skipped)
    anil(62,anil) upd  1250 val=0.1409 best=0.1409 (1.9 min)
    anil(62,anil) upd  1300 train=0.1184 (2.0 min, 304 skipped)
    anil(62,anil) upd  1400 train=0.1111 (2.1 min, 322 skipped)
    anil(62,anil) upd  1500 val=0.1344 best=0.1344 (2.3 min)
    anil(62,anil) upd  1600 train=0.1182 (2.4 min, 364 skipped)
    anil(62,anil) upd  1700 train=0.1198 (2.6 min, 384 skipped)
    anil(62,anil) upd  1750 val=0.1374 best=0.1344 (2.7 min)
    anil(62,anil) upd  1800 train=0.1147 (2.7 min, 416 skipped)
    anil(62,anil) upd  1900 train=0.1191 (2.9 min, 445 skipped)
    anil(62,anil) upd  2000 val=0.1344 best=0.1344 (3.0 min)
    anil(62,anil) upd  2100 train=0.1208 (3.2 min, 493 skipped)
    anil(62,anil) upd  2200 train=0.1120 (3.3 min, 517 skipped)
    anil(62,anil) upd  2250 val=0.1391 best=0.1344 (3.4 min)
    anil(62,anil) upd  2300 train=0.1069 (3.5 min, 545 skipped)
    anil(62,anil) upd  2400 train=0.1154 (3.7 min, 564 skipped)
    anil(62,anil) upd  2500 val=0.1351 best=0.1344 (3.8 min)
    anil(62,anil) upd  2600 train=0.1215 (4.0 min, 618 skipped)
    anil(62,anil) upd  2700 train=0.1175 (4.1 min, 643 skipped)
    anil(62,anil) upd  2750 val=0.1381 best=0.1344 (4.2 min)
    anil(62,anil) upd  2800 train=0.1206 (4.3 min, 669 skipped)
    anil(62,anil) upd  2900 train=0.1108 (4.5 min, 692 skipped)
    anil(62,anil) upd  3000 val=0.1352 best=0.1344 (4.6 min)
    anil(62,anil) upd  3100 train=0.1238 (4.8 min, 756 skipped)
    anil(62,anil) upd  3200 train=0.1122 (5.0 min, 777 skipped)
    anil(62,anil) upd  3250 val=0.1393 best=0.1344 (5.0 min)
    anil(62,anil) upd  3300 train=0.1120 (5.1 min, 796 skipped)
    anil(62,anil) upd  3400 train=0.1021 (5.3 min, 822 skipped)
    anil(62,anil) upd  3500 val=0.1359 best=0.1344 (5.4 min)
    anil(62,anil) early stop at update 3500
    shared-adapter[us-states] ep00 val=0.3311 best=0.3311
    shared-adapter[us-states] ep01 val=0.2414 best=0.2414
    shared-adapter[us-states] ep02 val=0.1849 best=0.1849
    shared-adapter[us-states] ep03 val=0.1430 best=0.1430
    shared-adapter[us-states] ep04 val=0.1255 best=0.1255
    shared-adapter[us-states] ep05 val=0.1193 best=0.1193
    shared-adapter[us-states] ep06 val=0.1178 best=0.1178
    shared-adapter[us-states] ep07 val=0.1161 best=0.1161
    shared-adapter[us-states] ep08 val=0.1156 best=0.1156
    shared-adapter[us-states] ep09 val=0.1142 best=0.1142
    shared-adapter[us-states] ep10 val=0.1125 best=0.1125
    shared-adapter[us-states] ep11 val=0.1119 best=0.1119
    shared-adapter[us-states] ep12 val=0.1109 best=0.1109
    shared-adapter[us-states] ep13 val=0.1100 best=0.1100
    shared-adapter[us-states] ep14 val=0.1095 best=0.1095
    shared-adapter[us-states] ep15 val=0.1097 best=0.1095
    shared-adapter[us-states] ep16 val=0.1091 best=0.1091
    shared-adapter[us-states] ep17 val=0.1083 best=0.1083
    shared-adapter[us-states] ep18 val=0.1086 best=0.1083
    shared-adapter[us-states] ep19 val=0.1082 best=0.1082
    shared-adapter[us-states] ep20 val=0.1076 best=0.1076
    shared-adapter[us-states] ep21 val=0.1081 best=0.1076
    shared-adapter[us-states] ep22 val=0.1072 best=0.1072
    shared-adapter[us-states] ep23 val=0.1080 best=0.1072
    shared-adapter[us-states] ep24 val=0.1074 best=0.1072
    shared-adapter[us-states] ep25 val=0.1073 best=0.1072
    shared-adapter[us-states] ep26 val=0.1072 best=0.1072
    shared-adapter[us-states] ep27 val=0.1067 best=0.1067
    shared-adapter[us-states] ep28 val=0.1067 best=0.1067
    shared-adapter[us-states] ep29 val=0.1061 best=0.1061
    shared-adapter[us-states] ep30 val=0.1072 best=0.1061
    shared-adapter[us-states] ep31 val=0.1070 best=0.1061
    shared-adapter[us-states] ep32 val=0.1067 best=0.1061
    shared-adapter[us-states] ep33 val=0.1072 best=0.1061
    shared-adapter[us-states] ep34 val=0.1057 best=0.1057
    shared-adapter[us-states] ep35 val=0.1069 best=0.1057
    shared-adapter[us-states] ep36 val=0.1070 best=0.1057
    shared-adapter[us-states] ep37 val=0.1056 best=0.1056
    shared-adapter[us-states] ep38 val=0.1068 best=0.1056
    shared-adapter[us-states] ep39 val=0.1066 best=0.1056
    shared-adapter[us-states] ep40 val=0.1060 best=0.1056
    shared-adapter[us-states] ep41 val=0.1065 best=0.1056
    shared-adapter[us-states] ep42 val=0.1065 best=0.1056
    shared-adapter[us-states] ep43 val=0.1067 best=0.1056
    shared-adapter[us-states] ep44 val=0.1067 best=0.1056
    shared-adapter[us-states] ep45 val=0.1065 best=0.1056
    shared-adapter[us-states] ep46 val=0.1066 best=0.1056
    shared-adapter[us-states] ep47 val=0.1064 best=0.1056
    shared-adapter[us-states] ep48 val=0.1064 best=0.1056
    shared-adapter[us-states] ep49 val=0.1063 best=0.1056
    shared-adapter[us-states] ep50 val=0.1067 best=0.1056
    shared-adapter[us-states] ep51 val=0.1067 best=0.1056
    shared-adapter[us-states] ep52 val=0.1064 best=0.1056
[seed 62] scored; results\misc\anil_ldo3covid_affine_anil.json updated (3 seeds)

=== fold=covid arm=anil surface=affine, 3 seeds ===

reference: LDO3 freeze-then-adapt (covid held out) (freeze-then-adapt, LDO3 fold of the same name, same seeds and scorer)
delta% = (reference_rmse - arm_rmse) / |reference_rmse| x 100; positive = arm better; units = per cent of reference RMSE (country-macro, count space)

cell                          n   mean d%      sd               95% CI   verdict
covid_us-states|h10           3      -6.9    24.9       [-68.9, +55.0]   within noise
covid_us-states|h15           3     -81.4    73.5     [-263.9, +101.1]   within noise
covid_us-states|h3            3      -7.1    25.0       [-69.3, +55.1]   within noise
covid_us-states|h5            3     -20.1    41.6      [-123.4, +83.2]   within noise

0 of 4 cells significantly better than LDO3 freeze-then-adapt (covid held out), 0 significantly worse.

wrote results\misc\anil_ldo3covid_affine_anil_summary.json

wrote results\misc\anil_ldo3covid_affine_anil.json
ABLATION ONLY. This is an ablation of the adaptation procedure, not a headline, and that does not change if the sign is positive.
Report with ALL of: (1) episodes here DO vary disease -- meta-train ['dengue', 'influenza_japan', 'influenza_us-regions', 'influenza_us-states'] over 4 panels, held out ['covid_us-states'] -- which answers D13's objection for this fold but NOT for the dengue2flu run, so do not read this back onto that table; (2) warm start, so this is meta-FINE-TUNING; (3) the meta-test fits a fresh adapter on FULL train folds, so nothing here measures few-shot; (4) the surface was selected on h15, where the Ebola primary arm has zero adaptation pairs.

===== anil covid seed72 control :: 2026-09-04 03:02:30 =====
[preflight] ok: fold=covid meta-train=['dengue', 'influenza_japan', 'influenza_us-regions', 'influenza_us-states'] -> meta-test=['covid_us-states'], 1 seeds, device cuda, arm=control, surface=affine, target lag 12 origins, second_order=True, warm_start=True
[resume] already scored: [42, 52, 62]
[anil] seed 72 arm=control surface=affine: warm start from results\lodo\encoder_ldo3__covid__seed72__ckpt.pt
    anil(72,control) upd   100 train=0.3106 (0.1 min, 22 skipped)
    anil(72,control) upd   200 train=0.2218 (0.3 min, 60 skipped)
    anil(72,control) upd   250 val=0.1912 best=0.1912 (0.3 min)
    anil(72,control) upd   300 train=0.1715 (0.4 min, 80 skipped)
    anil(72,control) upd   400 train=0.1490 (0.5 min, 102 skipped)
    anil(72,control) upd   500 val=0.1530 best=0.1530 (0.7 min)
    anil(72,control) upd   600 train=0.1519 (0.8 min, 154 skipped)
    anil(72,control) upd   700 train=0.1321 (0.9 min, 174 skipped)
    anil(72,control) upd   750 val=0.1426 best=0.1426 (1.0 min)
    anil(72,control) upd   800 train=0.1221 (1.1 min, 194 skipped)
    anil(72,control) upd   900 train=0.1236 (1.2 min, 216 skipped)
    anil(72,control) upd  1000 val=0.1446 best=0.1426 (1.3 min)
    anil(72,control) upd  1100 train=0.1282 (1.5 min, 264 skipped)
    anil(72,control) upd  1200 train=0.1113 (1.6 min, 288 skipped)
    anil(72,control) upd  1250 val=0.1428 best=0.1426 (1.6 min)
    anil(72,control) upd  1300 train=0.1089 (1.7 min, 314 skipped)
    anil(72,control) upd  1400 train=0.1116 (1.8 min, 330 skipped)
    anil(72,control) upd  1500 val=0.1451 best=0.1426 (2.0 min)
    anil(72,control) upd  1600 train=0.1054 (2.1 min, 366 skipped)
    anil(72,control) upd  1700 train=0.1034 (2.2 min, 391 skipped)
    anil(72,control) upd  1750 val=0.1455 best=0.1426 (2.2 min)
    anil(72,control) upd  1800 train=0.1007 (2.3 min, 411 skipped)
    anil(72,control) upd  1900 train=0.1040 (2.4 min, 431 skipped)
    anil(72,control) upd  2000 val=0.1459 best=0.1426 (2.6 min)
    anil(72,control) upd  2100 train=0.1171 (2.7 min, 471 skipped)
    anil(72,control) upd  2200 train=0.1054 (2.8 min, 491 skipped)
    anil(72,control) upd  2250 val=0.1436 best=0.1426 (2.9 min)
    anil(72,control) upd  2300 train=0.1040 (3.0 min, 511 skipped)
    anil(72,control) upd  2400 train=0.0979 (3.1 min, 533 skipped)
    anil(72,control) upd  2500 val=0.1445 best=0.1426 (3.2 min)
    anil(72,control) upd  2600 train=0.1025 (3.3 min, 593 skipped)
    anil(72,control) upd  2700 train=0.0971 (3.4 min, 613 skipped)
    anil(72,control) upd  2750 val=0.1461 best=0.1426 (3.5 min)
    anil(72,control) early stop at update 2750
    shared-adapter[us-states] ep00 val=0.3937 best=0.3937
    shared-adapter[us-states] ep01 val=0.3030 best=0.3030
    shared-adapter[us-states] ep02 val=0.2363 best=0.2363
    shared-adapter[us-states] ep03 val=0.1898 best=0.1898
    shared-adapter[us-states] ep04 val=0.1660 best=0.1660
    shared-adapter[us-states] ep05 val=0.1589 best=0.1589
    shared-adapter[us-states] ep06 val=0.1576 best=0.1576
    shared-adapter[us-states] ep07 val=0.1539 best=0.1539
    shared-adapter[us-states] ep08 val=0.1504 best=0.1504
    shared-adapter[us-states] ep09 val=0.1516 best=0.1504
    shared-adapter[us-states] ep10 val=0.1499 best=0.1499
    shared-adapter[us-states] ep11 val=0.1490 best=0.1490
    shared-adapter[us-states] ep12 val=0.1474 best=0.1474
    shared-adapter[us-states] ep13 val=0.1481 best=0.1474
    shared-adapter[us-states] ep14 val=0.1469 best=0.1469
    shared-adapter[us-states] ep15 val=0.1455 best=0.1455
    shared-adapter[us-states] ep16 val=0.1463 best=0.1455
    shared-adapter[us-states] ep17 val=0.1463 best=0.1455
    shared-adapter[us-states] ep18 val=0.1445 best=0.1445
    shared-adapter[us-states] ep19 val=0.1448 best=0.1445
    shared-adapter[us-states] ep20 val=0.1434 best=0.1434
    shared-adapter[us-states] ep21 val=0.1436 best=0.1434
    shared-adapter[us-states] ep22 val=0.1447 best=0.1434
    shared-adapter[us-states] ep23 val=0.1459 best=0.1434
    shared-adapter[us-states] ep24 val=0.1442 best=0.1434
    shared-adapter[us-states] ep25 val=0.1436 best=0.1434
    shared-adapter[us-states] ep26 val=0.1430 best=0.1430
    shared-adapter[us-states] ep27 val=0.1434 best=0.1430
    shared-adapter[us-states] ep28 val=0.1432 best=0.1430
    shared-adapter[us-states] ep29 val=0.1422 best=0.1422
    shared-adapter[us-states] ep30 val=0.1416 best=0.1416
    shared-adapter[us-states] ep31 val=0.1428 best=0.1416
    shared-adapter[us-states] ep32 val=0.1423 best=0.1416
    shared-adapter[us-states] ep33 val=0.1426 best=0.1416
    shared-adapter[us-states] ep34 val=0.1434 best=0.1416
    shared-adapter[us-states] ep35 val=0.1431 best=0.1416
    shared-adapter[us-states] ep36 val=0.1428 best=0.1416
    shared-adapter[us-states] ep37 val=0.1426 best=0.1416
    shared-adapter[us-states] ep38 val=0.1422 best=0.1416
    shared-adapter[us-states] ep39 val=0.1424 best=0.1416
    shared-adapter[us-states] ep40 val=0.1425 best=0.1416
    shared-adapter[us-states] ep41 val=0.1427 best=0.1416
    shared-adapter[us-states] ep42 val=0.1433 best=0.1416
    shared-adapter[us-states] ep43 val=0.1432 best=0.1416
    shared-adapter[us-states] ep44 val=0.1429 best=0.1416
    shared-adapter[us-states] ep45 val=0.1428 best=0.1416
[seed 72] scored; results\misc\anil_ldo3covid_affine_control.json updated (4 seeds)

=== fold=covid arm=control surface=affine, 4 seeds ===

reference: LDO3 freeze-then-adapt (covid held out) (freeze-then-adapt, LDO3 fold of the same name, same seeds and scorer)
delta% = (reference_rmse - arm_rmse) / |reference_rmse| x 100; positive = arm better; units = per cent of reference RMSE (country-macro, count space)

cell                          n   mean d%      sd               95% CI   verdict
covid_us-states|h10           4     -13.5    28.7       [-59.1, +32.2]   within noise
covid_us-states|h15           4     -92.2   109.2      [-265.9, +81.5]   within noise
covid_us-states|h3            4     -13.7    35.9       [-70.8, +43.5]   within noise
covid_us-states|h5            4     -12.6    28.9       [-58.6, +33.4]   within noise

0 of 4 cells significantly better than LDO3 freeze-then-adapt (covid held out), 0 significantly worse.

wrote results\misc\anil_ldo3covid_affine_control_summary.json

wrote results\misc\anil_ldo3covid_affine_control.json
ABLATION ONLY. This is an ablation of the adaptation procedure, not a headline, and that does not change if the sign is positive.
Report with ALL of: (1) episodes here DO vary disease -- meta-train ['dengue', 'influenza_japan', 'influenza_us-regions', 'influenza_us-states'] over 4 panels, held out ['covid_us-states'] -- which answers D13's objection for this fold but NOT for the dengue2flu run, so do not read this back onto that table; (2) warm start, so this is meta-FINE-TUNING; (3) the meta-test fits a fresh adapter on FULL train folds, so nothing here measures few-shot; (4) the surface was selected on h15, where the Ebola primary arm has zero adaptation pairs.

===== anil covid seed72 anil :: 2026-09-04 03:06:35 =====
[preflight] ok: fold=covid meta-train=['dengue', 'influenza_japan', 'influenza_us-regions', 'influenza_us-states'] -> meta-test=['covid_us-states'], 1 seeds, device cuda, arm=anil, surface=affine, target lag 12 origins, second_order=True, warm_start=True
[resume] already scored: [42, 52, 62]
[anil] seed 72 arm=anil surface=affine: warm start from results\lodo\encoder_ldo3__covid__seed72__ckpt.pt
    anil(72,anil) upd   100 train=0.3177 (0.2 min, 22 skipped)
    anil(72,anil) upd   200 train=0.2407 (0.3 min, 60 skipped)
    anil(72,anil) upd   250 val=0.2147 best=0.2147 (0.4 min)
    anil(72,anil) upd   300 train=0.1916 (0.5 min, 80 skipped)
    anil(72,anil) upd   400 train=0.1602 (0.6 min, 102 skipped)
    anil(72,anil) upd   500 val=0.1694 best=0.1694 (0.8 min)
    anil(72,anil) upd   600 train=0.1648 (1.0 min, 154 skipped)
    anil(72,anil) upd   700 train=0.1389 (1.2 min, 174 skipped)
    anil(72,anil) upd   750 val=0.1499 best=0.1499 (1.3 min)
    anil(72,anil) upd   800 train=0.1294 (1.3 min, 194 skipped)
    anil(72,anil) upd   900 train=0.1317 (1.5 min, 216 skipped)
    anil(72,anil) upd  1000 val=0.1482 best=0.1482 (1.7 min)
    anil(72,anil) upd  1100 train=0.1346 (1.8 min, 264 skipped)
    anil(72,anil) upd  1200 train=0.1160 (2.0 min, 288 skipped)
    anil(72,anil) upd  1250 val=0.1454 best=0.1454 (2.0 min)
    anil(72,anil) upd  1300 train=0.1142 (2.1 min, 314 skipped)
    anil(72,anil) upd  1400 train=0.1139 (2.3 min, 330 skipped)
    anil(72,anil) upd  1500 val=0.1440 best=0.1440 (2.4 min)
    anil(72,anil) upd  1600 train=0.1116 (2.6 min, 366 skipped)
    anil(72,anil) upd  1700 train=0.1054 (2.7 min, 391 skipped)
    anil(72,anil) upd  1750 val=0.1436 best=0.1436 (2.8 min)
    anil(72,anil) upd  1800 train=0.1050 (2.9 min, 411 skipped)
    anil(72,anil) upd  1900 train=0.1095 (3.0 min, 431 skipped)
    anil(72,anil) upd  2000 val=0.1470 best=0.1436 (3.2 min)
    anil(72,anil) upd  2100 train=0.1188 (3.4 min, 471 skipped)
    anil(72,anil) upd  2200 train=0.1094 (3.5 min, 491 skipped)
    anil(72,anil) upd  2250 val=0.1417 best=0.1417 (3.6 min)
    anil(72,anil) upd  2300 train=0.1084 (3.7 min, 511 skipped)
    anil(72,anil) upd  2400 train=0.1011 (3.8 min, 533 skipped)
    anil(72,anil) upd  2500 val=0.1445 best=0.1417 (4.0 min)
    anil(72,anil) upd  2600 train=0.1059 (4.2 min, 593 skipped)
    anil(72,anil) upd  2700 train=0.0996 (4.3 min, 613 skipped)
    anil(72,anil) upd  2750 val=0.1420 best=0.1417 (4.4 min)
    anil(72,anil) upd  2800 train=0.0995 (4.5 min, 643 skipped)
    anil(72,anil) upd  2900 train=0.1021 (4.6 min, 668 skipped)
    anil(72,anil) upd  3000 val=0.1442 best=0.1417 (4.8 min)
    anil(72,anil) upd  3100 train=0.1075 (4.9 min, 724 skipped)
    anil(72,anil) upd  3200 train=0.0992 (5.1 min, 742 skipped)
    anil(72,anil) upd  3250 val=0.1481 best=0.1417 (5.2 min)
    anil(72,anil) upd  3300 train=0.0979 (5.3 min, 767 skipped)
    anil(72,anil) upd  3400 train=0.1032 (5.4 min, 787 skipped)
    anil(72,anil) upd  3500 val=0.1473 best=0.1417 (5.6 min)
    anil(72,anil) upd  3600 train=0.1050 (5.7 min, 841 skipped)
    anil(72,anil) upd  3700 train=0.1026 (5.9 min, 863 skipped)
    anil(72,anil) upd  3750 val=0.1465 best=0.1417 (6.0 min)
    anil(72,anil) upd  3800 train=0.1000 (6.0 min, 884 skipped)
    anil(72,anil) upd  3900 train=0.1029 (6.2 min, 912 skipped)
    anil(72,anil) upd  4000 val=0.1471 best=0.1417 (6.3 min)
    anil(72,anil) upd  4100 train=0.1034 (6.5 min, 962 skipped)
    anil(72,anil) upd  4200 train=0.0927 (6.6 min, 999 skipped)
    anil(72,anil) upd  4250 val=0.1507 best=0.1417 (6.7 min)
    anil(72,anil) early stop at update 4250
    shared-adapter[us-states] ep00 val=0.3782 best=0.3782
    shared-adapter[us-states] ep01 val=0.2922 best=0.2922
    shared-adapter[us-states] ep02 val=0.2282 best=0.2282
    shared-adapter[us-states] ep03 val=0.1835 best=0.1835
    shared-adapter[us-states] ep04 val=0.1604 best=0.1604
    shared-adapter[us-states] ep05 val=0.1535 best=0.1535
    shared-adapter[us-states] ep06 val=0.1505 best=0.1505
    shared-adapter[us-states] ep07 val=0.1480 best=0.1480
    shared-adapter[us-states] ep08 val=0.1449 best=0.1449
    shared-adapter[us-states] ep09 val=0.1455 best=0.1449
    shared-adapter[us-states] ep10 val=0.1441 best=0.1441
    shared-adapter[us-states] ep11 val=0.1435 best=0.1435
    shared-adapter[us-states] ep12 val=0.1420 best=0.1420
    shared-adapter[us-states] ep13 val=0.1426 best=0.1420
    shared-adapter[us-states] ep14 val=0.1415 best=0.1415
    shared-adapter[us-states] ep15 val=0.1406 best=0.1406
    shared-adapter[us-states] ep16 val=0.1414 best=0.1406
    shared-adapter[us-states] ep17 val=0.1417 best=0.1406
    shared-adapter[us-states] ep18 val=0.1399 best=0.1399
    shared-adapter[us-states] ep19 val=0.1399 best=0.1399
    shared-adapter[us-states] ep20 val=0.1393 best=0.1393
    shared-adapter[us-states] ep21 val=0.1385 best=0.1385
    shared-adapter[us-states] ep22 val=0.1400 best=0.1385
    shared-adapter[us-states] ep23 val=0.1413 best=0.1385
    shared-adapter[us-states] ep24 val=0.1390 best=0.1385
    shared-adapter[us-states] ep25 val=0.1386 best=0.1385
    shared-adapter[us-states] ep26 val=0.1382 best=0.1382
    shared-adapter[us-states] ep27 val=0.1385 best=0.1382
    shared-adapter[us-states] ep28 val=0.1387 best=0.1382
    shared-adapter[us-states] ep29 val=0.1379 best=0.1379
    shared-adapter[us-states] ep30 val=0.1375 best=0.1375
    shared-adapter[us-states] ep31 val=0.1385 best=0.1375
    shared-adapter[us-states] ep32 val=0.1380 best=0.1375
    shared-adapter[us-states] ep33 val=0.1384 best=0.1375
    shared-adapter[us-states] ep34 val=0.1387 best=0.1375
    shared-adapter[us-states] ep35 val=0.1384 best=0.1375
    shared-adapter[us-states] ep36 val=0.1381 best=0.1375
    shared-adapter[us-states] ep37 val=0.1382 best=0.1375
    shared-adapter[us-states] ep38 val=0.1380 best=0.1375
    shared-adapter[us-states] ep39 val=0.1376 best=0.1375
    shared-adapter[us-states] ep40 val=0.1379 best=0.1375
    shared-adapter[us-states] ep41 val=0.1381 best=0.1375
    shared-adapter[us-states] ep42 val=0.1386 best=0.1375
    shared-adapter[us-states] ep43 val=0.1388 best=0.1375
    shared-adapter[us-states] ep44 val=0.1383 best=0.1375
    shared-adapter[us-states] ep45 val=0.1382 best=0.1375
[seed 72] scored; results\misc\anil_ldo3covid_affine_anil.json updated (4 seeds)

=== fold=covid arm=anil surface=affine, 4 seeds ===

reference: LDO3 freeze-then-adapt (covid held out) (freeze-then-adapt, LDO3 fold of the same name, same seeds and scorer)
delta% = (reference_rmse - arm_rmse) / |reference_rmse| x 100; positive = arm better; units = per cent of reference RMSE (country-macro, count space)

cell                          n   mean d%      sd               95% CI   verdict
covid_us-states|h10           4      -9.8    21.2       [-43.5, +23.8]   within noise
covid_us-states|h15           4     -81.1    60.0      [-176.6, +14.3]   within noise
covid_us-states|h3            4      -3.8    21.5       [-38.0, +30.3]   within noise
covid_us-states|h5            4     -14.1    36.1       [-71.4, +43.3]   within noise

0 of 4 cells significantly better than LDO3 freeze-then-adapt (covid held out), 0 significantly worse.

wrote results\misc\anil_ldo3covid_affine_anil_summary.json

wrote results\misc\anil_ldo3covid_affine_anil.json
ABLATION ONLY. This is an ablation of the adaptation procedure, not a headline, and that does not change if the sign is positive.
Report with ALL of: (1) episodes here DO vary disease -- meta-train ['dengue', 'influenza_japan', 'influenza_us-regions', 'influenza_us-states'] over 4 panels, held out ['covid_us-states'] -- which answers D13's objection for this fold but NOT for the dengue2flu run, so do not read this back onto that table; (2) warm start, so this is meta-FINE-TUNING; (3) the meta-test fits a fresh adapter on FULL train folds, so nothing here measures few-shot; (4) the surface was selected on h15, where the Ebola primary arm has zero adaptation pairs.

===== anil covid seed82 control :: 2026-09-04 03:13:52 =====
[preflight] ok: fold=covid meta-train=['dengue', 'influenza_japan', 'influenza_us-regions', 'influenza_us-states'] -> meta-test=['covid_us-states'], 1 seeds, device cuda, arm=control, surface=affine, target lag 12 origins, second_order=True, warm_start=True
[resume] already scored: [42, 52, 62, 72]
[anil] seed 82 arm=control surface=affine: warm start from results\lodo\encoder_ldo3__covid__seed82__ckpt.pt
    anil(82,control) upd   100 train=0.3494 (0.1 min, 24 skipped)
    anil(82,control) upd   200 train=0.2248 (0.3 min, 45 skipped)
    anil(82,control) upd   250 val=0.1718 best=0.1718 (0.3 min)
    anil(82,control) upd   300 train=0.1678 (0.4 min, 77 skipped)
    anil(82,control) upd   400 train=0.1507 (0.5 min, 102 skipped)
    anil(82,control) upd   500 val=0.1427 best=0.1427 (0.7 min)
    anil(82,control) upd   600 train=0.1353 (0.8 min, 148 skipped)
    anil(82,control) upd   700 train=0.1299 (0.9 min, 168 skipped)
    anil(82,control) upd   750 val=0.1299 best=0.1299 (1.0 min)
    anil(82,control) upd   800 train=0.1269 (1.0 min, 184 skipped)
    anil(82,control) upd   900 train=0.1193 (1.1 min, 201 skipped)
    anil(82,control) upd  1000 val=0.1275 best=0.1275 (1.3 min)
    anil(82,control) upd  1100 train=0.1210 (1.4 min, 245 skipped)
    anil(82,control) upd  1200 train=0.1246 (1.5 min, 267 skipped)
    anil(82,control) upd  1250 val=0.1259 best=0.1259 (1.6 min)
    anil(82,control) upd  1300 train=0.1216 (1.7 min, 292 skipped)
    anil(82,control) upd  1400 train=0.1156 (1.8 min, 300 skipped)
    anil(82,control) upd  1500 val=0.1228 best=0.1228 (2.0 min)
    anil(82,control) upd  1600 train=0.1100 (2.1 min, 358 skipped)
    anil(82,control) upd  1700 train=0.1136 (2.2 min, 377 skipped)
    anil(82,control) upd  1750 val=0.1218 best=0.1218 (2.3 min)
    anil(82,control) upd  1800 train=0.1131 (2.3 min, 403 skipped)
    anil(82,control) upd  1900 train=0.1066 (2.4 min, 432 skipped)
    anil(82,control) upd  2000 val=0.1232 best=0.1218 (2.6 min)
    anil(82,control) upd  2100 train=0.1096 (2.7 min, 478 skipped)
    anil(82,control) upd  2200 train=0.1038 (2.8 min, 489 skipped)
    anil(82,control) upd  2250 val=0.1236 best=0.1218 (2.8 min)
    anil(82,control) upd  2300 train=0.1106 (2.9 min, 510 skipped)
    anil(82,control) upd  2400 train=0.1067 (3.0 min, 530 skipped)
    anil(82,control) upd  2500 val=0.1213 best=0.1213 (3.2 min)
    anil(82,control) upd  2600 train=0.1100 (3.3 min, 579 skipped)
    anil(82,control) upd  2700 train=0.1061 (3.4 min, 616 skipped)
    anil(82,control) upd  2750 val=0.1209 best=0.1209 (3.5 min)
    anil(82,control) upd  2800 train=0.1074 (3.6 min, 636 skipped)
    anil(82,control) upd  2900 train=0.1126 (3.7 min, 669 skipped)
    anil(82,control) upd  3000 val=0.1218 best=0.1209 (3.9 min)
    anil(82,control) upd  3100 train=0.1003 (4.0 min, 711 skipped)
    anil(82,control) upd  3200 train=0.1055 (4.1 min, 739 skipped)
    anil(82,control) upd  3250 val=0.1210 best=0.1209 (4.1 min)
    anil(82,control) upd  3300 train=0.1058 (4.2 min, 767 skipped)
    anil(82,control) upd  3400 train=0.1020 (4.3 min, 793 skipped)
    anil(82,control) upd  3500 val=0.1199 best=0.1199 (4.5 min)
    anil(82,control) upd  3600 train=0.0985 (4.6 min, 827 skipped)
    anil(82,control) upd  3700 train=0.1030 (4.7 min, 847 skipped)
    anil(82,control) upd  3750 val=0.1209 best=0.1199 (4.8 min)
    anil(82,control) upd  3800 train=0.1093 (4.9 min, 866 skipped)
    anil(82,control) upd  3900 train=0.1058 (5.0 min, 888 skipped)
    anil(82,control) upd  4000 val=0.1196 best=0.1196 (5.1 min)
    anil(82,control) upd  4100 train=0.1113 (5.3 min, 927 skipped)
    anil(82,control) upd  4200 train=0.1064 (5.4 min, 954 skipped)
    anil(82,control) upd  4250 val=0.1193 best=0.1193 (5.4 min)
    anil(82,control) upd  4300 train=0.1051 (5.5 min, 982 skipped)
    anil(82,control) upd  4400 train=0.1043 (5.6 min, 1012 skipped)
    anil(82,control) upd  4500 val=0.1192 best=0.1192 (5.8 min)
    anil(82,control) upd  4600 train=0.1005 (5.9 min, 1059 skipped)
    anil(82,control) upd  4700 train=0.1060 (6.0 min, 1079 skipped)
    anil(82,control) upd  4750 val=0.1192 best=0.1192 (6.1 min)
    anil(82,control) upd  4800 train=0.0967 (6.1 min, 1095 skipped)
    anil(82,control) upd  4900 train=0.1037 (6.2 min, 1117 skipped)
    anil(82,control) upd  5000 val=0.1185 best=0.1185 (6.4 min)
    anil(82,control) upd  5100 train=0.1100 (6.5 min, 1157 skipped)
    anil(82,control) upd  5200 train=0.0931 (6.6 min, 1177 skipped)
    anil(82,control) upd  5250 val=0.1181 best=0.1181 (6.7 min)
    anil(82,control) upd  5300 train=0.1007 (6.8 min, 1197 skipped)
    anil(82,control) upd  5400 train=0.0964 (6.9 min, 1213 skipped)
    anil(82,control) upd  5500 val=0.1188 best=0.1181 (7.0 min)
    anil(82,control) upd  5600 train=0.0987 (7.1 min, 1266 skipped)
    anil(82,control) upd  5700 train=0.0978 (7.3 min, 1285 skipped)
    anil(82,control) upd  5750 val=0.1191 best=0.1181 (7.3 min)
    anil(82,control) upd  5800 train=0.0996 (7.4 min, 1298 skipped)
    anil(82,control) upd  5900 train=0.1008 (7.5 min, 1318 skipped)
    anil(82,control) upd  6000 val=0.1188 best=0.1181 (7.6 min)
    anil(82,control) upd  6100 train=0.0935 (7.7 min, 1360 skipped)
    anil(82,control) upd  6200 train=0.0981 (7.8 min, 1385 skipped)
    anil(82,control) upd  6250 val=0.1195 best=0.1181 (7.9 min)
    anil(82,control) upd  6300 train=0.0979 (8.0 min, 1412 skipped)
    anil(82,control) upd  6400 train=0.1125 (8.1 min, 1436 skipped)
    anil(82,control) upd  6500 val=0.1192 best=0.1181 (8.2 min)
    shared-adapter[us-states] ep00 val=0.3204 best=0.3204
    shared-adapter[us-states] ep01 val=0.2276 best=0.2276
    shared-adapter[us-states] ep02 val=0.1731 best=0.1731
    shared-adapter[us-states] ep03 val=0.1480 best=0.1480
    shared-adapter[us-states] ep04 val=0.1399 best=0.1399
    shared-adapter[us-states] ep05 val=0.1375 best=0.1375
    shared-adapter[us-states] ep06 val=0.1326 best=0.1326
    shared-adapter[us-states] ep07 val=0.1278 best=0.1278
    shared-adapter[us-states] ep08 val=0.1247 best=0.1247
    shared-adapter[us-states] ep09 val=0.1233 best=0.1233
    shared-adapter[us-states] ep10 val=0.1230 best=0.1230
    shared-adapter[us-states] ep11 val=0.1221 best=0.1221
    shared-adapter[us-states] ep12 val=0.1216 best=0.1216
    shared-adapter[us-states] ep13 val=0.1203 best=0.1203
    shared-adapter[us-states] ep14 val=0.1211 best=0.1203
    shared-adapter[us-states] ep15 val=0.1209 best=0.1203
    shared-adapter[us-states] ep16 val=0.1201 best=0.1201
    shared-adapter[us-states] ep17 val=0.1207 best=0.1201
    shared-adapter[us-states] ep18 val=0.1208 best=0.1201
    shared-adapter[us-states] ep19 val=0.1212 best=0.1201
    shared-adapter[us-states] ep20 val=0.1208 best=0.1201
    shared-adapter[us-states] ep21 val=0.1210 best=0.1201
    shared-adapter[us-states] ep22 val=0.1220 best=0.1201
    shared-adapter[us-states] ep23 val=0.1209 best=0.1201
    shared-adapter[us-states] ep24 val=0.1215 best=0.1201
    shared-adapter[us-states] ep25 val=0.1217 best=0.1201
    shared-adapter[us-states] ep26 val=0.1217 best=0.1201
    shared-adapter[us-states] ep27 val=0.1216 best=0.1201
    shared-adapter[us-states] ep28 val=0.1224 best=0.1201
    shared-adapter[us-states] ep29 val=0.1224 best=0.1201
    shared-adapter[us-states] ep30 val=0.1218 best=0.1201
    shared-adapter[us-states] ep31 val=0.1220 best=0.1201
[seed 82] scored; results\misc\anil_ldo3covid_affine_control.json updated (5 seeds)

=== fold=covid arm=control surface=affine, 5 seeds ===

reference: LDO3 freeze-then-adapt (covid held out) (freeze-then-adapt, LDO3 fold of the same name, same seeds and scorer)
delta% = (reference_rmse - arm_rmse) / |reference_rmse| x 100; positive = arm better; units = per cent of reference RMSE (country-macro, count space)

cell                          n   mean d%      sd               95% CI   verdict
covid_us-states|h10           5     -13.7    24.9       [-44.6, +17.2]   within noise
covid_us-states|h15           5     -75.2   101.9      [-201.7, +51.3]   within noise
covid_us-states|h3            5     -37.4    61.5      [-113.8, +38.9]   within noise
covid_us-states|h5            5     -11.2    25.2       [-42.6, +20.1]   within noise

0 of 4 cells significantly better than LDO3 freeze-then-adapt (covid held out), 0 significantly worse.

wrote results\misc\anil_ldo3covid_affine_control_summary.json

wrote results\misc\anil_ldo3covid_affine_control.json
ABLATION ONLY. This is an ablation of the adaptation procedure, not a headline, and that does not change if the sign is positive.
Report with ALL of: (1) episodes here DO vary disease -- meta-train ['dengue', 'influenza_japan', 'influenza_us-regions', 'influenza_us-states'] over 4 panels, held out ['covid_us-states'] -- which answers D13's objection for this fold but NOT for the dengue2flu run, so do not read this back onto that table; (2) warm start, so this is meta-FINE-TUNING; (3) the meta-test fits a fresh adapter on FULL train folds, so nothing here measures few-shot; (4) the surface was selected on h15, where the Ebola primary arm has zero adaptation pairs.

===== anil covid seed82 anil :: 2026-09-04 03:22:35 =====
[preflight] ok: fold=covid meta-train=['dengue', 'influenza_japan', 'influenza_us-regions', 'influenza_us-states'] -> meta-test=['covid_us-states'], 1 seeds, device cuda, arm=anil, surface=affine, target lag 12 origins, second_order=True, warm_start=True
[resume] already scored: [42, 52, 62, 72]
[anil] seed 82 arm=anil surface=affine: warm start from results\lodo\encoder_ldo3__covid__seed82__ckpt.pt
    anil(82,anil) upd   100 train=0.3494 (0.2 min, 24 skipped)
    anil(82,anil) upd   200 train=0.2439 (0.3 min, 45 skipped)
    anil(82,anil) upd   250 val=0.1966 best=0.1966 (0.4 min)
    anil(82,anil) upd   300 train=0.1875 (0.5 min, 77 skipped)
    anil(82,anil) upd   400 train=0.1650 (0.6 min, 102 skipped)
    anil(82,anil) upd   500 val=0.1492 best=0.1492 (0.8 min)
    anil(82,anil) upd   600 train=0.1388 (1.0 min, 148 skipped)
    anil(82,anil) upd   700 train=0.1339 (1.1 min, 168 skipped)
    anil(82,anil) upd   750 val=0.1342 best=0.1342 (1.2 min)
    anil(82,anil) upd   800 train=0.1319 (1.3 min, 184 skipped)
    anil(82,anil) upd   900 train=0.1239 (1.4 min, 201 skipped)
    anil(82,anil) upd  1000 val=0.1311 best=0.1311 (1.6 min)
    anil(82,anil) upd  1100 train=0.1265 (1.8 min, 245 skipped)
    anil(82,anil) upd  1200 train=0.1277 (1.9 min, 267 skipped)
    anil(82,anil) upd  1250 val=0.1286 best=0.1286 (2.0 min)
    anil(82,anil) upd  1300 train=0.1224 (2.1 min, 292 skipped)
    anil(82,anil) upd  1400 train=0.1225 (2.3 min, 300 skipped)
    anil(82,anil) upd  1500 val=0.1262 best=0.1262 (2.4 min)
    anil(82,anil) upd  1600 train=0.1121 (2.6 min, 358 skipped)
    anil(82,anil) upd  1700 train=0.1195 (2.7 min, 377 skipped)
    anil(82,anil) upd  1750 val=0.1256 best=0.1256 (2.8 min)
    anil(82,anil) upd  1800 train=0.1166 (2.9 min, 403 skipped)
    anil(82,anil) upd  1900 train=0.1113 (3.0 min, 432 skipped)
    anil(82,anil) upd  2000 val=0.1255 best=0.1255 (3.2 min)
    anil(82,anil) upd  2100 train=0.1126 (3.3 min, 478 skipped)
    anil(82,anil) upd  2200 train=0.1085 (3.5 min, 489 skipped)
    anil(82,anil) upd  2250 val=0.1284 best=0.1255 (3.6 min)
    anil(82,anil) upd  2300 train=0.1137 (3.7 min, 510 skipped)
    anil(82,anil) upd  2400 train=0.1136 (3.8 min, 530 skipped)
    anil(82,anil) upd  2500 val=0.1255 best=0.1255 (4.0 min)
    anil(82,anil) upd  2600 train=0.1146 (4.1 min, 579 skipped)
    anil(82,anil) upd  2700 train=0.1080 (4.3 min, 616 skipped)
    anil(82,anil) upd  2750 val=0.1239 best=0.1239 (4.4 min)
    anil(82,anil) upd  2800 train=0.1082 (4.5 min, 636 skipped)
    anil(82,anil) upd  2900 train=0.1140 (4.6 min, 669 skipped)
    anil(82,anil) upd  3000 val=0.1235 best=0.1235 (4.8 min)
    anil(82,anil) upd  3100 train=0.1029 (4.9 min, 711 skipped)
    anil(82,anil) upd  3200 train=0.1087 (5.1 min, 739 skipped)
    anil(82,anil) upd  3250 val=0.1236 best=0.1235 (5.2 min)
    anil(82,anil) upd  3300 train=0.1095 (5.3 min, 767 skipped)
    anil(82,anil) upd  3400 train=0.1058 (5.4 min, 793 skipped)
    anil(82,anil) upd  3500 val=0.1227 best=0.1227 (5.6 min)
    anil(82,anil) upd  3600 train=0.1016 (5.7 min, 827 skipped)
    anil(82,anil) upd  3700 train=0.1052 (5.9 min, 847 skipped)
    anil(82,anil) upd  3750 val=0.1224 best=0.1224 (6.0 min)
    anil(82,anil) upd  3800 train=0.1124 (6.1 min, 866 skipped)
    anil(82,anil) upd  3900 train=0.1058 (6.2 min, 888 skipped)
    anil(82,anil) upd  4000 val=0.1218 best=0.1218 (6.4 min)
    anil(82,anil) upd  4100 train=0.1126 (6.6 min, 927 skipped)
    anil(82,anil) upd  4200 train=0.1047 (6.7 min, 954 skipped)
    anil(82,anil) upd  4250 val=0.1199 best=0.1199 (6.8 min)
    anil(82,anil) upd  4300 train=0.1111 (6.9 min, 982 skipped)
    anil(82,anil) upd  4400 train=0.1078 (7.0 min, 1012 skipped)
    anil(82,anil) upd  4500 val=0.1216 best=0.1199 (7.2 min)
    anil(82,anil) upd  4600 train=0.1021 (7.3 min, 1059 skipped)
    anil(82,anil) upd  4700 train=0.1098 (7.5 min, 1079 skipped)
    anil(82,anil) upd  4750 val=0.1220 best=0.1199 (7.6 min)
    anil(82,anil) upd  4800 train=0.0973 (7.6 min, 1095 skipped)
    anil(82,anil) upd  4900 train=0.1086 (7.8 min, 1117 skipped)
    anil(82,anil) upd  5000 val=0.1204 best=0.1199 (8.0 min)
    anil(82,anil) upd  5100 train=0.1087 (8.1 min, 1157 skipped)
    anil(82,anil) upd  5200 train=0.0937 (8.3 min, 1177 skipped)
    anil(82,anil) upd  5250 val=0.1197 best=0.1197 (8.4 min)
    anil(82,anil) upd  5300 train=0.1028 (8.5 min, 1197 skipped)
    anil(82,anil) upd  5400 train=0.1014 (8.6 min, 1213 skipped)
    anil(82,anil) upd  5500 val=0.1203 best=0.1197 (8.8 min)
    anil(82,anil) upd  5600 train=0.0979 (8.9 min, 1266 skipped)
    anil(82,anil) upd  5700 train=0.1004 (9.1 min, 1285 skipped)
    anil(82,anil) upd  5750 val=0.1206 best=0.1197 (9.2 min)
    anil(82,anil) upd  5800 train=0.1045 (9.2 min, 1298 skipped)
    anil(82,anil) upd  5900 train=0.1021 (9.4 min, 1318 skipped)
    anil(82,anil) upd  6000 val=0.1199 best=0.1197 (9.5 min)
    anil(82,anil) upd  6100 train=0.0974 (9.7 min, 1360 skipped)
    anil(82,anil) upd  6200 train=0.1014 (9.8 min, 1385 skipped)
    anil(82,anil) upd  6250 val=0.1211 best=0.1197 (9.9 min)
    anil(82,anil) upd  6300 train=0.0980 (10.0 min, 1412 skipped)
    anil(82,anil) upd  6400 train=0.1121 (10.1 min, 1436 skipped)
    anil(82,anil) upd  6500 val=0.1205 best=0.1197 (10.3 min)
    shared-adapter[us-states] ep00 val=0.3277 best=0.3277
    shared-adapter[us-states] ep01 val=0.2311 best=0.2311
    shared-adapter[us-states] ep02 val=0.1733 best=0.1733
    shared-adapter[us-states] ep03 val=0.1475 best=0.1475
    shared-adapter[us-states] ep04 val=0.1386 best=0.1386
    shared-adapter[us-states] ep05 val=0.1360 best=0.1360
    shared-adapter[us-states] ep06 val=0.1313 best=0.1313
    shared-adapter[us-states] ep07 val=0.1266 best=0.1266
    shared-adapter[us-states] ep08 val=0.1234 best=0.1234
    shared-adapter[us-states] ep09 val=0.1220 best=0.1220
    shared-adapter[us-states] ep10 val=0.1220 best=0.1220
    shared-adapter[us-states] ep11 val=0.1210 best=0.1210
    shared-adapter[us-states] ep12 val=0.1205 best=0.1205
    shared-adapter[us-states] ep13 val=0.1195 best=0.1195
    shared-adapter[us-states] ep14 val=0.1202 best=0.1195
    shared-adapter[us-states] ep15 val=0.1200 best=0.1195
    shared-adapter[us-states] ep16 val=0.1190 best=0.1190
    shared-adapter[us-states] ep17 val=0.1198 best=0.1190
    shared-adapter[us-states] ep18 val=0.1197 best=0.1190
    shared-adapter[us-states] ep19 val=0.1202 best=0.1190
    shared-adapter[us-states] ep20 val=0.1198 best=0.1190
    shared-adapter[us-states] ep21 val=0.1201 best=0.1190
    shared-adapter[us-states] ep22 val=0.1208 best=0.1190
    shared-adapter[us-states] ep23 val=0.1202 best=0.1190
    shared-adapter[us-states] ep24 val=0.1207 best=0.1190
    shared-adapter[us-states] ep25 val=0.1208 best=0.1190
    shared-adapter[us-states] ep26 val=0.1207 best=0.1190
    shared-adapter[us-states] ep27 val=0.1206 best=0.1190
    shared-adapter[us-states] ep28 val=0.1215 best=0.1190
    shared-adapter[us-states] ep29 val=0.1214 best=0.1190
    shared-adapter[us-states] ep30 val=0.1211 best=0.1190
    shared-adapter[us-states] ep31 val=0.1213 best=0.1190
[seed 82] scored; results\misc\anil_ldo3covid_affine_anil.json updated (5 seeds)

=== fold=covid arm=anil surface=affine, 5 seeds ===

reference: LDO3 freeze-then-adapt (covid held out) (freeze-then-adapt, LDO3 fold of the same name, same seeds and scorer)
delta% = (reference_rmse - arm_rmse) / |reference_rmse| x 100; positive = arm better; units = per cent of reference RMSE (country-macro, count space)

cell                          n   mean d%      sd               95% CI   verdict
covid_us-states|h10           5      -8.9    18.4       [-31.8, +14.0]   within noise
covid_us-states|h15           5     -68.2    59.5       [-142.0, +5.6]   within noise
covid_us-states|h3            5     -27.8    56.9       [-98.4, +42.7]   within noise
covid_us-states|h5            5     -12.8    31.4       [-51.7, +26.1]   within noise

0 of 4 cells significantly better than LDO3 freeze-then-adapt (covid held out), 0 significantly worse.

wrote results\misc\anil_ldo3covid_affine_anil_summary.json

wrote results\misc\anil_ldo3covid_affine_anil.json
ABLATION ONLY. This is an ablation of the adaptation procedure, not a headline, and that does not change if the sign is positive.
Report with ALL of: (1) episodes here DO vary disease -- meta-train ['dengue', 'influenza_japan', 'influenza_us-regions', 'influenza_us-states'] over 4 panels, held out ['covid_us-states'] -- which answers D13's objection for this fold but NOT for the dengue2flu run, so do not read this back onto that table; (2) warm start, so this is meta-FINE-TUNING; (3) the meta-test fits a fresh adapter on FULL train folds, so nothing here measures few-shot; (4) the surface was selected on h15, where the Ebola primary arm has zero adaptation pairs.

===== anil dengue seed42 control :: 2026-09-04 03:33:22 =====
[preflight] ok: fold=dengue meta-train=['influenza_japan', 'influenza_us-regions', 'influenza_us-states', 'covid_us-states'] -> meta-test=['dengue'], 1 seeds, device cuda, arm=control, surface=affine, target lag 12 origins, second_order=True, warm_start=True
[anil] seed 42 arm=control surface=affine: warm start from results\lodo\encoder_ldo3__dengue__seed42__ckpt.pt
    anil(42,control) upd   100 train=0.2503 (0.1 min, 0 skipped)
    anil(42,control) upd   200 train=0.1447 (0.2 min, 0 skipped)
    anil(42,control) upd   250 val=0.1336 best=0.1336 (0.2 min)
    anil(42,control) upd   300 train=0.1161 (0.3 min, 0 skipped)
    anil(42,control) upd   400 train=0.1099 (0.3 min, 0 skipped)
    anil(42,control) upd   500 val=0.1297 best=0.1297 (0.4 min)
    anil(42,control) upd   600 train=0.1076 (0.5 min, 0 skipped)
    anil(42,control) upd   700 train=0.0996 (0.6 min, 0 skipped)
    anil(42,control) upd   750 val=0.1234 best=0.1234 (0.7 min)
    anil(42,control) upd   800 train=0.1001 (0.7 min, 0 skipped)
    anil(42,control) upd   900 train=0.0986 (0.8 min, 0 skipped)
    anil(42,control) upd  1000 val=0.1240 best=0.1234 (0.9 min)
    anil(42,control) upd  1100 train=0.1007 (1.0 min, 0 skipped)
    anil(42,control) upd  1200 train=0.0902 (1.0 min, 0 skipped)
    anil(42,control) upd  1250 val=0.1199 best=0.1199 (1.1 min)
    anil(42,control) upd  1300 train=0.0916 (1.1 min, 0 skipped)
    anil(42,control) upd  1400 train=0.0909 (1.2 min, 0 skipped)
    anil(42,control) upd  1500 val=0.1212 best=0.1199 (1.3 min)
    anil(42,control) upd  1600 train=0.0881 (1.4 min, 0 skipped)
    anil(42,control) upd  1700 train=0.0845 (1.5 min, 0 skipped)
    anil(42,control) upd  1750 val=0.1188 best=0.1188 (1.5 min)
    anil(42,control) upd  1800 train=0.0914 (1.6 min, 0 skipped)
    anil(42,control) upd  1900 train=0.0943 (1.6 min, 0 skipped)
    anil(42,control) upd  2000 val=0.1189 best=0.1188 (1.7 min)
    anil(42,control) upd  2100 train=0.0884 (1.8 min, 0 skipped)
    anil(42,control) upd  2200 train=0.0938 (1.9 min, 0 skipped)
    anil(42,control) upd  2250 val=0.1203 best=0.1188 (1.9 min)
    anil(42,control) upd  2300 train=0.0893 (2.0 min, 0 skipped)
    anil(42,control) upd  2400 train=0.0890 (2.1 min, 0 skipped)
    anil(42,control) upd  2500 val=0.1208 best=0.1188 (2.2 min)
    anil(42,control) upd  2600 train=0.0870 (2.2 min, 0 skipped)
    anil(42,control) upd  2700 train=0.0884 (2.3 min, 0 skipped)
    anil(42,control) upd  2750 val=0.1174 best=0.1174 (2.4 min)
    anil(42,control) upd  2800 train=0.0935 (2.4 min, 0 skipped)
    anil(42,control) upd  2900 train=0.0866 (2.5 min, 0 skipped)
    anil(42,control) upd  3000 val=0.1189 best=0.1174 (2.6 min)
    anil(42,control) upd  3100 train=0.0881 (2.7 min, 0 skipped)
    anil(42,control) upd  3200 train=0.0904 (2.8 min, 0 skipped)
    anil(42,control) upd  3250 val=0.1210 best=0.1174 (2.8 min)
    anil(42,control) upd  3300 train=0.0864 (2.8 min, 0 skipped)
    anil(42,control) upd  3400 train=0.0915 (2.9 min, 0 skipped)
    anil(42,control) upd  3500 val=0.1192 best=0.1174 (3.0 min)
    anil(42,control) upd  3600 train=0.0836 (3.1 min, 0 skipped)
    anil(42,control) upd  3700 train=0.0938 (3.2 min, 0 skipped)
    anil(42,control) upd  3750 val=0.1189 best=0.1174 (3.2 min)
    anil(42,control) upd  3800 train=0.0875 (3.3 min, 0 skipped)
    anil(42,control) upd  3900 train=0.0876 (3.4 min, 0 skipped)
    anil(42,control) upd  4000 val=0.1215 best=0.1174 (3.5 min)
    anil(42,control) upd  4100 train=0.0871 (3.5 min, 0 skipped)
    anil(42,control) upd  4200 train=0.0852 (3.6 min, 0 skipped)
    anil(42,control) upd  4250 val=0.1207 best=0.1174 (3.7 min)
    anil(42,control) upd  4300 train=0.0853 (3.7 min, 0 skipped)
    anil(42,control) upd  4400 train=0.0858 (3.8 min, 0 skipped)
    anil(42,control) upd  4500 val=0.1207 best=0.1174 (3.9 min)
    anil(42,control) upd  4600 train=0.0882 (4.0 min, 0 skipped)
    anil(42,control) upd  4700 train=0.0913 (4.0 min, 0 skipped)
    anil(42,control) upd  4750 val=0.1189 best=0.1174 (4.1 min)
    anil(42,control) early stop at update 4750
    shared-adapter[dengue] ep00 val=0.2728 best=0.2728
    shared-adapter[dengue] ep01 val=0.2643 best=0.2643
    shared-adapter[dengue] ep02 val=0.2635 best=0.2635
    shared-adapter[dengue] ep03 val=0.2627 best=0.2627
    shared-adapter[dengue] ep04 val=0.2623 best=0.2623
    shared-adapter[dengue] ep05 val=0.2617 best=0.2617
    shared-adapter[dengue] ep06 val=0.2618 best=0.2617
    shared-adapter[dengue] ep07 val=0.2598 best=0.2598
    shared-adapter[dengue] ep08 val=0.2592 best=0.2592
    shared-adapter[dengue] ep09 val=0.2578 best=0.2578
    shared-adapter[dengue] ep10 val=0.2599 best=0.2578
    shared-adapter[dengue] ep11 val=0.2575 best=0.2575
    shared-adapter[dengue] ep12 val=0.2589 best=0.2575
    shared-adapter[dengue] ep13 val=0.2593 best=0.2575
    shared-adapter[dengue] ep14 val=0.2597 best=0.2575
    shared-adapter[dengue] ep15 val=0.2576 best=0.2575
    shared-adapter[dengue] ep16 val=0.2572 best=0.2572
    shared-adapter[dengue] ep17 val=0.2566 best=0.2566
    shared-adapter[dengue] ep18 val=0.2571 best=0.2566
    shared-adapter[dengue] ep19 val=0.2560 best=0.2560
    shared-adapter[dengue] ep20 val=0.2591 best=0.2560
    shared-adapter[dengue] ep21 val=0.2577 best=0.2560
    shared-adapter[dengue] ep22 val=0.2571 best=0.2560
    shared-adapter[dengue] ep23 val=0.2586 best=0.2560
    shared-adapter[dengue] ep24 val=0.2570 best=0.2560
    shared-adapter[dengue] ep25 val=0.2566 best=0.2560
    shared-adapter[dengue] ep26 val=0.2573 best=0.2560
    shared-adapter[dengue] ep27 val=0.2581 best=0.2560
    shared-adapter[dengue] ep28 val=0.2590 best=0.2560
    shared-adapter[dengue] ep29 val=0.2544 best=0.2544
    shared-adapter[dengue] ep30 val=0.2568 best=0.2544
    shared-adapter[dengue] ep31 val=0.2574 best=0.2544
    shared-adapter[dengue] ep32 val=0.2569 best=0.2544
    shared-adapter[dengue] ep33 val=0.2565 best=0.2544
    shared-adapter[dengue] ep34 val=0.2549 best=0.2544
    shared-adapter[dengue] ep35 val=0.2561 best=0.2544
    shared-adapter[dengue] ep36 val=0.2572 best=0.2544
    shared-adapter[dengue] ep37 val=0.2569 best=0.2544
    shared-adapter[dengue] ep38 val=0.2566 best=0.2544
    shared-adapter[dengue] ep39 val=0.2575 best=0.2544
    shared-adapter[dengue] ep40 val=0.2558 best=0.2544
    shared-adapter[dengue] ep41 val=0.2559 best=0.2544
    shared-adapter[dengue] ep42 val=0.2574 best=0.2544
    shared-adapter[dengue] ep43 val=0.2561 best=0.2544
    shared-adapter[dengue] ep44 val=0.2558 best=0.2544
[seed 42] scored; results\misc\anil_ldo3dengue_affine_control.json updated (1 seeds)

=== fold=dengue arm=control surface=affine, 1 seeds ===

reference: LDO3 freeze-then-adapt (dengue held out) (freeze-then-adapt, LDO3 fold of the same name, same seeds and scorer)
delta% = (reference_rmse - arm_rmse) / |reference_rmse| x 100; positive = arm better; units = per cent of reference RMSE (country-macro, count space)

cell                          n   mean d%      sd               95% CI   verdict
dengue|h10                    1      +0.1     nan          n too small   within noise
dengue|h15                    1      +0.0     nan          n too small   within noise
dengue|h3                     1      -3.6     nan          n too small   within noise
dengue|h5                     1      +1.1     nan          n too small   within noise

0 of 4 cells significantly better than LDO3 freeze-then-adapt (dengue held out), 0 significantly worse.

wrote results\misc\anil_ldo3dengue_affine_control_summary.json

wrote results\misc\anil_ldo3dengue_affine_control.json
ABLATION ONLY. This is an ablation of the adaptation procedure, not a headline, and that does not change if the sign is positive.
Report with ALL of: (1) episodes here DO vary disease -- meta-train ['influenza_japan', 'influenza_us-regions', 'influenza_us-states', 'covid_us-states'] over 4 panels, held out ['dengue'] -- which answers D13's objection for this fold but NOT for the dengue2flu run, so do not read this back onto that table; (2) warm start, so this is meta-FINE-TUNING; (3) the meta-test fits a fresh adapter on FULL train folds, so nothing here measures few-shot; (4) the surface was selected on h15, where the Ebola primary arm has zero adaptation pairs.

===== anil dengue seed42 anil :: 2026-09-04 04:19:37 =====
[preflight] ok: fold=dengue meta-train=['influenza_japan', 'influenza_us-regions', 'influenza_us-states', 'covid_us-states'] -> meta-test=['dengue'], 1 seeds, device cuda, arm=anil, surface=affine, target lag 12 origins, second_order=True, warm_start=True
[anil] seed 42 arm=anil surface=affine: warm start from results\lodo\encoder_ldo3__dengue__seed42__ckpt.pt
    anil(42,anil) upd   100 train=0.2550 (0.1 min, 0 skipped)
    anil(42,anil) upd   200 train=0.1530 (0.2 min, 0 skipped)
    anil(42,anil) upd   250 val=0.1391 best=0.1391 (0.3 min)
    anil(42,anil) upd   300 train=0.1269 (0.4 min, 0 skipped)
    anil(42,anil) upd   400 train=0.1156 (0.5 min, 0 skipped)
    anil(42,anil) upd   500 val=0.1310 best=0.1310 (0.6 min)
    anil(42,anil) upd   600 train=0.1093 (0.7 min, 0 skipped)
    anil(42,anil) upd   700 train=0.1058 (0.8 min, 0 skipped)
    anil(42,anil) upd   750 val=0.1247 best=0.1247 (0.9 min)
    anil(42,anil) upd   800 train=0.1046 (0.9 min, 0 skipped)
    anil(42,anil) upd   900 train=0.1019 (1.0 min, 0 skipped)
    anil(42,anil) upd  1000 val=0.1267 best=0.1247 (1.2 min)
    anil(42,anil) upd  1100 train=0.1043 (1.3 min, 0 skipped)
    anil(42,anil) upd  1200 train=0.0933 (1.4 min, 0 skipped)
    anil(42,anil) upd  1250 val=0.1220 best=0.1220 (1.5 min)
    anil(42,anil) upd  1300 train=0.0947 (1.5 min, 0 skipped)
    anil(42,anil) upd  1400 train=0.0938 (1.7 min, 0 skipped)
    anil(42,anil) upd  1500 val=0.1232 best=0.1220 (1.8 min)
    anil(42,anil) upd  1600 train=0.0904 (1.9 min, 0 skipped)
    anil(42,anil) upd  1700 train=0.0866 (2.0 min, 0 skipped)
    anil(42,anil) upd  1750 val=0.1209 best=0.1209 (2.1 min)
    anil(42,anil) upd  1800 train=0.0963 (2.1 min, 0 skipped)
    anil(42,anil) upd  1900 train=0.0965 (2.2 min, 0 skipped)
    anil(42,anil) upd  2000 val=0.1197 best=0.1197 (2.4 min)
    anil(42,anil) upd  2100 train=0.0893 (2.5 min, 0 skipped)
    anil(42,anil) upd  2200 train=0.0966 (2.6 min, 0 skipped)
    anil(42,anil) upd  2250 val=0.1232 best=0.1197 (2.7 min)
    anil(42,anil) upd  2300 train=0.0930 (2.7 min, 0 skipped)
    anil(42,anil) upd  2400 train=0.0899 (2.8 min, 0 skipped)
    anil(42,anil) upd  2500 val=0.1229 best=0.1197 (3.0 min)
    anil(42,anil) upd  2600 train=0.0880 (3.1 min, 0 skipped)
    anil(42,anil) upd  2700 train=0.0900 (3.2 min, 0 skipped)
    anil(42,anil) upd  2750 val=0.1188 best=0.1188 (3.2 min)
    anil(42,anil) upd  2800 train=0.0958 (3.3 min, 0 skipped)
    anil(42,anil) upd  2900 train=0.0864 (3.4 min, 0 skipped)
    anil(42,anil) upd  3000 val=0.1199 best=0.1188 (3.5 min)
    anil(42,anil) upd  3100 train=0.0900 (3.6 min, 0 skipped)
    anil(42,anil) upd  3200 train=0.0919 (3.8 min, 0 skipped)
    anil(42,anil) upd  3250 val=0.1220 best=0.1188 (3.8 min)
    anil(42,anil) upd  3300 train=0.0897 (3.9 min, 0 skipped)
    anil(42,anil) upd  3400 train=0.0927 (4.0 min, 0 skipped)
    anil(42,anil) upd  3500 val=0.1209 best=0.1188 (4.1 min)
    anil(42,anil) upd  3600 train=0.0875 (4.2 min, 0 skipped)
    anil(42,anil) upd  3700 train=0.0958 (4.3 min, 0 skipped)
    anil(42,anil) upd  3750 val=0.1220 best=0.1188 (4.4 min)
    anil(42,anil) upd  3800 train=0.0896 (4.5 min, 0 skipped)
    anil(42,anil) upd  3900 train=0.0895 (4.6 min, 0 skipped)
    anil(42,anil) upd  4000 val=0.1222 best=0.1188 (4.7 min)
    anil(42,anil) upd  4100 train=0.0881 (4.8 min, 0 skipped)
    anil(42,anil) upd  4200 train=0.0847 (4.9 min, 0 skipped)
    anil(42,anil) upd  4250 val=0.1220 best=0.1188 (5.0 min)
    anil(42,anil) upd  4300 train=0.0875 (5.1 min, 0 skipped)
    anil(42,anil) upd  4400 train=0.0862 (5.2 min, 0 skipped)
    anil(42,anil) upd  4500 val=0.1204 best=0.1188 (5.3 min)
    anil(42,anil) upd  4600 train=0.0924 (5.4 min, 0 skipped)
    anil(42,anil) upd  4700 train=0.0938 (5.5 min, 0 skipped)
    anil(42,anil) upd  4750 val=0.1190 best=0.1188 (5.6 min)
    anil(42,anil) early stop at update 4750
    shared-adapter[dengue] ep00 val=0.2743 best=0.2743
    shared-adapter[dengue] ep01 val=0.2657 best=0.2657
    shared-adapter[dengue] ep02 val=0.2651 best=0.2651
    shared-adapter[dengue] ep03 val=0.2642 best=0.2642
    shared-adapter[dengue] ep04 val=0.2638 best=0.2638
    shared-adapter[dengue] ep05 val=0.2632 best=0.2632
    shared-adapter[dengue] ep06 val=0.2631 best=0.2631
    shared-adapter[dengue] ep07 val=0.2613 best=0.2613
    shared-adapter[dengue] ep08 val=0.2606 best=0.2606
    shared-adapter[dengue] ep09 val=0.2589 best=0.2589
    shared-adapter[dengue] ep10 val=0.2609 best=0.2589
    shared-adapter[dengue] ep11 val=0.2585 best=0.2585
    shared-adapter[dengue] ep12 val=0.2602 best=0.2585
    shared-adapter[dengue] ep13 val=0.2606 best=0.2585
    shared-adapter[dengue] ep14 val=0.2609 best=0.2585
    shared-adapter[dengue] ep15 val=0.2590 best=0.2585
    shared-adapter[dengue] ep16 val=0.2581 best=0.2581
    shared-adapter[dengue] ep17 val=0.2578 best=0.2578
    shared-adapter[dengue] ep18 val=0.2585 best=0.2578
    shared-adapter[dengue] ep19 val=0.2571 best=0.2571
    shared-adapter[dengue] ep20 val=0.2603 best=0.2571
    shared-adapter[dengue] ep21 val=0.2588 best=0.2571
    shared-adapter[dengue] ep22 val=0.2584 best=0.2571
    shared-adapter[dengue] ep23 val=0.2596 best=0.2571
    shared-adapter[dengue] ep24 val=0.2580 best=0.2571
    shared-adapter[dengue] ep25 val=0.2576 best=0.2571
    shared-adapter[dengue] ep26 val=0.2589 best=0.2571
    shared-adapter[dengue] ep27 val=0.2589 best=0.2571
    shared-adapter[dengue] ep28 val=0.2600 best=0.2571
    shared-adapter[dengue] ep29 val=0.2557 best=0.2557
    shared-adapter[dengue] ep30 val=0.2577 best=0.2557
    shared-adapter[dengue] ep31 val=0.2581 best=0.2557
    shared-adapter[dengue] ep32 val=0.2580 best=0.2557
    shared-adapter[dengue] ep33 val=0.2574 best=0.2557
    shared-adapter[dengue] ep34 val=0.2560 best=0.2557
    shared-adapter[dengue] ep35 val=0.2570 best=0.2557
    shared-adapter[dengue] ep36 val=0.2582 best=0.2557
    shared-adapter[dengue] ep37 val=0.2582 best=0.2557
    shared-adapter[dengue] ep38 val=0.2575 best=0.2557
    shared-adapter[dengue] ep39 val=0.2583 best=0.2557
    shared-adapter[dengue] ep40 val=0.2569 best=0.2557
    shared-adapter[dengue] ep41 val=0.2571 best=0.2557
    shared-adapter[dengue] ep42 val=0.2584 best=0.2557
    shared-adapter[dengue] ep43 val=0.2571 best=0.2557
    shared-adapter[dengue] ep44 val=0.2569 best=0.2557
[seed 42] scored; results\misc\anil_ldo3dengue_affine_anil.json updated (1 seeds)

=== fold=dengue arm=anil surface=affine, 1 seeds ===

reference: LDO3 freeze-then-adapt (dengue held out) (freeze-then-adapt, LDO3 fold of the same name, same seeds and scorer)
delta% = (reference_rmse - arm_rmse) / |reference_rmse| x 100; positive = arm better; units = per cent of reference RMSE (country-macro, count space)

cell                          n   mean d%      sd               95% CI   verdict
dengue|h10                    1      -0.1     nan          n too small   within noise
dengue|h15                    1      -0.1     nan          n too small   within noise
dengue|h3                     1      -3.2     nan          n too small   within noise
dengue|h5                     1      +0.5     nan          n too small   within noise

0 of 4 cells significantly better than LDO3 freeze-then-adapt (dengue held out), 0 significantly worse.

wrote results\misc\anil_ldo3dengue_affine_anil_summary.json

wrote results\misc\anil_ldo3dengue_affine_anil.json
ABLATION ONLY. This is an ablation of the adaptation procedure, not a headline, and that does not change if the sign is positive.
Report with ALL of: (1) episodes here DO vary disease -- meta-train ['influenza_japan', 'influenza_us-regions', 'influenza_us-states', 'covid_us-states'] over 4 panels, held out ['dengue'] -- which answers D13's objection for this fold but NOT for the dengue2flu run, so do not read this back onto that table; (2) warm start, so this is meta-FINE-TUNING; (3) the meta-test fits a fresh adapter on FULL train folds, so nothing here measures few-shot; (4) the surface was selected on h15, where the Ebola primary arm has zero adaptation pairs.

===== anil dengue seed52 control :: 2026-09-04 05:07:23 =====
[preflight] ok: fold=dengue meta-train=['influenza_japan', 'influenza_us-regions', 'influenza_us-states', 'covid_us-states'] -> meta-test=['dengue'], 1 seeds, device cuda, arm=control, surface=affine, target lag 12 origins, second_order=True, warm_start=True
[resume] already scored: [42]
[anil] seed 52 arm=control surface=affine: warm start from results\lodo\encoder_ldo3__dengue__seed52__ckpt.pt
    anil(52,control) upd   100 train=0.2467 (0.1 min, 0 skipped)
    anil(52,control) upd   200 train=0.1480 (0.2 min, 0 skipped)
    anil(52,control) upd   250 val=0.1348 best=0.1348 (0.2 min)
    anil(52,control) upd   300 train=0.1158 (0.3 min, 0 skipped)
    anil(52,control) upd   400 train=0.1129 (0.3 min, 0 skipped)
    anil(52,control) upd   500 val=0.1195 best=0.1195 (0.4 min)
    anil(52,control) upd   600 train=0.1035 (0.5 min, 0 skipped)
    anil(52,control) upd   700 train=0.1077 (0.6 min, 0 skipped)
    anil(52,control) upd   750 val=0.1161 best=0.1161 (0.7 min)
    anil(52,control) upd   800 train=0.0987 (0.7 min, 0 skipped)
    anil(52,control) upd   900 train=0.0981 (0.8 min, 0 skipped)
    anil(52,control) upd  1000 val=0.1158 best=0.1158 (0.9 min)
    anil(52,control) upd  1100 train=0.0913 (1.0 min, 0 skipped)
    anil(52,control) upd  1200 train=0.1004 (1.0 min, 0 skipped)
    anil(52,control) upd  1250 val=0.1163 best=0.1158 (1.1 min)
    anil(52,control) upd  1300 train=0.1000 (1.1 min, 0 skipped)
    anil(52,control) upd  1400 train=0.0950 (1.2 min, 0 skipped)
    anil(52,control) upd  1500 val=0.1140 best=0.1140 (1.3 min)
    anil(52,control) upd  1600 train=0.1018 (1.4 min, 0 skipped)
    anil(52,control) upd  1700 train=0.0950 (1.5 min, 0 skipped)
    anil(52,control) upd  1750 val=0.1139 best=0.1139 (1.5 min)
    anil(52,control) upd  1800 train=0.0888 (1.6 min, 0 skipped)
    anil(52,control) upd  1900 train=0.0920 (1.6 min, 0 skipped)
    anil(52,control) upd  2000 val=0.1157 best=0.1139 (1.7 min)
    anil(52,control) upd  2100 train=0.0921 (1.8 min, 0 skipped)
    anil(52,control) upd  2200 train=0.0835 (1.9 min, 0 skipped)
    anil(52,control) upd  2250 val=0.1142 best=0.1139 (2.0 min)
    anil(52,control) upd  2300 train=0.0942 (2.0 min, 0 skipped)
    anil(52,control) upd  2400 train=0.0904 (2.1 min, 0 skipped)
    anil(52,control) upd  2500 val=0.1148 best=0.1139 (2.2 min)
    anil(52,control) upd  2600 train=0.0870 (2.3 min, 0 skipped)
    anil(52,control) upd  2700 train=0.0892 (2.3 min, 0 skipped)
    anil(52,control) upd  2750 val=0.1148 best=0.1139 (2.4 min)
    anil(52,control) upd  2800 train=0.0863 (2.4 min, 0 skipped)
    anil(52,control) upd  2900 train=0.0954 (2.5 min, 0 skipped)
    anil(52,control) upd  3000 val=0.1157 best=0.1139 (2.6 min)
    anil(52,control) upd  3100 train=0.0880 (2.7 min, 0 skipped)
    anil(52,control) upd  3200 train=0.0896 (2.8 min, 0 skipped)
    anil(52,control) upd  3250 val=0.1159 best=0.1139 (2.8 min)
    anil(52,control) upd  3300 train=0.0887 (2.9 min, 0 skipped)
    anil(52,control) upd  3400 train=0.0887 (2.9 min, 0 skipped)
    anil(52,control) upd  3500 val=0.1160 best=0.1139 (3.0 min)
    anil(52,control) upd  3600 train=0.0872 (3.1 min, 0 skipped)
    anil(52,control) upd  3700 train=0.0900 (3.2 min, 0 skipped)
    anil(52,control) upd  3750 val=0.1174 best=0.1139 (3.3 min)
    anil(52,control) early stop at update 3750
    shared-adapter[dengue] ep00 val=0.2697 best=0.2697
    shared-adapter[dengue] ep01 val=0.2614 best=0.2614
    shared-adapter[dengue] ep02 val=0.2630 best=0.2614
    shared-adapter[dengue] ep03 val=0.2592 best=0.2592
    shared-adapter[dengue] ep04 val=0.2621 best=0.2592
    shared-adapter[dengue] ep05 val=0.2566 best=0.2566
    shared-adapter[dengue] ep06 val=0.2600 best=0.2566
    shared-adapter[dengue] ep07 val=0.2622 best=0.2566
    shared-adapter[dengue] ep08 val=0.2604 best=0.2566
    shared-adapter[dengue] ep09 val=0.2590 best=0.2566
    shared-adapter[dengue] ep10 val=0.2602 best=0.2566
    shared-adapter[dengue] ep11 val=0.2598 best=0.2566
    shared-adapter[dengue] ep12 val=0.2579 best=0.2566
    shared-adapter[dengue] ep13 val=0.2587 best=0.2566
    shared-adapter[dengue] ep14 val=0.2604 best=0.2566
    shared-adapter[dengue] ep15 val=0.2587 best=0.2566
    shared-adapter[dengue] ep16 val=0.2590 best=0.2566
    shared-adapter[dengue] ep17 val=0.2575 best=0.2566
    shared-adapter[dengue] ep18 val=0.2583 best=0.2566
    shared-adapter[dengue] ep19 val=0.2568 best=0.2566
    shared-adapter[dengue] ep20 val=0.2563 best=0.2563
    shared-adapter[dengue] ep21 val=0.2570 best=0.2563
    shared-adapter[dengue] ep22 val=0.2566 best=0.2563
    shared-adapter[dengue] ep23 val=0.2559 best=0.2559
    shared-adapter[dengue] ep24 val=0.2587 best=0.2559
    shared-adapter[dengue] ep25 val=0.2571 best=0.2559
    shared-adapter[dengue] ep26 val=0.2568 best=0.2559
    shared-adapter[dengue] ep27 val=0.2556 best=0.2556
    shared-adapter[dengue] ep28 val=0.2578 best=0.2556
    shared-adapter[dengue] ep29 val=0.2564 best=0.2556
    shared-adapter[dengue] ep30 val=0.2570 best=0.2556
    shared-adapter[dengue] ep31 val=0.2560 best=0.2556
    shared-adapter[dengue] ep32 val=0.2563 best=0.2556
    shared-adapter[dengue] ep33 val=0.2559 best=0.2556
    shared-adapter[dengue] ep34 val=0.2567 best=0.2556
    shared-adapter[dengue] ep35 val=0.2576 best=0.2556
    shared-adapter[dengue] ep36 val=0.2581 best=0.2556
    shared-adapter[dengue] ep37 val=0.2557 best=0.2556
    shared-adapter[dengue] ep38 val=0.2551 best=0.2551
    shared-adapter[dengue] ep39 val=0.2572 best=0.2551
    shared-adapter[dengue] ep40 val=0.2564 best=0.2551
    shared-adapter[dengue] ep41 val=0.2555 best=0.2551
    shared-adapter[dengue] ep42 val=0.2560 best=0.2551
    shared-adapter[dengue] ep43 val=0.2556 best=0.2551
    shared-adapter[dengue] ep44 val=0.2564 best=0.2551
    shared-adapter[dengue] ep45 val=0.2557 best=0.2551
    shared-adapter[dengue] ep46 val=0.2562 best=0.2551
    shared-adapter[dengue] ep47 val=0.2560 best=0.2551
    shared-adapter[dengue] ep48 val=0.2558 best=0.2551
    shared-adapter[dengue] ep49 val=0.2555 best=0.2551
    shared-adapter[dengue] ep50 val=0.2567 best=0.2551
    shared-adapter[dengue] ep51 val=0.2566 best=0.2551
    shared-adapter[dengue] ep52 val=0.2569 best=0.2551
    shared-adapter[dengue] ep53 val=0.2581 best=0.2551
[seed 52] scored; results\misc\anil_ldo3dengue_affine_control.json updated (2 seeds)

=== fold=dengue arm=control surface=affine, 2 seeds ===

reference: LDO3 freeze-then-adapt (dengue held out) (freeze-then-adapt, LDO3 fold of the same name, same seeds and scorer)
delta% = (reference_rmse - arm_rmse) / |reference_rmse| x 100; positive = arm better; units = per cent of reference RMSE (country-macro, count space)

cell                          n   mean d%      sd               95% CI   verdict
dengue|h10                    2      -0.3     0.5         [-4.8, +4.3]   within noise
dengue|h15                    2      -0.1     0.2         [-2.0, +1.8]   within noise
dengue|h3                     2      -3.2     0.6         [-8.6, +2.3]   within noise
dengue|h5                     2      -0.8     2.7       [-25.3, +23.7]   within noise

0 of 4 cells significantly better than LDO3 freeze-then-adapt (dengue held out), 0 significantly worse.

wrote results\misc\anil_ldo3dengue_affine_control_summary.json

wrote results\misc\anil_ldo3dengue_affine_control.json
ABLATION ONLY. This is an ablation of the adaptation procedure, not a headline, and that does not change if the sign is positive.
Report with ALL of: (1) episodes here DO vary disease -- meta-train ['influenza_japan', 'influenza_us-regions', 'influenza_us-states', 'covid_us-states'] over 4 panels, held out ['dengue'] -- which answers D13's objection for this fold but NOT for the dengue2flu run, so do not read this back onto that table; (2) warm start, so this is meta-FINE-TUNING; (3) the meta-test fits a fresh adapter on FULL train folds, so nothing here measures few-shot; (4) the surface was selected on h15, where the Ebola primary arm has zero adaptation pairs.

===== anil dengue seed52 anil :: 2026-09-04 06:01:04 =====
[preflight] ok: fold=dengue meta-train=['influenza_japan', 'influenza_us-regions', 'influenza_us-states', 'covid_us-states'] -> meta-test=['dengue'], 1 seeds, device cuda, arm=anil, surface=affine, target lag 12 origins, second_order=True, warm_start=True
[resume] already scored: [42]
[anil] seed 52 arm=anil surface=affine: warm start from results\lodo\encoder_ldo3__dengue__seed52__ckpt.pt
    anil(52,anil) upd   100 train=0.2480 (0.1 min, 0 skipped)
    anil(52,anil) upd   200 train=0.1699 (0.2 min, 0 skipped)
    anil(52,anil) upd   250 val=0.1448 best=0.1448 (0.3 min)
    anil(52,anil) upd   300 train=0.1215 (0.4 min, 0 skipped)
    anil(52,anil) upd   400 train=0.1157 (0.5 min, 0 skipped)
    anil(52,anil) upd   500 val=0.1272 best=0.1272 (0.6 min)
    anil(52,anil) upd   600 train=0.1085 (0.7 min, 0 skipped)
    anil(52,anil) upd   700 train=0.1141 (0.8 min, 0 skipped)
    anil(52,anil) upd   750 val=0.1203 best=0.1203 (0.9 min)
    anil(52,anil) upd   800 train=0.1055 (1.0 min, 0 skipped)
    anil(52,anil) upd   900 train=0.1047 (1.1 min, 0 skipped)
    anil(52,anil) upd  1000 val=0.1201 best=0.1201 (1.2 min)
    anil(52,anil) upd  1100 train=0.0983 (1.3 min, 0 skipped)
    anil(52,anil) upd  1200 train=0.0993 (1.4 min, 0 skipped)
    anil(52,anil) upd  1250 val=0.1191 best=0.1191 (1.5 min)
    anil(52,anil) upd  1300 train=0.1042 (1.5 min, 0 skipped)
    anil(52,anil) upd  1400 train=0.0976 (1.6 min, 0 skipped)
    anil(52,anil) upd  1500 val=0.1162 best=0.1162 (1.8 min)
    anil(52,anil) upd  1600 train=0.1037 (1.9 min, 0 skipped)
    anil(52,anil) upd  1700 train=0.0995 (2.0 min, 0 skipped)
    anil(52,anil) upd  1750 val=0.1162 best=0.1162 (2.1 min)
    anil(52,anil) upd  1800 train=0.0888 (2.1 min, 0 skipped)
    anil(52,anil) upd  1900 train=0.0932 (2.2 min, 0 skipped)
    anil(52,anil) upd  2000 val=0.1176 best=0.1162 (2.4 min)
    anil(52,anil) upd  2100 train=0.0945 (2.5 min, 0 skipped)
    anil(52,anil) upd  2200 train=0.0885 (2.6 min, 0 skipped)
    anil(52,anil) upd  2250 val=0.1148 best=0.1148 (2.7 min)
    anil(52,anil) upd  2300 train=0.0956 (2.7 min, 0 skipped)
    anil(52,anil) upd  2400 train=0.0937 (2.8 min, 0 skipped)
    anil(52,anil) upd  2500 val=0.1163 best=0.1148 (2.9 min)
    anil(52,anil) upd  2600 train=0.0887 (3.1 min, 0 skipped)
    anil(52,anil) upd  2700 train=0.0911 (3.2 min, 0 skipped)
    anil(52,anil) upd  2750 val=0.1154 best=0.1148 (3.2 min)
    anil(52,anil) upd  2800 train=0.0888 (3.3 min, 0 skipped)
    anil(52,anil) upd  2900 train=0.0969 (3.4 min, 0 skipped)
    anil(52,anil) upd  3000 val=0.1160 best=0.1148 (3.5 min)
    anil(52,anil) upd  3100 train=0.0937 (3.6 min, 0 skipped)
    anil(52,anil) upd  3200 train=0.0927 (3.7 min, 0 skipped)
    anil(52,anil) upd  3250 val=0.1173 best=0.1148 (3.8 min)
    anil(52,anil) upd  3300 train=0.0935 (3.9 min, 0 skipped)
    anil(52,anil) upd  3400 train=0.0905 (4.0 min, 0 skipped)
    anil(52,anil) upd  3500 val=0.1167 best=0.1148 (4.1 min)
    anil(52,anil) upd  3600 train=0.0886 (4.2 min, 0 skipped)
    anil(52,anil) upd  3700 train=0.0928 (4.3 min, 0 skipped)
    anil(52,anil) upd  3750 val=0.1201 best=0.1148 (4.4 min)
    anil(52,anil) upd  3800 train=0.0866 (4.5 min, 0 skipped)
    anil(52,anil) upd  3900 train=0.0929 (4.6 min, 0 skipped)
    anil(52,anil) upd  4000 val=0.1186 best=0.1148 (4.7 min)
    anil(52,anil) upd  4100 train=0.0904 (4.8 min, 0 skipped)
    anil(52,anil) upd  4200 train=0.0848 (4.9 min, 0 skipped)
    anil(52,anil) upd  4250 val=0.1188 best=0.1148 (5.0 min)
    anil(52,anil) early stop at update 4250
    shared-adapter[dengue] ep00 val=0.2689 best=0.2689
    shared-adapter[dengue] ep01 val=0.2606 best=0.2606
    shared-adapter[dengue] ep02 val=0.2625 best=0.2606
    shared-adapter[dengue] ep03 val=0.2583 best=0.2583
    shared-adapter[dengue] ep04 val=0.2612 best=0.2583
    shared-adapter[dengue] ep05 val=0.2557 best=0.2557
    shared-adapter[dengue] ep06 val=0.2591 best=0.2557
    shared-adapter[dengue] ep07 val=0.2612 best=0.2557
    shared-adapter[dengue] ep08 val=0.2592 best=0.2557
    shared-adapter[dengue] ep09 val=0.2580 best=0.2557
    shared-adapter[dengue] ep10 val=0.2593 best=0.2557
    shared-adapter[dengue] ep11 val=0.2587 best=0.2557
    shared-adapter[dengue] ep12 val=0.2568 best=0.2557
    shared-adapter[dengue] ep13 val=0.2578 best=0.2557
    shared-adapter[dengue] ep14 val=0.2596 best=0.2557
    shared-adapter[dengue] ep15 val=0.2577 best=0.2557
    shared-adapter[dengue] ep16 val=0.2580 best=0.2557
    shared-adapter[dengue] ep17 val=0.2567 best=0.2557
    shared-adapter[dengue] ep18 val=0.2575 best=0.2557
    shared-adapter[dengue] ep19 val=0.2559 best=0.2557
    shared-adapter[dengue] ep20 val=0.2552 best=0.2552
    shared-adapter[dengue] ep21 val=0.2562 best=0.2552
    shared-adapter[dengue] ep22 val=0.2555 best=0.2552
    shared-adapter[dengue] ep23 val=0.2549 best=0.2549
    shared-adapter[dengue] ep24 val=0.2575 best=0.2549
    shared-adapter[dengue] ep25 val=0.2561 best=0.2549
    shared-adapter[dengue] ep26 val=0.2559 best=0.2549
    shared-adapter[dengue] ep27 val=0.2545 best=0.2545
    shared-adapter[dengue] ep28 val=0.2566 best=0.2545
    shared-adapter[dengue] ep29 val=0.2554 best=0.2545
    shared-adapter[dengue] ep30 val=0.2559 best=0.2545
    shared-adapter[dengue] ep31 val=0.2550 best=0.2545
    shared-adapter[dengue] ep32 val=0.2553 best=0.2545
    shared-adapter[dengue] ep33 val=0.2549 best=0.2545
    shared-adapter[dengue] ep34 val=0.2560 best=0.2545
    shared-adapter[dengue] ep35 val=0.2567 best=0.2545
    shared-adapter[dengue] ep36 val=0.2572 best=0.2545
    shared-adapter[dengue] ep37 val=0.2548 best=0.2545
    shared-adapter[dengue] ep38 val=0.2543 best=0.2543
    shared-adapter[dengue] ep39 val=0.2562 best=0.2543
    shared-adapter[dengue] ep40 val=0.2553 best=0.2543
    shared-adapter[dengue] ep41 val=0.2547 best=0.2543
    shared-adapter[dengue] ep42 val=0.2550 best=0.2543
    shared-adapter[dengue] ep43 val=0.2549 best=0.2543
    shared-adapter[dengue] ep44 val=0.2553 best=0.2543
    shared-adapter[dengue] ep45 val=0.2548 best=0.2543
    shared-adapter[dengue] ep46 val=0.2552 best=0.2543
    shared-adapter[dengue] ep47 val=0.2549 best=0.2543
    shared-adapter[dengue] ep48 val=0.2549 best=0.2543
    shared-adapter[dengue] ep49 val=0.2545 best=0.2543
    shared-adapter[dengue] ep50 val=0.2557 best=0.2543
    shared-adapter[dengue] ep51 val=0.2556 best=0.2543
    shared-adapter[dengue] ep52 val=0.2560 best=0.2543
    shared-adapter[dengue] ep53 val=0.2572 best=0.2543
[seed 52] scored; results\misc\anil_ldo3dengue_affine_anil.json updated (2 seeds)

=== fold=dengue arm=anil surface=affine, 2 seeds ===

reference: LDO3 freeze-then-adapt (dengue held out) (freeze-then-adapt, LDO3 fold of the same name, same seeds and scorer)
delta% = (reference_rmse - arm_rmse) / |reference_rmse| x 100; positive = arm better; units = per cent of reference RMSE (country-macro, count space)

cell                          n   mean d%      sd               95% CI   verdict
dengue|h10                    2      -0.3     0.3         [-2.9, +2.2]   within noise
dengue|h15                    2      -0.2     0.1         [-1.0, +0.7]   within noise
dengue|h3                     2      -2.9     0.4         [-6.5, +0.8]   within noise
dengue|h5                     2      -0.8     1.8       [-17.0, +15.4]   within noise

0 of 4 cells significantly better than LDO3 freeze-then-adapt (dengue held out), 0 significantly worse.

wrote results\misc\anil_ldo3dengue_affine_anil_summary.json

wrote results\misc\anil_ldo3dengue_affine_anil.json
ABLATION ONLY. This is an ablation of the adaptation procedure, not a headline, and that does not change if the sign is positive.
Report with ALL of: (1) episodes here DO vary disease -- meta-train ['influenza_japan', 'influenza_us-regions', 'influenza_us-states', 'covid_us-states'] over 4 panels, held out ['dengue'] -- which answers D13's objection for this fold but NOT for the dengue2flu run, so do not read this back onto that table; (2) warm start, so this is meta-FINE-TUNING; (3) the meta-test fits a fresh adapter on FULL train folds, so nothing here measures few-shot; (4) the surface was selected on h15, where the Ebola primary arm has zero adaptation pairs.

===== anil dengue seed62 control :: 2026-09-04 06:56:27 =====
[preflight] ok: fold=dengue meta-train=['influenza_japan', 'influenza_us-regions', 'influenza_us-states', 'covid_us-states'] -> meta-test=['dengue'], 1 seeds, device cuda, arm=control, surface=affine, target lag 12 origins, second_order=True, warm_start=True
[resume] already scored: [42, 52]
[anil] seed 62 arm=control surface=affine: warm start from results\lodo\encoder_ldo3__dengue__seed62__ckpt.pt
    anil(62,control) upd   100 train=0.1749 (0.1 min, 0 skipped)
    anil(62,control) upd   200 train=0.1214 (0.2 min, 0 skipped)
    anil(62,control) upd   250 val=0.1219 best=0.1219 (0.2 min)
    anil(62,control) upd   300 train=0.1171 (0.3 min, 0 skipped)
    anil(62,control) upd   400 train=0.1127 (0.3 min, 0 skipped)
    anil(62,control) upd   500 val=0.1205 best=0.1205 (0.4 min)
    anil(62,control) upd   600 train=0.1108 (0.5 min, 0 skipped)
    anil(62,control) upd   700 train=0.1110 (0.6 min, 0 skipped)
    anil(62,control) upd   750 val=0.1209 best=0.1205 (0.7 min)
    anil(62,control) upd   800 train=0.1163 (0.7 min, 0 skipped)
    anil(62,control) upd   900 train=0.1106 (0.8 min, 0 skipped)
    anil(62,control) upd  1000 val=0.1187 best=0.1187 (0.9 min)
    anil(62,control) upd  1100 train=0.1044 (1.0 min, 0 skipped)
    anil(62,control) upd  1200 train=0.1029 (1.0 min, 0 skipped)
    anil(62,control) upd  1250 val=0.1200 best=0.1187 (1.1 min)
    anil(62,control) upd  1300 train=0.0981 (1.1 min, 0 skipped)
    anil(62,control) upd  1400 train=0.1047 (1.2 min, 0 skipped)
    anil(62,control) upd  1500 val=0.1198 best=0.1187 (1.3 min)
    anil(62,control) upd  1600 train=0.1055 (1.4 min, 0 skipped)
    anil(62,control) upd  1700 train=0.1091 (1.5 min, 0 skipped)
    anil(62,control) upd  1750 val=0.1176 best=0.1176 (1.5 min)
    anil(62,control) upd  1800 train=0.1150 (1.6 min, 0 skipped)
    anil(62,control) upd  1900 train=0.1082 (1.6 min, 0 skipped)
    anil(62,control) upd  2000 val=0.1206 best=0.1176 (1.7 min)
    anil(62,control) upd  2100 train=0.0999 (1.8 min, 0 skipped)
    anil(62,control) upd  2200 train=0.1027 (1.9 min, 0 skipped)
    anil(62,control) upd  2250 val=0.1210 best=0.1176 (2.0 min)
    anil(62,control) upd  2300 train=0.1015 (2.0 min, 0 skipped)
    anil(62,control) upd  2400 train=0.1040 (2.1 min, 0 skipped)
    anil(62,control) upd  2500 val=0.1208 best=0.1176 (2.2 min)
    anil(62,control) upd  2600 train=0.1048 (2.2 min, 0 skipped)
    anil(62,control) upd  2700 train=0.0970 (2.3 min, 0 skipped)
    anil(62,control) upd  2750 val=0.1225 best=0.1176 (2.4 min)
    anil(62,control) upd  2800 train=0.1021 (2.4 min, 0 skipped)
    anil(62,control) upd  2900 train=0.0983 (2.5 min, 0 skipped)
    anil(62,control) upd  3000 val=0.1215 best=0.1176 (2.6 min)
    anil(62,control) upd  3100 train=0.0927 (2.7 min, 0 skipped)
    anil(62,control) upd  3200 train=0.1047 (2.8 min, 0 skipped)
    anil(62,control) upd  3250 val=0.1228 best=0.1176 (2.8 min)
    anil(62,control) upd  3300 train=0.0961 (2.9 min, 0 skipped)
    anil(62,control) upd  3400 train=0.0959 (2.9 min, 0 skipped)
    anil(62,control) upd  3500 val=0.1235 best=0.1176 (3.0 min)
    anil(62,control) upd  3600 train=0.1017 (3.1 min, 0 skipped)
    anil(62,control) upd  3700 train=0.0933 (3.2 min, 0 skipped)
    anil(62,control) upd  3750 val=0.1224 best=0.1176 (3.2 min)
    anil(62,control) early stop at update 3750
    shared-adapter[dengue] ep00 val=0.2709 best=0.2709
    shared-adapter[dengue] ep01 val=0.2682 best=0.2682
    shared-adapter[dengue] ep02 val=0.2652 best=0.2652
    shared-adapter[dengue] ep03 val=0.2672 best=0.2652
    shared-adapter[dengue] ep04 val=0.2636 best=0.2636
    shared-adapter[dengue] ep05 val=0.2660 best=0.2636
    shared-adapter[dengue] ep06 val=0.2638 best=0.2636
    shared-adapter[dengue] ep07 val=0.2682 best=0.2636
    shared-adapter[dengue] ep08 val=0.2637 best=0.2636
    shared-adapter[dengue] ep09 val=0.2645 best=0.2636
    shared-adapter[dengue] ep10 val=0.2627 best=0.2627
    shared-adapter[dengue] ep11 val=0.2619 best=0.2619
    shared-adapter[dengue] ep12 val=0.2621 best=0.2619
    shared-adapter[dengue] ep13 val=0.2611 best=0.2611
    shared-adapter[dengue] ep14 val=0.2591 best=0.2591
    shared-adapter[dengue] ep15 val=0.2599 best=0.2591
    shared-adapter[dengue] ep16 val=0.2625 best=0.2591
    shared-adapter[dengue] ep17 val=0.2600 best=0.2591
    shared-adapter[dengue] ep18 val=0.2621 best=0.2591
    shared-adapter[dengue] ep19 val=0.2604 best=0.2591
    shared-adapter[dengue] ep20 val=0.2577 best=0.2577
    shared-adapter[dengue] ep21 val=0.2603 best=0.2577
    shared-adapter[dengue] ep22 val=0.2631 best=0.2577
    shared-adapter[dengue] ep23 val=0.2599 best=0.2577
    shared-adapter[dengue] ep24 val=0.2617 best=0.2577
    shared-adapter[dengue] ep25 val=0.2620 best=0.2577
    shared-adapter[dengue] ep26 val=0.2599 best=0.2577
    shared-adapter[dengue] ep27 val=0.2600 best=0.2577
    shared-adapter[dengue] ep28 val=0.2616 best=0.2577
    shared-adapter[dengue] ep29 val=0.2603 best=0.2577
    shared-adapter[dengue] ep30 val=0.2621 best=0.2577
    shared-adapter[dengue] ep31 val=0.2605 best=0.2577
    shared-adapter[dengue] ep32 val=0.2612 best=0.2577
    shared-adapter[dengue] ep33 val=0.2624 best=0.2577
    shared-adapter[dengue] ep34 val=0.2581 best=0.2577
    shared-adapter[dengue] ep35 val=0.2642 best=0.2577
[seed 62] scored; results\misc\anil_ldo3dengue_affine_control.json updated (3 seeds)

=== fold=dengue arm=control surface=affine, 3 seeds ===

reference: LDO3 freeze-then-adapt (dengue held out) (freeze-then-adapt, LDO3 fold of the same name, same seeds and scorer)
delta% = (reference_rmse - arm_rmse) / |reference_rmse| x 100; positive = arm better; units = per cent of reference RMSE (country-macro, count space)

cell                          n   mean d%      sd               95% CI   verdict
dengue|h10                    3      -0.1     0.5         [-1.4, +1.3]   within noise
dengue|h15                    3      -0.0     0.2         [-0.5, +0.4]   within noise
dengue|h3                     3      -0.6     4.5       [-11.8, +10.6]   within noise
dengue|h5                     3      +0.5     3.0         [-6.9, +7.9]   within noise

0 of 4 cells significantly better than LDO3 freeze-then-adapt (dengue held out), 0 significantly worse.

wrote results\misc\anil_ldo3dengue_affine_control_summary.json

wrote results\misc\anil_ldo3dengue_affine_control.json
ABLATION ONLY. This is an ablation of the adaptation procedure, not a headline, and that does not change if the sign is positive.
Report with ALL of: (1) episodes here DO vary disease -- meta-train ['influenza_japan', 'influenza_us-regions', 'influenza_us-states', 'covid_us-states'] over 4 panels, held out ['dengue'] -- which answers D13's objection for this fold but NOT for the dengue2flu run, so do not read this back onto that table; (2) warm start, so this is meta-FINE-TUNING; (3) the meta-test fits a fresh adapter on FULL train folds, so nothing here measures few-shot; (4) the surface was selected on h15, where the Ebola primary arm has zero adaptation pairs.

===== anil dengue seed62 anil :: 2026-09-04 07:33:42 =====
[preflight] ok: fold=dengue meta-train=['influenza_japan', 'influenza_us-regions', 'influenza_us-states', 'covid_us-states'] -> meta-test=['dengue'], 1 seeds, device cuda, arm=anil, surface=affine, target lag 12 origins, second_order=True, warm_start=True
[resume] already scored: [42, 52]
[anil] seed 62 arm=anil surface=affine: warm start from results\lodo\encoder_ldo3__dengue__seed62__ckpt.pt
    anil(62,anil) upd   100 train=0.1776 (0.1 min, 0 skipped)
    anil(62,anil) upd   200 train=0.1284 (0.2 min, 0 skipped)
    anil(62,anil) upd   250 val=0.1265 best=0.1265 (0.3 min)
    anil(62,anil) upd   300 train=0.1260 (0.4 min, 0 skipped)
    anil(62,anil) upd   400 train=0.1167 (0.5 min, 0 skipped)
    anil(62,anil) upd   500 val=0.1275 best=0.1265 (0.6 min)
    anil(62,anil) upd   600 train=0.1145 (0.7 min, 0 skipped)
    anil(62,anil) upd   700 train=0.1163 (0.8 min, 0 skipped)
    anil(62,anil) upd   750 val=0.1224 best=0.1224 (0.9 min)
    anil(62,anil) upd   800 train=0.1215 (0.9 min, 0 skipped)
    anil(62,anil) upd   900 train=0.1081 (1.0 min, 0 skipped)
    anil(62,anil) upd  1000 val=0.1224 best=0.1224 (1.2 min)
    anil(62,anil) upd  1100 train=0.1068 (1.3 min, 0 skipped)
    anil(62,anil) upd  1200 train=0.1079 (1.4 min, 0 skipped)
    anil(62,anil) upd  1250 val=0.1210 best=0.1210 (1.5 min)
    anil(62,anil) upd  1300 train=0.1020 (1.5 min, 0 skipped)
    anil(62,anil) upd  1400 train=0.1082 (1.6 min, 0 skipped)
    anil(62,anil) upd  1500 val=0.1206 best=0.1206 (1.7 min)
    anil(62,anil) upd  1600 train=0.1082 (1.9 min, 0 skipped)
    anil(62,anil) upd  1700 train=0.1123 (2.0 min, 0 skipped)
    anil(62,anil) upd  1750 val=0.1194 best=0.1194 (2.0 min)
    anil(62,anil) upd  1800 train=0.1167 (2.1 min, 0 skipped)
    anil(62,anil) upd  1900 train=0.1083 (2.2 min, 0 skipped)
    anil(62,anil) upd  2000 val=0.1214 best=0.1194 (2.3 min)
    anil(62,anil) upd  2100 train=0.1011 (2.4 min, 0 skipped)
    anil(62,anil) upd  2200 train=0.1027 (2.6 min, 0 skipped)
    anil(62,anil) upd  2250 val=0.1251 best=0.1194 (2.6 min)
    anil(62,anil) upd  2300 train=0.1036 (2.7 min, 0 skipped)
    anil(62,anil) upd  2400 train=0.1065 (2.8 min, 0 skipped)
    anil(62,anil) upd  2500 val=0.1235 best=0.1194 (2.9 min)
    anil(62,anil) upd  2600 train=0.1106 (3.0 min, 0 skipped)
    anil(62,anil) upd  2700 train=0.0974 (3.1 min, 0 skipped)
    anil(62,anil) upd  2750 val=0.1249 best=0.1194 (3.2 min)
    anil(62,anil) upd  2800 train=0.1014 (3.3 min, 0 skipped)
    anil(62,anil) upd  2900 train=0.1017 (3.4 min, 0 skipped)
    anil(62,anil) upd  3000 val=0.1226 best=0.1194 (3.5 min)
    anil(62,anil) upd  3100 train=0.0944 (3.6 min, 0 skipped)
    anil(62,anil) upd  3200 train=0.1053 (3.7 min, 0 skipped)
    anil(62,anil) upd  3250 val=0.1239 best=0.1194 (3.8 min)
    anil(62,anil) upd  3300 train=0.0962 (3.9 min, 0 skipped)
    anil(62,anil) upd  3400 train=0.0949 (4.0 min, 0 skipped)
    anil(62,anil) upd  3500 val=0.1246 best=0.1194 (4.1 min)
    anil(62,anil) upd  3600 train=0.1016 (4.2 min, 0 skipped)
    anil(62,anil) upd  3700 train=0.0957 (4.3 min, 0 skipped)
    anil(62,anil) upd  3750 val=0.1230 best=0.1194 (4.4 min)
    anil(62,anil) early stop at update 3750
    shared-adapter[dengue] ep00 val=0.2717 best=0.2717
    shared-adapter[dengue] ep01 val=0.2685 best=0.2685
    shared-adapter[dengue] ep02 val=0.2662 best=0.2662
    shared-adapter[dengue] ep03 val=0.2678 best=0.2662
    shared-adapter[dengue] ep04 val=0.2647 best=0.2647
    shared-adapter[dengue] ep05 val=0.2670 best=0.2647
    shared-adapter[dengue] ep06 val=0.2648 best=0.2647
    shared-adapter[dengue] ep07 val=0.2689 best=0.2647
    shared-adapter[dengue] ep08 val=0.2650 best=0.2647
    shared-adapter[dengue] ep09 val=0.2659 best=0.2647
    shared-adapter[dengue] ep10 val=0.2640 best=0.2640
    shared-adapter[dengue] ep11 val=0.2632 best=0.2632
    shared-adapter[dengue] ep12 val=0.2633 best=0.2632
    shared-adapter[dengue] ep13 val=0.2627 best=0.2627
    shared-adapter[dengue] ep14 val=0.2604 best=0.2604
    shared-adapter[dengue] ep15 val=0.2612 best=0.2604
    shared-adapter[dengue] ep16 val=0.2647 best=0.2604
    shared-adapter[dengue] ep17 val=0.2616 best=0.2604
    shared-adapter[dengue] ep18 val=0.2636 best=0.2604
    shared-adapter[dengue] ep19 val=0.2617 best=0.2604
    shared-adapter[dengue] ep20 val=0.2591 best=0.2591
    shared-adapter[dengue] ep21 val=0.2616 best=0.2591
    shared-adapter[dengue] ep22 val=0.2649 best=0.2591
    shared-adapter[dengue] ep23 val=0.2616 best=0.2591
    shared-adapter[dengue] ep24 val=0.2638 best=0.2591
    shared-adapter[dengue] ep25 val=0.2642 best=0.2591
    shared-adapter[dengue] ep26 val=0.2616 best=0.2591
    shared-adapter[dengue] ep27 val=0.2618 best=0.2591
    shared-adapter[dengue] ep28 val=0.2636 best=0.2591
    shared-adapter[dengue] ep29 val=0.2621 best=0.2591
    shared-adapter[dengue] ep30 val=0.2640 best=0.2591
    shared-adapter[dengue] ep31 val=0.2623 best=0.2591
    shared-adapter[dengue] ep32 val=0.2631 best=0.2591
    shared-adapter[dengue] ep33 val=0.2648 best=0.2591
    shared-adapter[dengue] ep34 val=0.2601 best=0.2591
    shared-adapter[dengue] ep35 val=0.2661 best=0.2591
[seed 62] scored; results\misc\anil_ldo3dengue_affine_anil.json updated (3 seeds)

=== fold=dengue arm=anil surface=affine, 3 seeds ===

reference: LDO3 freeze-then-adapt (dengue held out) (freeze-then-adapt, LDO3 fold of the same name, same seeds and scorer)
delta% = (reference_rmse - arm_rmse) / |reference_rmse| x 100; positive = arm better; units = per cent of reference RMSE (country-macro, count space)

cell                          n   mean d%      sd               95% CI   verdict
dengue|h10                    3      -0.1     0.4         [-1.1, +0.8]   within noise
dengue|h15                    3      -0.1     0.1         [-0.4, +0.2]   within noise
dengue|h3                     3      -0.8     3.5         [-9.6, +7.9]   within noise
dengue|h5                     3      +0.3     2.2         [-5.2, +5.7]   within noise

0 of 4 cells significantly better than LDO3 freeze-then-adapt (dengue held out), 0 significantly worse.

wrote results\misc\anil_ldo3dengue_affine_anil_summary.json

wrote results\misc\anil_ldo3dengue_affine_anil.json
ABLATION ONLY. This is an ablation of the adaptation procedure, not a headline, and that does not change if the sign is positive.
Report with ALL of: (1) episodes here DO vary disease -- meta-train ['influenza_japan', 'influenza_us-regions', 'influenza_us-states', 'covid_us-states'] over 4 panels, held out ['dengue'] -- which answers D13's objection for this fold but NOT for the dengue2flu run, so do not read this back onto that table; (2) warm start, so this is meta-FINE-TUNING; (3) the meta-test fits a fresh adapter on FULL train folds, so nothing here measures few-shot; (4) the surface was selected on h15, where the Ebola primary arm has zero adaptation pairs.

===== anil dengue seed72 control :: 2026-09-04 08:12:00 =====
[preflight] ok: fold=dengue meta-train=['influenza_japan', 'influenza_us-regions', 'influenza_us-states', 'covid_us-states'] -> meta-test=['dengue'], 1 seeds, device cuda, arm=control, surface=affine, target lag 12 origins, second_order=True, warm_start=True
[resume] already scored: [42, 52, 62]
[anil] seed 72 arm=control surface=affine: warm start from results\lodo\encoder_ldo3__dengue__seed72__ckpt.pt
    anil(72,control) upd   100 train=0.1783 (0.1 min, 0 skipped)
    anil(72,control) upd   200 train=0.1232 (0.2 min, 0 skipped)
    anil(72,control) upd   250 val=0.1355 best=0.1355 (0.2 min)
    anil(72,control) upd   300 train=0.1125 (0.3 min, 0 skipped)
    anil(72,control) upd   400 train=0.1031 (0.3 min, 0 skipped)
    anil(72,control) upd   500 val=0.1232 best=0.1232 (0.4 min)
    anil(72,control) upd   600 train=0.1017 (0.5 min, 0 skipped)
    anil(72,control) upd   700 train=0.0986 (0.6 min, 0 skipped)
    anil(72,control) upd   750 val=0.1227 best=0.1227 (0.7 min)
    anil(72,control) upd   800 train=0.0975 (0.7 min, 0 skipped)
    anil(72,control) upd   900 train=0.1007 (0.8 min, 0 skipped)
    anil(72,control) upd  1000 val=0.1229 best=0.1227 (0.9 min)
    anil(72,control) upd  1100 train=0.0943 (1.0 min, 0 skipped)
    anil(72,control) upd  1200 train=0.0922 (1.0 min, 0 skipped)
    anil(72,control) upd  1250 val=0.1212 best=0.1212 (1.1 min)
    anil(72,control) upd  1300 train=0.0880 (1.1 min, 0 skipped)
    anil(72,control) upd  1400 train=0.0912 (1.2 min, 0 skipped)
    anil(72,control) upd  1500 val=0.1243 best=0.1212 (1.3 min)
    anil(72,control) upd  1600 train=0.0946 (1.4 min, 0 skipped)
    anil(72,control) upd  1700 train=0.0883 (1.5 min, 0 skipped)
    anil(72,control) upd  1750 val=0.1221 best=0.1212 (1.5 min)
    anil(72,control) upd  1800 train=0.0944 (1.6 min, 0 skipped)
    anil(72,control) upd  1900 train=0.0946 (1.6 min, 0 skipped)
    anil(72,control) upd  2000 val=0.1234 best=0.1212 (1.7 min)
    anil(72,control) upd  2100 train=0.0859 (1.8 min, 0 skipped)
    anil(72,control) upd  2200 train=0.0867 (1.9 min, 0 skipped)
    anil(72,control) upd  2250 val=0.1240 best=0.1212 (2.0 min)
    anil(72,control) upd  2300 train=0.0848 (2.0 min, 0 skipped)
    anil(72,control) upd  2400 train=0.0863 (2.1 min, 0 skipped)
    anil(72,control) upd  2500 val=0.1240 best=0.1212 (2.2 min)
    anil(72,control) upd  2600 train=0.0868 (2.2 min, 0 skipped)
    anil(72,control) upd  2700 train=0.0923 (2.3 min, 0 skipped)
    anil(72,control) upd  2750 val=0.1261 best=0.1212 (2.4 min)
    anil(72,control) upd  2800 train=0.0830 (2.4 min, 0 skipped)
    anil(72,control) upd  2900 train=0.0856 (2.5 min, 0 skipped)
    anil(72,control) upd  3000 val=0.1248 best=0.1212 (2.6 min)
    anil(72,control) upd  3100 train=0.0909 (2.7 min, 0 skipped)
    anil(72,control) upd  3200 train=0.0894 (2.8 min, 0 skipped)
    anil(72,control) upd  3250 val=0.1251 best=0.1212 (2.8 min)
    anil(72,control) early stop at update 3250
    shared-adapter[dengue] ep00 val=0.2718 best=0.2718
    shared-adapter[dengue] ep01 val=0.2652 best=0.2652
    shared-adapter[dengue] ep02 val=0.2620 best=0.2620
    shared-adapter[dengue] ep03 val=0.2610 best=0.2610
    shared-adapter[dengue] ep04 val=0.2600 best=0.2600
    shared-adapter[dengue] ep05 val=0.2609 best=0.2600
    shared-adapter[dengue] ep06 val=0.2608 best=0.2600
    shared-adapter[dengue] ep07 val=0.2598 best=0.2598
    shared-adapter[dengue] ep08 val=0.2611 best=0.2598
    shared-adapter[dengue] ep09 val=0.2600 best=0.2598
    shared-adapter[dengue] ep10 val=0.2576 best=0.2576
    shared-adapter[dengue] ep11 val=0.2594 best=0.2576
    shared-adapter[dengue] ep12 val=0.2578 best=0.2576
    shared-adapter[dengue] ep13 val=0.2570 best=0.2570
    shared-adapter[dengue] ep14 val=0.2571 best=0.2570
    shared-adapter[dengue] ep15 val=0.2567 best=0.2567
    shared-adapter[dengue] ep16 val=0.2589 best=0.2567
    shared-adapter[dengue] ep17 val=0.2592 best=0.2567
    shared-adapter[dengue] ep18 val=0.2591 best=0.2567
    shared-adapter[dengue] ep19 val=0.2563 best=0.2563
    shared-adapter[dengue] ep20 val=0.2567 best=0.2563
    shared-adapter[dengue] ep21 val=0.2571 best=0.2563
    shared-adapter[dengue] ep22 val=0.2607 best=0.2563
    shared-adapter[dengue] ep23 val=0.2558 best=0.2558
    shared-adapter[dengue] ep24 val=0.2573 best=0.2558
    shared-adapter[dengue] ep25 val=0.2599 best=0.2558
    shared-adapter[dengue] ep26 val=0.2578 best=0.2558
    shared-adapter[dengue] ep27 val=0.2560 best=0.2558
    shared-adapter[dengue] ep28 val=0.2570 best=0.2558
    shared-adapter[dengue] ep29 val=0.2578 best=0.2558
    shared-adapter[dengue] ep30 val=0.2557 best=0.2557
    shared-adapter[dengue] ep31 val=0.2581 best=0.2557
    shared-adapter[dengue] ep32 val=0.2571 best=0.2557
    shared-adapter[dengue] ep33 val=0.2579 best=0.2557
    shared-adapter[dengue] ep34 val=0.2589 best=0.2557
    shared-adapter[dengue] ep35 val=0.2558 best=0.2557
    shared-adapter[dengue] ep36 val=0.2569 best=0.2557
    shared-adapter[dengue] ep37 val=0.2566 best=0.2557
    shared-adapter[dengue] ep38 val=0.2563 best=0.2557
    shared-adapter[dengue] ep39 val=0.2569 best=0.2557
    shared-adapter[dengue] ep40 val=0.2563 best=0.2557
    shared-adapter[dengue] ep41 val=0.2553 best=0.2553
    shared-adapter[dengue] ep42 val=0.2556 best=0.2553
    shared-adapter[dengue] ep43 val=0.2570 best=0.2553
    shared-adapter[dengue] ep44 val=0.2563 best=0.2553
    shared-adapter[dengue] ep45 val=0.2567 best=0.2553
    shared-adapter[dengue] ep46 val=0.2585 best=0.2553
    shared-adapter[dengue] ep47 val=0.2562 best=0.2553
    shared-adapter[dengue] ep48 val=0.2566 best=0.2553
    shared-adapter[dengue] ep49 val=0.2562 best=0.2553
    shared-adapter[dengue] ep50 val=0.2562 best=0.2553
    shared-adapter[dengue] ep51 val=0.2558 best=0.2553
    shared-adapter[dengue] ep52 val=0.2566 best=0.2553
    shared-adapter[dengue] ep53 val=0.2577 best=0.2553
    shared-adapter[dengue] ep54 val=0.2563 best=0.2553
    shared-adapter[dengue] ep55 val=0.2554 best=0.2553
    shared-adapter[dengue] ep56 val=0.2569 best=0.2553
[seed 72] scored; results\misc\anil_ldo3dengue_affine_control.json updated (4 seeds)

=== fold=dengue arm=control surface=affine, 4 seeds ===

reference: LDO3 freeze-then-adapt (dengue held out) (freeze-then-adapt, LDO3 fold of the same name, same seeds and scorer)
delta% = (reference_rmse - arm_rmse) / |reference_rmse| x 100; positive = arm better; units = per cent of reference RMSE (country-macro, count space)

cell                          n   mean d%      sd               95% CI   verdict
dengue|h10                    4      -0.1     0.5         [-0.9, +0.6]   within noise
dengue|h15                    4      -0.1     0.2         [-0.4, +0.2]   within noise
dengue|h3                     4      -0.6     3.7         [-6.4, +5.3]   within noise
dengue|h5                     4      +0.3     2.4         [-3.6, +4.2]   within noise

0 of 4 cells significantly better than LDO3 freeze-then-adapt (dengue held out), 0 significantly worse.

wrote results\misc\anil_ldo3dengue_affine_control_summary.json

wrote results\misc\anil_ldo3dengue_affine_control.json
ABLATION ONLY. This is an ablation of the adaptation procedure, not a headline, and that does not change if the sign is positive.
Report with ALL of: (1) episodes here DO vary disease -- meta-train ['influenza_japan', 'influenza_us-regions', 'influenza_us-states', 'covid_us-states'] over 4 panels, held out ['dengue'] -- which answers D13's objection for this fold but NOT for the dengue2flu run, so do not read this back onto that table; (2) warm start, so this is meta-FINE-TUNING; (3) the meta-test fits a fresh adapter on FULL train folds, so nothing here measures few-shot; (4) the surface was selected on h15, where the Ebola primary arm has zero adaptation pairs.

===== anil dengue seed72 anil :: 2026-09-04 09:07:57 =====
[preflight] ok: fold=dengue meta-train=['influenza_japan', 'influenza_us-regions', 'influenza_us-states', 'covid_us-states'] -> meta-test=['dengue'], 1 seeds, device cuda, arm=anil, surface=affine, target lag 12 origins, second_order=True, warm_start=True
[resume] already scored: [42, 52, 62]
[anil] seed 72 arm=anil surface=affine: warm start from results\lodo\encoder_ldo3__dengue__seed72__ckpt.pt
    anil(72,anil) upd   100 train=0.1872 (0.1 min, 0 skipped)
    anil(72,anil) upd   200 train=0.1359 (0.2 min, 0 skipped)
    anil(72,anil) upd   250 val=0.1429 best=0.1429 (0.3 min)
    anil(72,anil) upd   300 train=0.1166 (0.4 min, 0 skipped)
    anil(72,anil) upd   400 train=0.1081 (0.5 min, 0 skipped)
    anil(72,anil) upd   500 val=0.1296 best=0.1296 (0.6 min)
    anil(72,anil) upd   600 train=0.1049 (0.7 min, 0 skipped)
    anil(72,anil) upd   700 train=0.1012 (0.8 min, 0 skipped)
    anil(72,anil) upd   750 val=0.1287 best=0.1287 (0.9 min)
    anil(72,anil) upd   800 train=0.1036 (0.9 min, 0 skipped)
    anil(72,anil) upd   900 train=0.1025 (1.1 min, 0 skipped)
    anil(72,anil) upd  1000 val=0.1301 best=0.1287 (1.2 min)
    anil(72,anil) upd  1100 train=0.0960 (1.3 min, 0 skipped)
    anil(72,anil) upd  1200 train=0.0933 (1.4 min, 0 skipped)
    anil(72,anil) upd  1250 val=0.1243 best=0.1243 (1.5 min)
    anil(72,anil) upd  1300 train=0.0916 (1.5 min, 0 skipped)
    anil(72,anil) upd  1400 train=0.0959 (1.7 min, 0 skipped)
    anil(72,anil) upd  1500 val=0.1304 best=0.1243 (1.8 min)
    anil(72,anil) upd  1600 train=0.0973 (1.9 min, 0 skipped)
    anil(72,anil) upd  1700 train=0.0903 (2.0 min, 0 skipped)
    anil(72,anil) upd  1750 val=0.1262 best=0.1243 (2.1 min)
    anil(72,anil) upd  1800 train=0.0960 (2.1 min, 0 skipped)
    anil(72,anil) upd  1900 train=0.0966 (2.2 min, 0 skipped)
    anil(72,anil) upd  2000 val=0.1287 best=0.1243 (2.4 min)
    anil(72,anil) upd  2100 train=0.0878 (2.5 min, 0 skipped)
    anil(72,anil) upd  2200 train=0.0889 (2.6 min, 0 skipped)
    anil(72,anil) upd  2250 val=0.1285 best=0.1243 (2.7 min)
    anil(72,anil) upd  2300 train=0.0873 (2.7 min, 0 skipped)
    anil(72,anil) upd  2400 train=0.0877 (2.8 min, 0 skipped)
    anil(72,anil) upd  2500 val=0.1280 best=0.1243 (2.9 min)
    anil(72,anil) upd  2600 train=0.0876 (3.1 min, 0 skipped)
    anil(72,anil) upd  2700 train=0.0943 (3.2 min, 0 skipped)
    anil(72,anil) upd  2750 val=0.1312 best=0.1243 (3.2 min)
    anil(72,anil) upd  2800 train=0.0861 (3.3 min, 0 skipped)
    anil(72,anil) upd  2900 train=0.0868 (3.4 min, 0 skipped)
    anil(72,anil) upd  3000 val=0.1277 best=0.1243 (3.5 min)
    anil(72,anil) upd  3100 train=0.0924 (3.6 min, 0 skipped)
    anil(72,anil) upd  3200 train=0.0897 (3.8 min, 0 skipped)
    anil(72,anil) upd  3250 val=0.1265 best=0.1243 (3.8 min)
    anil(72,anil) early stop at update 3250
    shared-adapter[dengue] ep00 val=0.2715 best=0.2715
    shared-adapter[dengue] ep01 val=0.2647 best=0.2647
    shared-adapter[dengue] ep02 val=0.2614 best=0.2614
    shared-adapter[dengue] ep03 val=0.2606 best=0.2606
    shared-adapter[dengue] ep04 val=0.2595 best=0.2595
    shared-adapter[dengue] ep05 val=0.2602 best=0.2595
    shared-adapter[dengue] ep06 val=0.2599 best=0.2595
    shared-adapter[dengue] ep07 val=0.2591 best=0.2591
    shared-adapter[dengue] ep08 val=0.2603 best=0.2591
    shared-adapter[dengue] ep09 val=0.2595 best=0.2591
    shared-adapter[dengue] ep10 val=0.2568 best=0.2568
    shared-adapter[dengue] ep11 val=0.2585 best=0.2568
    shared-adapter[dengue] ep12 val=0.2571 best=0.2568
    shared-adapter[dengue] ep13 val=0.2563 best=0.2563
    shared-adapter[dengue] ep14 val=0.2564 best=0.2563
    shared-adapter[dengue] ep15 val=0.2560 best=0.2560
    shared-adapter[dengue] ep16 val=0.2581 best=0.2560
    shared-adapter[dengue] ep17 val=0.2584 best=0.2560
    shared-adapter[dengue] ep18 val=0.2585 best=0.2560
    shared-adapter[dengue] ep19 val=0.2556 best=0.2556
    shared-adapter[dengue] ep20 val=0.2559 best=0.2556
    shared-adapter[dengue] ep21 val=0.2565 best=0.2556
    shared-adapter[dengue] ep22 val=0.2598 best=0.2556
    shared-adapter[dengue] ep23 val=0.2552 best=0.2552
    shared-adapter[dengue] ep24 val=0.2567 best=0.2552
    shared-adapter[dengue] ep25 val=0.2594 best=0.2552
    shared-adapter[dengue] ep26 val=0.2571 best=0.2552
    shared-adapter[dengue] ep27 val=0.2553 best=0.2552
    shared-adapter[dengue] ep28 val=0.2563 best=0.2552
    shared-adapter[dengue] ep29 val=0.2569 best=0.2552
    shared-adapter[dengue] ep30 val=0.2548 best=0.2548
    shared-adapter[dengue] ep31 val=0.2573 best=0.2548
    shared-adapter[dengue] ep32 val=0.2564 best=0.2548
    shared-adapter[dengue] ep33 val=0.2573 best=0.2548
    shared-adapter[dengue] ep34 val=0.2579 best=0.2548
    shared-adapter[dengue] ep35 val=0.2551 best=0.2548
    shared-adapter[dengue] ep36 val=0.2563 best=0.2548
    shared-adapter[dengue] ep37 val=0.2559 best=0.2548
    shared-adapter[dengue] ep38 val=0.2557 best=0.2548
    shared-adapter[dengue] ep39 val=0.2561 best=0.2548
    shared-adapter[dengue] ep40 val=0.2554 best=0.2548
    shared-adapter[dengue] ep41 val=0.2546 best=0.2546
    shared-adapter[dengue] ep42 val=0.2547 best=0.2546
    shared-adapter[dengue] ep43 val=0.2561 best=0.2546
    shared-adapter[dengue] ep44 val=0.2555 best=0.2546
    shared-adapter[dengue] ep45 val=0.2558 best=0.2546
    shared-adapter[dengue] ep46 val=0.2576 best=0.2546
    shared-adapter[dengue] ep47 val=0.2555 best=0.2546
    shared-adapter[dengue] ep48 val=0.2559 best=0.2546
    shared-adapter[dengue] ep49 val=0.2556 best=0.2546
    shared-adapter[dengue] ep50 val=0.2554 best=0.2546
    shared-adapter[dengue] ep51 val=0.2551 best=0.2546
    shared-adapter[dengue] ep52 val=0.2558 best=0.2546
    shared-adapter[dengue] ep53 val=0.2570 best=0.2546
    shared-adapter[dengue] ep54 val=0.2555 best=0.2546
    shared-adapter[dengue] ep55 val=0.2545 best=0.2545
    shared-adapter[dengue] ep56 val=0.2562 best=0.2545
    shared-adapter[dengue] ep57 val=0.2559 best=0.2545
    shared-adapter[dengue] ep58 val=0.2557 best=0.2545
    shared-adapter[dengue] ep59 val=0.2560 best=0.2545
    shared-adapter[dengue] ep60 val=0.2557 best=0.2545
    shared-adapter[dengue] ep61 val=0.2554 best=0.2545
    shared-adapter[dengue] ep62 val=0.2550 best=0.2545
    shared-adapter[dengue] ep63 val=0.2556 best=0.2545
    shared-adapter[dengue] ep64 val=0.2561 best=0.2545
    shared-adapter[dengue] ep65 val=0.2555 best=0.2545
    shared-adapter[dengue] ep66 val=0.2554 best=0.2545
    shared-adapter[dengue] ep67 val=0.2562 best=0.2545
    shared-adapter[dengue] ep68 val=0.2558 best=0.2545
    shared-adapter[dengue] ep69 val=0.2558 best=0.2545
    shared-adapter[dengue] ep70 val=0.2558 best=0.2545
[seed 72] scored; results\misc\anil_ldo3dengue_affine_anil.json updated (4 seeds)

=== fold=dengue arm=anil surface=affine, 4 seeds ===

reference: LDO3 freeze-then-adapt (dengue held out) (freeze-then-adapt, LDO3 fold of the same name, same seeds and scorer)
delta% = (reference_rmse - arm_rmse) / |reference_rmse| x 100; positive = arm better; units = per cent of reference RMSE (country-macro, count space)

cell                          n   mean d%      sd               95% CI   verdict
dengue|h10                    4      -0.1     0.3         [-0.6, +0.4]   within noise
dengue|h15                    4      -0.1     0.1         [-0.3, +0.1]   within noise
dengue|h3                     4      -0.9     2.9         [-5.5, +3.6]   within noise
dengue|h5                     4      +0.1     1.8         [-2.9, +3.0]   within noise

0 of 4 cells significantly better than LDO3 freeze-then-adapt (dengue held out), 0 significantly worse.

wrote results\misc\anil_ldo3dengue_affine_anil_summary.json

wrote results\misc\anil_ldo3dengue_affine_anil.json
ABLATION ONLY. This is an ablation of the adaptation procedure, not a headline, and that does not change if the sign is positive.
Report with ALL of: (1) episodes here DO vary disease -- meta-train ['influenza_japan', 'influenza_us-regions', 'influenza_us-states', 'covid_us-states'] over 4 panels, held out ['dengue'] -- which answers D13's objection for this fold but NOT for the dengue2flu run, so do not read this back onto that table; (2) warm start, so this is meta-FINE-TUNING; (3) the meta-test fits a fresh adapter on FULL train folds, so nothing here measures few-shot; (4) the surface was selected on h15, where the Ebola primary arm has zero adaptation pairs.

===== anil dengue seed82 control :: 2026-09-04 10:17:31 =====
[preflight] ok: fold=dengue meta-train=['influenza_japan', 'influenza_us-regions', 'influenza_us-states', 'covid_us-states'] -> meta-test=['dengue'], 1 seeds, device cuda, arm=control, surface=affine, target lag 12 origins, second_order=True, warm_start=True
[resume] already scored: [42, 52, 62, 72]
[anil] seed 82 arm=control surface=affine: warm start from results\lodo\encoder_ldo3__dengue__seed82__ckpt.pt
    anil(82,control) upd   100 train=0.2842 (0.1 min, 0 skipped)
    anil(82,control) upd   200 train=0.1603 (0.2 min, 0 skipped)
    anil(82,control) upd   250 val=0.1464 best=0.1464 (0.2 min)
    anil(82,control) upd   300 train=0.1225 (0.3 min, 0 skipped)
    anil(82,control) upd   400 train=0.1171 (0.3 min, 0 skipped)
    anil(82,control) upd   500 val=0.1365 best=0.1365 (0.4 min)
    anil(82,control) upd   600 train=0.1081 (0.5 min, 0 skipped)
    anil(82,control) upd   700 train=0.0971 (0.6 min, 0 skipped)
    anil(82,control) upd   750 val=0.1325 best=0.1325 (0.6 min)
    anil(82,control) upd   800 train=0.0954 (0.7 min, 0 skipped)
    anil(82,control) upd   900 train=0.0927 (0.8 min, 0 skipped)
    anil(82,control) upd  1000 val=0.1306 best=0.1306 (0.9 min)
    anil(82,control) upd  1100 train=0.0949 (0.9 min, 0 skipped)
    anil(82,control) upd  1200 train=0.0912 (1.0 min, 0 skipped)
    anil(82,control) upd  1250 val=0.1290 best=0.1290 (1.1 min)
    anil(82,control) upd  1300 train=0.0891 (1.1 min, 0 skipped)
    anil(82,control) upd  1400 train=0.0951 (1.2 min, 0 skipped)
    anil(82,control) upd  1500 val=0.1303 best=0.1290 (1.3 min)
    anil(82,control) upd  1600 train=0.0896 (1.4 min, 0 skipped)
    anil(82,control) upd  1700 train=0.0862 (1.5 min, 0 skipped)
    anil(82,control) upd  1750 val=0.1276 best=0.1276 (1.5 min)
    anil(82,control) upd  1800 train=0.0940 (1.5 min, 0 skipped)
    anil(82,control) upd  1900 train=0.0967 (1.6 min, 0 skipped)
    anil(82,control) upd  2000 val=0.1293 best=0.1276 (1.7 min)
    anil(82,control) upd  2100 train=0.0897 (1.8 min, 0 skipped)
    anil(82,control) upd  2200 train=0.0909 (1.9 min, 0 skipped)
    anil(82,control) upd  2250 val=0.1271 best=0.1271 (1.9 min)
    anil(82,control) upd  2300 train=0.0836 (2.0 min, 0 skipped)
    anil(82,control) upd  2400 train=0.0841 (2.1 min, 0 skipped)
    anil(82,control) upd  2500 val=0.1284 best=0.1271 (2.2 min)
    anil(82,control) upd  2600 train=0.0805 (2.2 min, 0 skipped)
    anil(82,control) upd  2700 train=0.0877 (2.3 min, 0 skipped)
    anil(82,control) upd  2750 val=0.1282 best=0.1271 (2.4 min)
    anil(82,control) upd  2800 train=0.0897 (2.4 min, 0 skipped)
    anil(82,control) upd  2900 train=0.0922 (2.5 min, 0 skipped)
    anil(82,control) upd  3000 val=0.1296 best=0.1271 (2.6 min)
    anil(82,control) upd  3100 train=0.0817 (2.7 min, 0 skipped)
    anil(82,control) upd  3200 train=0.0887 (2.8 min, 0 skipped)
    anil(82,control) upd  3250 val=0.1275 best=0.1271 (2.8 min)
    anil(82,control) upd  3300 train=0.0830 (2.8 min, 0 skipped)
    anil(82,control) upd  3400 train=0.0824 (2.9 min, 0 skipped)
    anil(82,control) upd  3500 val=0.1293 best=0.1271 (3.0 min)
    anil(82,control) upd  3600 train=0.0847 (3.1 min, 0 skipped)
    anil(82,control) upd  3700 train=0.0881 (3.2 min, 0 skipped)
    anil(82,control) upd  3750 val=0.1285 best=0.1271 (3.2 min)
    anil(82,control) upd  3800 train=0.0803 (3.3 min, 0 skipped)
    anil(82,control) upd  3900 train=0.0841 (3.4 min, 0 skipped)
    anil(82,control) upd  4000 val=0.1299 best=0.1271 (3.5 min)
    anil(82,control) upd  4100 train=0.0898 (3.5 min, 0 skipped)
    anil(82,control) upd  4200 train=0.0864 (3.6 min, 0 skipped)
    anil(82,control) upd  4250 val=0.1292 best=0.1271 (3.7 min)
    anil(82,control) early stop at update 4250
    shared-adapter[dengue] ep00 val=0.2704 best=0.2704
    shared-adapter[dengue] ep01 val=0.2631 best=0.2631
    shared-adapter[dengue] ep02 val=0.2638 best=0.2631
    shared-adapter[dengue] ep03 val=0.2614 best=0.2614
    shared-adapter[dengue] ep04 val=0.2597 best=0.2597
    shared-adapter[dengue] ep05 val=0.2602 best=0.2597
    shared-adapter[dengue] ep06 val=0.2580 best=0.2580
    shared-adapter[dengue] ep07 val=0.2578 best=0.2578
    shared-adapter[dengue] ep08 val=0.2604 best=0.2578
    shared-adapter[dengue] ep09 val=0.2572 best=0.2572
    shared-adapter[dengue] ep10 val=0.2552 best=0.2552
    shared-adapter[dengue] ep11 val=0.2584 best=0.2552
    shared-adapter[dengue] ep12 val=0.2567 best=0.2552
    shared-adapter[dengue] ep13 val=0.2608 best=0.2552
    shared-adapter[dengue] ep14 val=0.2568 best=0.2552
    shared-adapter[dengue] ep15 val=0.2561 best=0.2552
    shared-adapter[dengue] ep16 val=0.2577 best=0.2552
    shared-adapter[dengue] ep17 val=0.2543 best=0.2543
    shared-adapter[dengue] ep18 val=0.2590 best=0.2543
    shared-adapter[dengue] ep19 val=0.2585 best=0.2543
    shared-adapter[dengue] ep20 val=0.2587 best=0.2543
    shared-adapter[dengue] ep21 val=0.2564 best=0.2543
    shared-adapter[dengue] ep22 val=0.2566 best=0.2543
    shared-adapter[dengue] ep23 val=0.2563 best=0.2543
    shared-adapter[dengue] ep24 val=0.2578 best=0.2543
    shared-adapter[dengue] ep25 val=0.2569 best=0.2543
    shared-adapter[dengue] ep26 val=0.2579 best=0.2543
    shared-adapter[dengue] ep27 val=0.2584 best=0.2543
    shared-adapter[dengue] ep28 val=0.2568 best=0.2543
    shared-adapter[dengue] ep29 val=0.2553 best=0.2543
    shared-adapter[dengue] ep30 val=0.2566 best=0.2543
    shared-adapter[dengue] ep31 val=0.2578 best=0.2543
    shared-adapter[dengue] ep32 val=0.2565 best=0.2543
[seed 82] scored; results\misc\anil_ldo3dengue_affine_control.json updated (5 seeds)

=== fold=dengue arm=control surface=affine, 5 seeds ===

reference: LDO3 freeze-then-adapt (dengue held out) (freeze-then-adapt, LDO3 fold of the same name, same seeds and scorer)
delta% = (reference_rmse - arm_rmse) / |reference_rmse| x 100; positive = arm better; units = per cent of reference RMSE (country-macro, count space)

cell                          n   mean d%      sd               95% CI   verdict
dengue|h10                    5      -0.1     0.4         [-0.6, +0.4]   within noise
dengue|h15                    5      +0.0     0.3         [-0.3, +0.3]   within noise
dengue|h3                     5      -0.0     3.4         [-4.2, +4.2]   within noise
dengue|h5                     5      +0.5     2.2         [-2.2, +3.2]   within noise

0 of 4 cells significantly better than LDO3 freeze-then-adapt (dengue held out), 0 significantly worse.

wrote results\misc\anil_ldo3dengue_affine_control_summary.json

wrote results\misc\anil_ldo3dengue_affine_control.json
ABLATION ONLY. This is an ablation of the adaptation procedure, not a headline, and that does not change if the sign is positive.
Report with ALL of: (1) episodes here DO vary disease -- meta-train ['influenza_japan', 'influenza_us-regions', 'influenza_us-states', 'covid_us-states'] over 4 panels, held out ['dengue'] -- which answers D13's objection for this fold but NOT for the dengue2flu run, so do not read this back onto that table; (2) warm start, so this is meta-FINE-TUNING; (3) the meta-test fits a fresh adapter on FULL train folds, so nothing here measures few-shot; (4) the surface was selected on h15, where the Ebola primary arm has zero adaptation pairs.

===== anil dengue seed82 anil :: 2026-09-04 10:52:11 =====
[preflight] ok: fold=dengue meta-train=['influenza_japan', 'influenza_us-regions', 'influenza_us-states', 'covid_us-states'] -> meta-test=['dengue'], 1 seeds, device cuda, arm=anil, surface=affine, target lag 12 origins, second_order=True, warm_start=True
[resume] already scored: [42, 52, 62, 72]
[anil] seed 82 arm=anil surface=affine: warm start from results\lodo\encoder_ldo3__dengue__seed82__ckpt.pt
    anil(82,anil) upd   100 train=0.2931 (0.1 min, 0 skipped)
    anil(82,anil) upd   200 train=0.1795 (0.2 min, 0 skipped)
    anil(82,anil) upd   250 val=0.1646 best=0.1646 (0.3 min)
    anil(82,anil) upd   300 train=0.1358 (0.4 min, 0 skipped)
    anil(82,anil) upd   400 train=0.1234 (0.5 min, 0 skipped)
    anil(82,anil) upd   500 val=0.1419 best=0.1419 (0.6 min)
    anil(82,anil) upd   600 train=0.1153 (0.7 min, 0 skipped)
    anil(82,anil) upd   700 train=0.1028 (0.8 min, 0 skipped)
    anil(82,anil) upd   750 val=0.1356 best=0.1356 (0.9 min)
    anil(82,anil) upd   800 train=0.0999 (0.9 min, 0 skipped)
    anil(82,anil) upd   900 train=0.0952 (1.0 min, 0 skipped)
    anil(82,anil) upd  1000 val=0.1309 best=0.1309 (1.2 min)
    anil(82,anil) upd  1100 train=0.0990 (1.3 min, 0 skipped)
    anil(82,anil) upd  1200 train=0.0962 (1.4 min, 0 skipped)
    anil(82,anil) upd  1250 val=0.1317 best=0.1309 (1.5 min)
    anil(82,anil) upd  1300 train=0.0921 (1.5 min, 0 skipped)
    anil(82,anil) upd  1400 train=0.0986 (1.6 min, 0 skipped)
    anil(82,anil) upd  1500 val=0.1347 best=0.1309 (1.8 min)
    anil(82,anil) upd  1600 train=0.0929 (1.9 min, 0 skipped)
    anil(82,anil) upd  1700 train=0.0887 (2.0 min, 0 skipped)
    anil(82,anil) upd  1750 val=0.1303 best=0.1303 (2.0 min)
    anil(82,anil) upd  1800 train=0.0960 (2.1 min, 0 skipped)
    anil(82,anil) upd  1900 train=0.0969 (2.2 min, 0 skipped)
    anil(82,anil) upd  2000 val=0.1291 best=0.1291 (2.3 min)
    anil(82,anil) upd  2100 train=0.0892 (2.4 min, 0 skipped)
    anil(82,anil) upd  2200 train=0.0915 (2.6 min, 0 skipped)
    anil(82,anil) upd  2250 val=0.1272 best=0.1272 (2.6 min)
    anil(82,anil) upd  2300 train=0.0864 (2.7 min, 0 skipped)
    anil(82,anil) upd  2400 train=0.0865 (2.8 min, 0 skipped)
    anil(82,anil) upd  2500 val=0.1322 best=0.1272 (2.9 min)
    anil(82,anil) upd  2600 train=0.0822 (3.0 min, 0 skipped)
    anil(82,anil) upd  2700 train=0.0866 (3.1 min, 0 skipped)
    anil(82,anil) upd  2750 val=0.1305 best=0.1272 (3.2 min)
    anil(82,anil) upd  2800 train=0.0917 (3.3 min, 0 skipped)
    anil(82,anil) upd  2900 train=0.0918 (3.4 min, 0 skipped)
    anil(82,anil) upd  3000 val=0.1297 best=0.1272 (3.5 min)
    anil(82,anil) upd  3100 train=0.0849 (3.6 min, 0 skipped)
    anil(82,anil) upd  3200 train=0.0916 (3.7 min, 0 skipped)
    anil(82,anil) upd  3250 val=0.1272 best=0.1272 (3.8 min)
    anil(82,anil) upd  3300 train=0.0816 (3.8 min, 0 skipped)
    anil(82,anil) upd  3400 train=0.0850 (3.9 min, 0 skipped)
    anil(82,anil) upd  3500 val=0.1297 best=0.1272 (4.1 min)
    anil(82,anil) upd  3600 train=0.0863 (4.2 min, 0 skipped)
    anil(82,anil) upd  3700 train=0.0895 (4.3 min, 0 skipped)
    anil(82,anil) upd  3750 val=0.1289 best=0.1272 (4.4 min)
    anil(82,anil) upd  3800 train=0.0815 (4.4 min, 0 skipped)
    anil(82,anil) upd  3900 train=0.0849 (4.5 min, 0 skipped)
    anil(82,anil) upd  4000 val=0.1294 best=0.1272 (4.7 min)
    anil(82,anil) upd  4100 train=0.0880 (4.8 min, 0 skipped)
    anil(82,anil) upd  4200 train=0.0891 (4.9 min, 0 skipped)
    anil(82,anil) upd  4250 val=0.1298 best=0.1272 (5.0 min)
    anil(82,anil) upd  4300 train=0.0855 (5.0 min, 0 skipped)
    anil(82,anil) upd  4400 train=0.0866 (5.1 min, 0 skipped)
    anil(82,anil) upd  4500 val=0.1296 best=0.1272 (5.2 min)
    anil(82,anil) upd  4600 train=0.0898 (5.4 min, 0 skipped)
    anil(82,anil) upd  4700 train=0.0859 (5.5 min, 0 skipped)
    anil(82,anil) upd  4750 val=0.1295 best=0.1272 (5.5 min)
    anil(82,anil) upd  4800 train=0.0886 (5.6 min, 0 skipped)
    anil(82,anil) upd  4900 train=0.0785 (5.7 min, 0 skipped)
    anil(82,anil) upd  5000 val=0.1294 best=0.1272 (5.8 min)
    anil(82,anil) upd  5100 train=0.0837 (5.9 min, 0 skipped)
    anil(82,anil) upd  5200 train=0.0870 (6.0 min, 0 skipped)
    anil(82,anil) upd  5250 val=0.1285 best=0.1272 (6.1 min)
    anil(82,anil) early stop at update 5250
    shared-adapter[dengue] ep00 val=0.2699 best=0.2699
    shared-adapter[dengue] ep01 val=0.2626 best=0.2626
    shared-adapter[dengue] ep02 val=0.2636 best=0.2626
    shared-adapter[dengue] ep03 val=0.2611 best=0.2611
    shared-adapter[dengue] ep04 val=0.2597 best=0.2597
    shared-adapter[dengue] ep05 val=0.2602 best=0.2597
    shared-adapter[dengue] ep06 val=0.2581 best=0.2581
    shared-adapter[dengue] ep07 val=0.2578 best=0.2578
    shared-adapter[dengue] ep08 val=0.2605 best=0.2578
    shared-adapter[dengue] ep09 val=0.2575 best=0.2575
    shared-adapter[dengue] ep10 val=0.2553 best=0.2553
    shared-adapter[dengue] ep11 val=0.2584 best=0.2553
    shared-adapter[dengue] ep12 val=0.2568 best=0.2553
    shared-adapter[dengue] ep13 val=0.2609 best=0.2553
    shared-adapter[dengue] ep14 val=0.2568 best=0.2553
    shared-adapter[dengue] ep15 val=0.2560 best=0.2553
    shared-adapter[dengue] ep16 val=0.2577 best=0.2553
    shared-adapter[dengue] ep17 val=0.2543 best=0.2543
    shared-adapter[dengue] ep18 val=0.2589 best=0.2543
    shared-adapter[dengue] ep19 val=0.2587 best=0.2543
    shared-adapter[dengue] ep20 val=0.2589 best=0.2543
    shared-adapter[dengue] ep21 val=0.2567 best=0.2543
    shared-adapter[dengue] ep22 val=0.2567 best=0.2543
    shared-adapter[dengue] ep23 val=0.2564 best=0.2543
    shared-adapter[dengue] ep24 val=0.2580 best=0.2543
    shared-adapter[dengue] ep25 val=0.2571 best=0.2543
    shared-adapter[dengue] ep26 val=0.2583 best=0.2543
    shared-adapter[dengue] ep27 val=0.2589 best=0.2543
    shared-adapter[dengue] ep28 val=0.2575 best=0.2543
    shared-adapter[dengue] ep29 val=0.2556 best=0.2543
    shared-adapter[dengue] ep30 val=0.2571 best=0.2543
    shared-adapter[dengue] ep31 val=0.2580 best=0.2543
    shared-adapter[dengue] ep32 val=0.2567 best=0.2543
[seed 82] scored; results\misc\anil_ldo3dengue_affine_anil.json updated (5 seeds)

=== fold=dengue arm=anil surface=affine, 5 seeds ===

reference: LDO3 freeze-then-adapt (dengue held out) (freeze-then-adapt, LDO3 fold of the same name, same seeds and scorer)
delta% = (reference_rmse - arm_rmse) / |reference_rmse| x 100; positive = arm better; units = per cent of reference RMSE (country-macro, count space)

cell                          n   mean d%      sd               95% CI   verdict
dengue|h10                    5      -0.1     0.3         [-0.4, +0.3]   within noise
dengue|h15                    5      -0.0     0.2         [-0.3, +0.3]   within noise
dengue|h3                     5      -0.1     3.1         [-3.9, +3.7]   within noise
dengue|h5                     5      +0.4     1.8         [-1.8, +2.6]   within noise

0 of 4 cells significantly better than LDO3 freeze-then-adapt (dengue held out), 0 significantly worse.

wrote results\misc\anil_ldo3dengue_affine_anil_summary.json

wrote results\misc\anil_ldo3dengue_affine_anil.json
ABLATION ONLY. This is an ablation of the adaptation procedure, not a headline, and that does not change if the sign is positive.
Report with ALL of: (1) episodes here DO vary disease -- meta-train ['influenza_japan', 'influenza_us-regions', 'influenza_us-states', 'covid_us-states'] over 4 panels, held out ['dengue'] -- which answers D13's objection for this fold but NOT for the dengue2flu run, so do not read this back onto that table; (2) warm start, so this is meta-FINE-TUNING; (3) the meta-test fits a fresh adapter on FULL train folds, so nothing here measures few-shot; (4) the surface was selected on h15, where the Ebola primary arm has zero adaptation pairs.

===== anil report influenza :: 2026-09-04 11:29:16 =====

=== fold=influenza arm=anil surface=affine, 5 seeds ===

reference: LDO3 freeze-then-adapt (influenza held out) (freeze-then-adapt, LDO3 fold of the same name, same seeds and scorer)
delta% = (reference_rmse - arm_rmse) / |reference_rmse| x 100; positive = arm better; units = per cent of reference RMSE (country-macro, count space)

cell                          n   mean d%      sd               95% CI   verdict
influenza_japan|h10           5      -0.6     1.3         [-2.1, +1.0]   within noise
influenza_japan|h15           5      -2.8     2.1         [-5.4, -0.2]   yes
influenza_japan|h3            5     -10.4     7.3        [-19.5, -1.4]   yes
influenza_japan|h5            5      -7.6     9.6        [-19.6, +4.3]   within noise
influenza_us-regions|h10      5      -1.2     5.1         [-7.6, +5.1]   within noise
influenza_us-regions|h15      5      -0.1     4.5         [-5.7, +5.5]   within noise
influenza_us-regions|h3       5      -2.8     9.7        [-14.9, +9.3]   within noise
influenza_us-regions|h5       5      +0.6     8.1        [-9.4, +10.6]   within noise
influenza_us-states|h10       5      +1.2     4.6         [-4.6, +6.9]   within noise
influenza_us-states|h15       5      +0.7     1.4         [-1.0, +2.4]   within noise
influenza_us-states|h3        5      -0.9     2.6         [-4.2, +2.4]   within noise
influenza_us-states|h5        5      -0.7     2.8         [-4.2, +2.8]   within noise

0 of 12 cells significantly better than LDO3 freeze-then-adapt (influenza held out), 2 significantly worse.

wrote results\misc\anil_ldo3influenza_affine_anil_summary.json

===== anil report covid :: 2026-09-04 11:29:19 =====

=== fold=covid arm=anil surface=affine, 5 seeds ===

reference: LDO3 freeze-then-adapt (covid held out) (freeze-then-adapt, LDO3 fold of the same name, same seeds and scorer)
delta% = (reference_rmse - arm_rmse) / |reference_rmse| x 100; positive = arm better; units = per cent of reference RMSE (country-macro, count space)

cell                          n   mean d%      sd               95% CI   verdict
covid_us-states|h10           5      -8.9    18.4       [-31.8, +14.0]   within noise
covid_us-states|h15           5     -68.2    59.5       [-142.0, +5.6]   within noise
covid_us-states|h3            5     -27.8    56.9       [-98.4, +42.7]   within noise
covid_us-states|h5            5     -12.8    31.4       [-51.7, +26.1]   within noise

0 of 4 cells significantly better than LDO3 freeze-then-adapt (covid held out), 0 significantly worse.

wrote results\misc\anil_ldo3covid_affine_anil_summary.json

===== anil report dengue :: 2026-09-04 11:29:22 =====

=== fold=dengue arm=anil surface=affine, 5 seeds ===

reference: LDO3 freeze-then-adapt (dengue held out) (freeze-then-adapt, LDO3 fold of the same name, same seeds and scorer)
delta% = (reference_rmse - arm_rmse) / |reference_rmse| x 100; positive = arm better; units = per cent of reference RMSE (country-macro, count space)

cell                          n   mean d%      sd               95% CI   verdict
dengue|h10                    5      -0.1     0.3         [-0.4, +0.3]   within noise
dengue|h15                    5      -0.0     0.2         [-0.3, +0.3]   within noise
dengue|h3                     5      -0.1     3.1         [-3.9, +3.7]   within noise
dengue|h5                     5      +0.4     1.8         [-1.8, +2.6]   within noise

0 of 4 cells significantly better than LDO3 freeze-then-adapt (dengue held out), 0 significantly worse.

wrote results\misc\anil_ldo3dengue_affine_anil_summary.json
